Date,Open,High,Low,Close,Volume,Dividends,Stock Splits
2000-09-28,16.75,18.5,13.5,14.4062,9400400,0,0
2000-09-29,13.0625,15.125,12.0,15.0,3769500,0,0
2000-10-02,14.375,15.25,13.875,14.625,589500,0,0
2000-10-03,14.6875,14.875,14.0,14.1875,713400,0,0
2000-10-04,14.1875,14.1875,13.4375,13.6875,751500,0,0
2000-10-05,13.6875,15.125,13.0,14.9375,386000,0,0
2000-10-06,14.0,15.75,13.625,15.75,443300,0,0
2000-10-09,14.5,14.9375,13.5625,14.125,221000,0,0
2000-10-10,13.5,15.0,13.0,13.0,190200,0,0
2000-10-11,13.0,13.25,12.0,12.0,341000,0,0
2000-10-12,12.75,12.75,11.875,12.0,223900,0,0
2000-10-13,12.0,12.375,11.875,12.0625,152000,0,0
2000-10-16,12.0,12.375,12.0,12.0,224900,0,0
2000-10-17,12.0,12.3594,10.0,12.0,654800,0,0
2000-10-18,12.0,13.0,12.0,12.625,104500,0,0
2000-10-19,13.0,13.125,12.375,13.0,48300,0,0
2000-10-20,12.7656,13.0,12.5,12.875,60400,0,0
2000-10-23,12.7656,13.0625,12.5,12.5,162300,0,0
2000-10-24,13.0,13.125,12.5625,12.8125,87400,0,0
2000-10-25,12.625,13.125,12.25,12.75,317100,0,0
2000-10-26,12.5,13.0,12.125,13.0,133000,0,0
2000-10-27,12.5,12.625,12.0,12.0,118300,0,0
2000-10-30,12.25,16.3125,12.0,14.125,305100,0,0
2000-10-31,13.5,15.625,13.5,14.9375,318400,0,0
2000-11-01,15.375,15.5,13.125,13.9375,78300,0,0
2000-11-02,13.8125,14.375,13.5,13.625,41400,0,0
2000-11-03,13.625,15.6875,13.625,15.0625,85200,0,0
2000-11-06,15.0625,16.0,14.375,15.8125,126100,0,0
2000-11-07,15.75,16.375,14.4375,14.875,107200,0,0
2000-11-08,14.375,14.75,13.0,13.0,15200,0,0
2000-11-09,13.5,13.625,12.375,12.6875,39500,0,0
2000-11-10,12.6875,12.6875,11.9375,12.1875,174200,0,0
2000-11-13,12.875,12.875,11.9375,12.0625,51700,0,0
2000-11-14,12.0,12.5,11.75,12.25,65000,0,0
2000-11-15,12.0,12.625,11.75,12.0,21600,0,0
2000-11-16,11.875,13.0,10.0,12.3125,76400,0,0
2000-11-17,12.5625,14.375,12.375,14.0,61000,0,0
2000-11-20,14.0,14.25,13.0,13.5,22200,0,0
2000-11-21,13.0,14.5,12.875,14.5,49800,0,0
2000-11-22,15.0,16.0625,14.125,15.375,91900,0,0
2000-11-24,15.3906,15.5,15.25,15.4375,11300,0,0
2000-11-27,15.125,15.4844,13.625,13.9375,26500,0,0
2000-11-28,13.625,13.625,13.125,13.125,54500,0,0
2000-11-29,13.125,13.25,12.875,13.25,58900,0,0
2000-11-30,12.625,13.5,12.625,13.5,37600,0,0
2000-12-01,12.625,13.6875,12.625,13.25,19500,0,0
2000-12-04,13.0,13.625,12.625,13.625,50700,0,0
2000-12-05,12.75,14.6875,10.75,12.75,87400,0,0
2000-12-06,11.875,13.0,11.125,12.625,20800,0,0
2000-12-07,13.0,13.0,11.875,12.0,21200,0,0
2000-12-08,11.9375,14.4375,11.9375,14.25,34200,0,0
2000-12-11,14.0,14.5,13.4375,13.5625,37700,0,0
2000-12-12,12.9375,13.375,12.625,12.8125,26700,0,0
2000-12-13,12.75,13.25,12.5,12.5,6800,0,0
2000-12-14,12.5,12.5,11.625,11.625,12800,0,0
2000-12-15,11.8125,12.375,11.75,11.875,49500,0,0
2000-12-18,12.0,13.125,12.0,13.125,398400,0,0
2000-12-19,12.9375,13.125,12.625,12.875,6700,0,0
2000-12-20,12.375,13.125,12.125,12.75,21700,0,0
2000-12-21,12.5,13.4844,12.125,12.625,23600,0,0
2000-12-22,12.625,13.5,12.375,12.75,31300,0,0
2000-12-26,12.375,13.125,10.0,10.0,51200,0,0
2000-12-27,10.125,10.625,9.0625,9.5,164800,0,0
2000-12-28,9.375,10.25,9.0625,10.125,141800,0,0
2000-12-29,10.5,12.375,10.5,12.0,52400,0,0
2001-01-02,11.8125,12.0469,10.5,11.125,34200,0,0
2001-01-03,10.5,11.1875,10.25,10.5,124300,0,0
2001-01-04,10.375,10.625,9.5,10.0,29100,0,0
2001-01-05,9.625,11.0,9.625,11.0,54700,0,0
2001-01-08,10.375,11.4375,10.375,10.5,37600,0,0
2001-01-09,11.125,11.125,9.9062,10.25,427300,0,0
2001-01-10,10.9844,10.9844,9.0625,9.4375,41900,0,0
2001-01-11,9.4375,9.8125,9.0625,9.375,13900,0,0
2001-01-12,9.875,10.0625,8.875,9.25,19700,0,0
2001-01-16,8.875,9.25,8.625,8.6875,9800,0,0
2001-01-17,8.75,9.0,8.625,8.6875,70200,0,0
2001-01-18,8.5,8.75,8.125,8.625,434700,0,0
2001-01-19,8.9844,9.0,8.0,8.0,9900,0,0
2001-01-22,8.0156,8.125,7.875,8.0,31200,0,0
2001-01-23,7.875,9.3125,7.875,9.3125,56600,0,0
2001-01-24,9.5,9.75,8.75,9.0,166600,0,0
2001-01-25,9.4844,9.4844,8.0,8.0625,130500,0,0
2001-01-26,8.4375,9.25,8.4375,8.6875,60400,0,0
2001-01-29,8.6875,8.9375,8.375,8.375,86300,0,0
2001-01-30,8.375,8.625,8.25,8.625,7200,0,0
2001-01-31,8.25,8.625,8.25,8.625,52500,0,0
2001-02-01,8.9688,9.0,7.9375,7.9375,61400,0,0
2001-02-02,7.9375,8.0,7.75,8.0,8500,0,0
2001-02-05,7.75,7.75,6.5,7.6875,1786100,0,0
2001-02-06,7.375,7.6875,6.5,6.6875,97700,0,0
2001-02-07,6.875,7.0,6.75,6.8125,173600,0,0
2001-02-08,6.8125,6.875,6.25,6.25,96500,0,0
2001-02-09,6.25,6.5,5.75,6.25,73300,0,0
2001-02-12,5.875,6.0,5.75,5.9688,66100,0,0
2001-02-13,5.875,6.25,5.75,5.8125,50500,0,0
2001-02-14,6.25,6.25,5.625,5.9375,101100,0,0
2001-02-15,5.75,6.25,5.75,6.0,274100,0,0
2001-02-16,6.0,6.6094,6.0,6.4375,252500,0,0
2001-02-20,6.6875,6.6875,6.25,6.5,246900,0,0
2001-02-21,6.3125,6.875,6.25,6.875,65100,0,0
2001-02-22,6.5625,6.875,6.5,6.7812,78800,0,0
2001-02-23,6.5312,6.875,6.5,6.875,304300,0,0
2001-02-26,7.3125,7.3125,6.5625,6.875,42800,0,0
2001-02-27,7.3125,7.3125,6.875,7.0,44800,0,0
2001-02-28,7.3125,7.3125,6.875,6.875,600200,0,0
2001-03-01,6.875,7.0938,6.875,7.0,43900,0,0
2001-03-02,6.9375,6.9375,6.875,6.875,9500,0,0
2001-03-05,7.1875,7.25,6.875,6.875,45300,0,0
2001-03-06,7.1094,7.1094,6.875,6.9375,44600,0,0
2001-03-07,6.9375,7.125,6.875,6.875,112700,0,0
2001-03-08,6.875,7.0,6.875,6.9375,37100,0,0
2001-03-09,6.9531,7.0625,6.875,6.875,56000,0,0
2001-03-12,6.9688,7.0,5.625,5.8125,68000,0,0
2001-03-13,6.0,6.625,5.9375,6.125,13900,0,0
2001-03-14,5.875,6.2812,5.75,5.875,6400,0,0
2001-03-15,6.0625,6.0625,5.25,5.25,13100,0,0
2001-03-16,5.125,5.4375,5.125,5.25,8000,0,0
2001-03-19,5.6719,5.6875,4.5,4.5,81500,0,0
2001-03-20,4.75,4.875,3.6875,4.0,61600,0,0
2001-03-21,4.75,5.0,4.0,4.5,22500,0,0
2001-03-22,5.0,5.0,3.75,4.1875,59400,0,0
2001-03-23,4.125,5.0,4.125,4.875,784800,0,0
2001-03-26,4.8594,7.25,4.25,6.125,187600,0,0
2001-03-27,6.375,7.0,5.5,6.2812,113900,0,0
2001-03-28,6.0938,6.75,5.875,6.6875,58700,0,0
2001-03-29,6.6875,6.75,6.1562,6.6875,291500,0,0
2001-03-30,6.625,8.25,6.625,7.5625,334000,0,0
2001-04-02,7.5625,7.6875,6.3125,6.3125,56300,0,0
2001-04-03,6.9688,6.9688,5.5625,5.75,18100,0,0
2001-04-04,5.5,5.875,5.5,5.625,12900,0,0
2001-04-05,5.5,6.1875,5.5,6.0,18200,0,0
2001-04-06,5.75,6.1875,5.75,5.875,1800,0,0
2001-04-09,5.75,6.0,5.75,5.82,4800,0,0
2001-04-10,5.82,6.0,5.5,5.59,158100,0,0
2001-04-11,5.75,6.0,5.5,5.99,15000,0,0
2001-04-12,5.63,6.2,5.5,5.82,343300,0,0
2001-04-16,5.95,6.0,5.55,5.82,14000,0,0
2001-04-17,5.99,6.15,5.91,6.15,9900,0,0
2001-04-18,6.0,6.19,5.9,6.0,69100,0,0
2001-04-19,5.85,6.52,5.85,6.52,20400,0,0
2001-04-20,6.55,6.65,5.95,6.65,8900,0,0
2001-04-23,6.64,6.7,5.97,5.97,19700,0,0
2001-04-24,6.2,6.99,6.2,6.99,26100,0,0
2001-04-25,6.72,6.87,6.0,6.29,19200,0,0
2001-04-26,6.35,6.85,6.32,6.85,4400,0,0
2001-04-27,6.9,6.98,6.23,6.57,27000,0,0
2001-04-30,6.97,8.0,6.97,7.7,73700,0,0
2001-05-01,7.8,8.14,7.5,8.05,121700,0,0
2001-05-02,8.06,8.77,8.01,8.46,109200,0,0
2001-05-03,8.54,8.55,8.0,8.51,169000,0,0
2001-05-04,8.47,8.85,8.36,8.8,35500,0,0
2001-05-07,8.85,8.85,8.12,8.45,33000,0,0
2001-05-08,8.45,8.75,8.26,8.74,17900,0,0
2001-05-09,8.7,8.7,7.78,7.99,200800,0,0
2001-05-10,8.16,8.17,7.77,8.1,81900,0,0
2001-05-11,8.07,8.9,8.07,8.5,42200,0,0
2001-05-14,8.5,9.0,8.26,9.0,41600,0,0
2001-05-15,9.0,9.22,8.3,8.93,126300,0,0
2001-05-16,9.11,9.35,8.3,9.15,123000,0,0
2001-05-17,9.02,9.35,9.02,9.34,216100,0,0
2001-05-18,9.2,9.3,9.05,9.18,38200,0,0
2001-05-21,9.11,9.3,8.59,8.59,88600,0,0
2001-05-22,8.59,9.0,8.48,8.93,28500,0,0
2001-05-23,9.0,9.97,8.98,9.59,100800,0,0
2001-05-24,9.89,9.89,8.38,9.49,143000,0,0
2001-05-25,8.6,10.24,8.6,10.16,121900,0,0
2001-05-29,10.06,10.15,9.67,9.94,139700,0,0
2001-05-30,9.37,10.35,9.3,10.26,267000,0,0
2001-05-31,10.22,10.51,10.05,10.25,299300,0,0
2001-06-01,10.32,11.6,10.22,11.6,291900,0,0
2001-06-04,12.03,12.1,11.33,11.75,179800,0,0
2001-06-05,12.09,12.15,11.6,11.69,105700,0,0
2001-06-06,11.7,12.84,11.59,12.75,148500,0,0
2001-06-07,12.5,13.35,12.5,13.21,328100,0,0
2001-06-08,13.33,13.58,13.25,13.45,148900,0,0
2001-06-11,13.4,14.19,12.96,13.8,105200,0,0
2001-06-12,13.78,13.79,13.06,13.2,44400,0,0
2001-06-13,13.69,13.69,13.15,13.17,60200,0,0
2001-06-14,13.15,13.35,13.15,13.35,67700,0,0
2001-06-15,13.15,13.35,13.15,13.28,25900,0,0
2001-06-18,13.64,13.73,13.16,13.65,161400,0,0
2001-06-19,13.67,14.41,13.6,14.0,133400,0,0
2001-06-20,14.08,14.68,13.85,13.85,179700,0,0
2001-06-21,13.87,14.0,13.63,13.86,86900,0,0
2001-06-22,13.84,13.85,12.75,13.23,362100,0,0
2001-06-25,13.09,13.19,12.5,12.7,147900,0,0
2001-06-26,12.51,12.51,10.31,11.04,118500,0,0
2001-06-27,11.15,11.49,10.0,11.49,74300,0,0
2001-06-28,11.79,12.05,10.94,11.03,111200,0,0
2001-06-29,11.51,13.0,10.99,13.0,639600,0,0
2001-07-02,11.51,12.1,11.49,12.01,115300,0,0
2001-07-03,11.94,12.05,11.65,11.97,37800,0,0
2001-07-05,11.95,12.04,11.7,11.86,26300,0,0
2001-07-06,11.85,12.05,11.84,11.95,55800,0,0
2001-07-09,11.91,12.2,11.85,12.04,174300,0,0
2001-07-10,11.93,12.05,11.77,11.77,42600,0,0
2001-07-11,11.77,11.91,11.28,11.5,73800,0,0
2001-07-12,11.44,11.66,10.76,10.96,23100,0,0
2001-07-13,10.96,11.01,10.8,10.95,42200,0,0
2001-07-16,11.0,11.0,10.0,10.24,53000,0,0
2001-07-17,10.22,10.28,10.1,10.28,36200,0,0
2001-07-18,10.17,10.23,10.02,10.05,33600,0,0
2001-07-19,10.2,10.25,10.05,10.24,143000,0,0
2001-07-20,10.31,10.35,10.02,10.03,15400,0,0
2001-07-23,10.17,10.29,10.06,10.14,44600,0,0
2001-07-24,10.26,10.26,9.0,9.43,49900,0,0
2001-07-25,9.11,9.5,9.03,9.5,51200,0,0
2001-07-26,9.49,9.63,9.37,9.57,27800,0,0
2001-07-27,9.6,9.6,9.45,9.5,12400,0,0
2001-07-30,9.27,9.53,9.27,9.41,15900,0,0
2001-07-31,9.44,10.0,9.4,9.94,52900,0,0
2001-08-01,9.94,10.25,9.49,10.01,46700,0,0
2001-08-02,10.0,10.05,9.39,9.58,33900,0,0
2001-08-03,9.62,9.64,8.94,9.6,1279500,0,0
2001-08-06,9.15,9.69,9.15,9.54,2700,0,0
2001-08-07,9.16,9.66,9.16,9.24,5300,0,0
2001-08-08,9.15,9.71,9.15,9.51,10100,0,0
2001-08-09,9.79,9.81,9.27,9.75,30200,0,0
2001-08-10,9.84,10.05,9.36,9.36,270200,0,0
2001-08-13,9.94,9.94,9.1,9.22,28500,0,0
2001-08-14,9.3,10.05,9.21,9.99,24200,0,0
2001-08-15,9.8,10.25,9.77,10.09,72700,0,0
2001-08-16,10.03,10.79,10.03,10.5,34800,0,0
2001-08-17,10.67,10.74,10.23,10.23,35400,0,0
2001-08-20,10.1,10.55,10.1,10.3,26400,0,0
2001-08-21,10.26,10.28,9.96,10.2,16100,0,0
2001-08-22,9.89,10.33,9.89,10.33,15200,0,0
2001-08-23,10.1,10.1,8.86,8.96,243000,0,0
2001-08-24,9.1,9.1,8.5,8.5,86700,0,0
2001-08-27,8.74,9.29,8.6,9.15,127200,0,0
2001-08-28,9.15,9.3,8.74,8.8,21300,0,0
2001-08-29,8.74,9.09,8.73,8.75,14500,0,0
2001-08-30,8.66,8.8,6.9,7.25,122400,0,0
2001-08-31,7.43,8.3,6.85,6.86,69300,0,0
2001-09-04,7.65,7.7,7.15,7.3,126000,0,0
2001-09-05,7.51,7.57,6.3,6.4,387700,0,0
2001-09-06,6.6,7.09,6.54,6.82,861000,0,0
2001-09-07,6.81,7.3,6.72,7.0,120500,0,0
2001-09-10,7.1,7.1,6.77,6.95,108400,0,0
2001-09-17,6.8,7.3,6.6,7.07,29700,0,0
2001-09-18,7.07,7.07,6.51,7.0,42400,0,0
2001-09-19,7.05,7.35,6.76,7.35,33900,0,0
2001-09-20,7.39,7.49,6.98,7.4,400200,0,0
2001-09-21,7.0,7.23,6.75,7.12,92900,0,0
2001-09-24,7.35,7.4,6.94,7.2,490700,0,0
2001-09-25,7.15,7.9,7.15,7.9,145600,0,0
2001-09-26,7.87,7.95,7.3,7.5,108200,0,0
2001-09-27,7.44,8.39,7.4,8.39,45700,0,0
2001-09-28,8.39,10.05,8.15,9.68,277700,0,0
2001-10-01,9.49,9.49,8.5,8.62,41600,0,0
2001-10-02,8.56,9.25,7.89,8.1,29200,0,0
2001-10-03,8.0,8.25,7.73,7.74,32300,0,0
2001-10-04,8.1,8.18,7.5,7.5,77300,0,0
2001-10-05,7.5,8.18,7.41,8.18,6200,0,0
2001-10-08,8.05,8.37,8.05,8.15,9600,0,0
2001-10-09,8.09,8.15,7.85,8.15,6500,0,0
2001-10-10,8.24,8.25,7.59,8.19,26900,0,0
2001-10-11,8.25,8.5,7.79,8.15,21700,0,0
2001-10-12,8.0,8.35,7.76,8.3,14700,0,0
2001-10-15,8.01,8.35,8.01,8.35,51700,0,0
2001-10-16,8.1,8.5,8.09,8.42,50200,0,0
2001-10-17,8.2,8.43,7.2,7.2,65300,0,0
2001-10-18,7.2,8.19,7.18,7.55,74600,0,0
2001-10-19,7.5,8.05,7.5,7.62,18100,0,0
2001-10-22,8.05,8.05,7.55,7.9,39400,0,0
2001-10-23,8.05,8.15,7.86,8.05,14800,0,0
2001-10-24,8.1,8.1,7.5,7.52,26600,0,0
2001-10-25,7.55,7.85,7.39,7.82,165200,0,0
2001-10-26,7.9,8.35,7.6,8.24,105000,0,0
2001-10-29,8.24,8.25,7.71,7.75,88300,0,0
2001-10-30,7.82,7.82,7.4,7.6,248400,0,0
2001-10-31,7.81,7.82,7.4,7.4,226900,0,0
2001-11-01,7.4,7.48,7.3,7.48,60800,0,0
2001-11-02,7.5,7.5,7.05,7.07,85500,0,0
2001-11-05,7.3,7.3,6.9,6.99,55100,0,0
2001-11-06,6.99,7.05,6.85,6.86,77100,0,0
2001-11-07,6.84,7.41,6.75,7.32,35700,0,0
2001-11-08,7.32,7.4,6.7,6.95,78800,0,0
2001-11-09,7.2,7.2,6.7,6.72,30100,0,0
2001-11-12,7.05,7.05,6.75,6.99,184000,0,0
2001-11-13,6.83,7.0,6.83,7.0,114200,0,0
2001-11-14,7.1,7.68,7.06,7.6,83200,0,0
2001-11-15,7.6,7.74,7.35,7.6,156900,0,0
2001-11-16,7.63,9.09,7.44,8.55,271700,0,0
2001-11-19,8.55,8.6,8.15,8.46,34800,0,0
2001-11-20,8.59,9.47,8.39,9.25,79600,0,0
2001-11-21,9.1,10.71,9.1,10.3,92700,0,0
2001-11-23,10.7,10.95,10.5,10.95,31600,0,0
2001-11-26,10.85,10.85,10.29,10.64,103700,0,0
2001-11-27,10.6,10.78,10.25,10.57,38500,0,0
2001-11-28,10.29,10.67,10.25,10.4,62300,0,0
2001-11-29,10.31,10.65,10.3,10.64,80500,0,0
2001-11-30,10.65,11.36,10.48,11.21,150500,0,0
2001-12-03,11.0,13.35,11.0,11.9,362500,0,0
2001-12-04,12.06,12.25,11.47,11.98,74700,0,0
2001-12-05,11.99,12.22,11.7,12.0,88200,0,0
2001-12-06,12.03,12.05,11.73,11.99,67900,0,0
2001-12-07,12.0,12.05,11.84,11.89,39800,0,0
2001-12-10,11.95,12.0,11.84,11.84,22400,0,0
2001-12-11,11.92,12.09,11.56,11.67,132600,0,0
2001-12-12,11.65,12.02,11.65,12.0,37700,0,0
2001-12-13,11.88,12.03,11.8,11.8,65800,0,0
2001-12-14,12.02,12.05,11.84,12.04,29200,0,0
2001-12-17,12.0,12.05,11.72,11.9,70700,0,0
2001-12-18,12.0,12.0,11.81,12.0,24200,0,0
2001-12-19,11.91,12.05,11.7,11.7,53900,0,0
2001-12-20,11.7,11.9,11.29,11.63,75500,0,0
2001-12-21,12.0,12.09,10.7,11.5,210800,0,0
2001-12-24,11.45,11.45,11.21,11.31,16500,0,0
2001-12-26,11.55,11.58,11.1,11.33,36400,0,0
2001-12-27,11.33,11.6,11.15,11.25,47600,0,0
2001-12-28,11.54,11.54,10.95,10.99,52000,0,0
2001-12-31,11.02,11.6,11.02,11.59,49300,0,0
2002-01-02,11.44,11.56,10.76,11.05,82100,0,0
2002-01-03,11.19,11.31,10.85,10.95,91400,0,0
2002-01-04,10.55,10.7,10.3,10.65,58900,0,0
2002-01-07,10.65,11.42,10.56,11.11,49500,0,0
2002-01-08,11.13,11.55,11.13,11.52,55100,0,0
2002-01-09,11.51,11.65,11.4,11.6,224400,0,0
2002-01-10,11.5,11.6,11.04,11.48,54500,0,0
2002-01-11,11.59,11.6,11.11,11.29,36500,0,0
2002-01-14,11.2,11.82,10.6,11.38,316600,0,0
2002-01-15,11.06,11.47,11.05,11.47,88000,0,0
2002-01-16,11.5,11.51,10.83,11.0,302600,0,0
2002-01-17,11.22,11.34,10.95,11.09,72900,0,0
2002-01-18,11.09,11.56,11.09,11.16,38700,0,0
2002-01-22,11.3,11.5,11.0,11.2,30000,0,0
2002-01-23,11.38,11.39,11.01,11.25,13500,0,0
2002-01-24,11.0,11.3,10.9,10.91,10400,0,0
2002-01-25,10.87,10.87,10.3,10.3,28200,0,0
2002-01-28,10.26,10.5,10.0,10.05,57800,0,0
2002-01-29,10.0,10.3,10.0,10.1,30900,0,0
2002-01-30,10.12,10.5,10.12,10.42,152700,0,0
2002-01-31,10.31,10.6,8.8,8.9,139400,0,0
2002-02-01,8.8,9.45,8.76,9.18,63900,0,0
2002-02-04,9.2,9.32,8.99,9.0,41200,0,0
2002-02-05,9.0,9.26,8.98,8.98,19100,0,0
2002-02-06,9.09,9.09,8.95,9.0,28600,0,0
2002-02-07,9.0,9.25,8.95,9.03,45900,0,0
2002-02-08,9.04,9.35,9.03,9.35,13200,0,0
2002-02-11,9.39,9.4,8.95,9.19,30600,0,0
2002-02-12,9.0,9.12,8.95,9.0,14100,0,0
2002-02-13,8.95,8.97,7.6,7.7,573800,0,0
2002-02-14,7.66,7.66,6.97,7.25,123800,0,0
2002-02-15,7.38,7.53,7.22,7.47,41200,0,0
2002-02-19,7.44,8.11,7.21,7.79,89100,0,0
2002-02-20,7.8,8.25,7.4,7.9,342600,0,0
2002-02-21,8.0,8.11,7.36,7.44,41700,0,0
2002-02-22,8.0,8.0,7.35,7.65,90500,0,0
2002-02-25,7.67,7.8,7.13,7.45,84000,0,0
2002-02-26,7.49,7.52,7.19,7.2,33400,0,0
2002-02-27,7.25,7.27,7.02,7.06,18400,0,0
2002-02-28,6.9,7.11,6.7,6.7,376100,0,0
2002-03-01,6.82,6.82,6.65,6.67,180500,0,0
2002-03-04,6.79,7.07,6.65,7.01,904200,0,0
2002-03-05,6.8,7.5,6.8,7.31,162600,0,0
2002-03-06,7.4,7.55,7.35,7.53,93800,0,0
2002-03-07,7.56,7.65,7.4,7.55,372600,0,0
2002-03-08,7.66,7.66,7.51,7.63,124900,0,0
2002-03-11,7.9,7.9,7.35,7.62,94300,0,0
2002-03-12,7.8,7.9,7.67,7.81,76500,0,0
2002-03-13,7.81,7.82,7.53,7.7,20500,0,0
2002-03-14,7.75,7.9,7.6,7.8,79300,0,0
2002-03-15,7.67,8.5,7.6,8.42,313000,0,0
2002-03-18,8.52,9.2,7.77,7.88,268200,0,0
2002-03-19,8.08,8.2,7.9,7.97,194900,0,0
2002-03-20,7.97,8.0,7.78,7.9,95000,0,0
2002-03-21,7.9,8.45,7.9,8.16,50500,0,0
2002-03-22,8.19,8.2,8.0,8.06,84900,0,0
2002-03-25,8.14,8.14,7.05,7.11,114900,0,0
2002-03-26,7.35,7.58,7.06,7.51,81800,0,0
2002-03-27,7.61,8.08,7.61,7.75,236500,0,0
2002-03-28,7.75,8.09,7.56,7.79,55300,0,0
2002-04-01,7.65,7.75,7.37,7.75,49600,0,0
2002-04-02,7.75,8.0,7.43,7.85,42100,0,0
2002-04-03,7.85,8.0,7.43,7.5,36400,0,0
2002-04-04,7.97,7.97,7.55,7.65,5100,0,0
2002-04-05,7.75,7.87,7.45,7.49,17900,0,0
2002-04-08,7.45,7.7,7.4,7.66,18100,0,0
2002-04-09,7.77,7.87,7.5,7.55,36300,0,0
2002-04-10,7.5,8.1,7.5,8.1,138900,0,0
2002-04-11,8.05,8.39,8.0,8.0,94300,0,0
2002-04-12,8.25,8.25,8.02,8.19,68300,0,0
2002-04-15,8.05,8.3,8.05,8.16,98900,0,0
2002-04-16,8.2,8.35,8.2,8.33,92200,0,0
2002-04-17,8.34,8.58,8.34,8.4,33200,0,0
2002-04-18,8.54,8.54,8.38,8.47,24600,0,0
2002-04-19,8.53,8.9,8.52,8.74,31400,0,0
2002-04-22,8.85,9.0,8.54,8.85,107400,0,0
2002-04-23,9.02,9.21,8.8,9.2,190700,0,0
2002-04-24,9.22,9.3,8.84,8.87,126800,0,0
2002-04-25,9.0,9.0,8.07,8.34,47600,0,0
2002-04-26,8.06,8.44,8.06,8.18,31900,0,0
2002-04-29,8.35,8.45,8.21,8.29,38600,0,0
2002-04-30,8.35,8.65,8.26,8.41,110200,0,0
2002-05-01,8.45,9.05,8.45,9.05,55400,0,0
2002-05-02,9.0,9.1,8.51,9.0,46500,0,0
2002-05-03,9.05,9.05,8.81,8.94,21700,0,0
2002-05-06,8.99,9.02,8.42,8.59,66900,0,0
2002-05-07,8.7,8.7,8.5,8.64,27500,0,0
2002-05-08,8.6,8.87,8.59,8.75,55800,0,0
2002-05-09,8.8,8.8,8.58,8.59,32900,0,0
2002-05-10,8.54,8.88,8.54,8.54,42400,0,0
2002-05-13,8.54,8.76,8.54,8.76,31000,0,0
2002-05-14,8.8,9.0,8.7,8.73,63900,0,0
2002-05-15,8.72,8.85,8.66,8.75,88800,0,0
2002-05-16,8.84,8.85,8.75,8.81,21500,0,0
2002-05-17,8.8,8.85,8.36,8.69,91900,0,0
2002-05-20,8.55,8.95,8.55,8.73,63300,0,0
2002-05-21,8.73,8.83,8.47,8.56,33000,0,0
2002-05-22,8.45,8.84,8.1,8.15,55200,0,0
2002-05-23,8.15,8.25,7.98,8.02,166000,0,0
2002-05-24,7.95,8.12,7.63,7.65,18500,0,0
2002-05-28,7.66,7.9,6.87,7.26,55200,0,0
2002-05-29,7.05,7.26,6.99,6.99,118000,0,0
2002-05-30,7.04,7.24,6.81,7.0,32100,0,0
2002-05-31,7.24,7.27,6.88,7.0,22700,0,0
2002-06-03,7.25,7.25,6.95,7.0,28200,0,0
2002-06-04,7.06,7.2,6.67,6.79,78300,0,0
2002-06-05,6.69,6.85,6.15,6.25,57900,0,0
2002-06-06,6.22,6.22,5.67,5.9,72400,0,0
2002-06-07,5.97,6.15,5.7,6.15,40500,0,0
2002-06-10,6.0,6.55,6.0,6.22,30000,0,0
2002-06-11,6.45,6.55,6.26,6.54,65400,0,0
2002-06-12,6.5,6.73,6.3,6.41,30300,0,0
2002-06-13,6.62,6.74,6.22,6.6,27900,0,0
2002-06-14,6.78,6.95,6.2,6.95,32900,0,0
2002-06-17,6.9,7.49,6.8,7.48,27400,0,0
2002-06-18,7.25,8.09,7.09,7.95,53900,0,0
2002-06-19,7.95,8.0,7.09,7.17,35100,0,0
2002-06-20,7.1,7.25,6.75,6.85,44200,0,0
2002-06-21,7.1,7.1,6.8,7.01,106500,0,0
2002-06-24,6.8,7.23,6.8,6.99,198200,0,0
2002-06-25,7.15,7.53,6.93,7.19,92100,0,0
2002-06-26,7.1,7.77,7.01,7.75,74200,0,0
2002-06-27,7.48,7.7,7.42,7.6,61400,0,0
2002-06-28,7.65,8.0,7.02,8.0,524300,0,0
2002-07-01,7.71,7.79,7.35,7.73,108900,0,0
2002-07-02,7.29,7.73,7.05,7.37,22700,0,0
2002-07-03,7.03,7.05,6.8,6.93,53200,0,0
2002-07-05,7.0,7.01,6.91,6.96,47800,0,0
2002-07-08,7.1,7.1,6.0,6.0,81500,0,0
2002-07-09,6.69,6.7,6.29,6.48,40600,0,0
2002-07-10,6.48,6.48,6.11,6.4,19300,0,0
2002-07-11,6.05,6.5,5.95,6.5,216400,0,0
2002-07-12,6.5,6.71,6.33,6.6,67300,0,0
2002-07-15,6.61,6.88,6.55,6.76,90700,0,0
2002-07-16,6.73,7.09,6.65,7.07,94900,0,0
2002-07-17,7.1,7.1,6.75,7.05,78500,0,0
2002-07-18,6.98,7.04,6.94,7.02,40000,0,0
2002-07-19,7.01,7.06,6.79,6.8,74200,0,0
2002-07-22,6.84,6.99,6.6,6.8,150700,0,0
2002-07-23,6.65,6.66,6.36,6.59,42900,0,0
2002-07-24,6.45,6.95,6.3,6.87,43100,0,0
2002-07-25,6.96,6.96,6.48,6.77,25700,0,0
2002-07-26,6.49,6.97,6.48,6.95,40700,0,0
2002-07-29,6.94,7.0,6.62,6.75,27600,0,0
2002-07-30,6.7,6.7,6.31,6.54,29100,0,0
2002-07-31,6.4,6.59,6.4,6.59,51400,0,0
2002-08-01,6.57,6.59,6.35,6.44,10100,0,0
2002-08-02,6.35,6.35,5.68,5.68,33000,0,0
2002-08-05,5.75,6.2,5.75,6.17,36700,0,0
2002-08-06,6.02,6.11,5.7,5.83,84200,0,0
2002-08-07,5.83,5.92,5.77,5.89,19600,0,0
2002-08-08,5.79,5.99,5.78,5.9,76000,0,0
2002-08-09,5.99,6.01,5.66,5.7,99400,0,0
2002-08-12,5.8,5.94,5.75,5.85,56900,0,0
2002-08-13,5.75,5.75,5.54,5.6,49900,0,0
2002-08-14,5.53,5.75,5.52,5.75,50800,0,0
2002-08-15,5.75,6.0,5.5,5.8,78900,0,0
2002-08-16,5.85,5.95,5.7,5.95,54800,0,0
2002-08-19,5.95,5.95,5.51,5.7,11000,0,0
2002-08-20,5.69,5.69,5.42,5.45,26700,0,0
2002-08-21,5.49,5.65,5.18,5.2,85600,0,0
2002-08-22,5.26,5.5,5.19,5.4,95000,0,0
2002-08-23,5.43,5.57,5.32,5.41,80000,0,0
2002-08-26,5.16,5.26,4.93,5.24,51300,0,0
2002-08-27,5.24,5.25,4.68,4.68,65400,0,0
2002-08-28,4.67,4.88,4.66,4.74,35600,0,0
2002-08-29,4.73,4.9,4.73,4.8,38600,0,0
2002-08-30,4.89,4.98,4.65,4.65,14700,0,0
2002-09-03,4.66,4.66,4.04,4.04,34000,0,0
2002-09-04,4.19,4.56,4.01,4.56,25400,0,0
2002-09-05,4.43,4.69,4.05,4.15,26900,0,0
2002-09-06,4.34,4.64,4.29,4.45,17800,0,0
2002-09-09,4.36,4.5,4.17,4.36,36000,0,0
2002-09-10,4.43,4.43,4.23,4.25,118900,0,0
2002-09-11,4.23,4.29,4.23,4.23,29000,0,0
2002-09-12,4.23,4.25,4.05,4.09,38900,0,0
2002-09-13,4.09,4.66,4.02,4.46,43000,0,0
2002-09-16,4.38,4.74,4.2,4.35,59100,0,0
2002-09-17,4.3,4.46,4.25,4.3,37800,0,0
2002-09-18,4.4,4.45,4.2,4.35,20400,0,0
2002-09-19,4.3,4.4,4.2,4.22,86600,0,0
2002-09-20,4.0,4.2,3.7,4.11,188800,0,0
2002-09-23,4.12,4.2,3.87,3.91,76400,0,0
2002-09-24,3.96,4.12,3.79,3.96,57000,0,0
2002-09-25,3.95,4.24,3.95,4.18,74400,0,0
2002-09-26,4.2,4.27,2.88,3.05,156800,0,0
2002-09-27,3.1,3.35,2.78,2.96,236300,0,0
2002-09-30,2.99,3.1,2.9,3.1,114100,0,0
2002-10-01,3.13,3.5,3.03,3.46,322900,0,0
2002-10-02,3.35,3.6,3.28,3.28,33800,0,0
2002-10-03,3.32,3.41,3.11,3.2,7500,0,0
2002-10-04,3.25,3.46,3.22,3.23,42900,0,0
2002-10-07,3.25,3.41,3.23,3.28,18600,0,0
2002-10-08,3.25,3.41,3.25,3.38,21100,0,0
2002-10-09,3.4,3.51,3.2,3.26,60900,0,0
2002-10-10,3.25,3.6,3.18,3.6,35100,0,0
2002-10-11,3.55,3.8,3.31,3.77,28900,0,0
2002-10-14,3.77,3.8,3.4,3.46,18300,0,0
2002-10-15,3.42,3.43,3.17,3.36,48900,0,0
2002-10-16,3.38,3.8,3.25,3.65,57000,0,0
2002-10-17,3.63,4.1,3.5,3.9,87700,0,0
2002-10-18,3.85,3.9,3.4,3.46,60700,0,0
2002-10-21,3.45,3.45,3.25,3.34,33800,0,0
2002-10-22,3.3,3.33,3.18,3.18,230400,0,0
2002-10-23,3.19,3.22,2.85,3.15,49400,0,0
2002-10-24,3.16,3.16,2.83,2.96,45200,0,0
2002-10-25,2.97,3.05,2.97,3.04,44600,0,0
2002-10-28,3.04,3.18,2.61,2.98,141600,0,0
2002-10-29,3.0,3.03,2.83,2.99,29900,0,0
2002-10-30,3.01,3.1,3.01,3.1,52100,0,0
2002-10-31,3.09,3.27,3.0,3.24,201300,0,0
2002-11-01,3.23,3.38,3.19,3.35,45400,0,0
2002-11-04,3.35,3.45,3.2,3.39,34700,0,0
2002-11-05,3.45,3.49,3.24,3.49,22200,0,0
2002-11-06,3.5,3.51,3.25,3.5,40200,0,0
2002-11-07,3.49,3.86,3.49,3.54,19100,0,0
2002-11-08,3.54,3.82,3.23,3.24,18400,0,0
2002-11-11,3.28,4.0,3.25,3.69,130700,0,0
2002-11-12,3.65,3.7,3.05,3.19,213400,0,0
2002-11-13,3.16,3.34,2.65,2.78,603000,0,0
2002-11-14,2.75,3.0,2.71,3.0,67700,0,0
2002-11-15,3.0,3.0,2.78,2.85,290100,0,0
2002-11-18,2.94,3.0,2.85,2.89,21600,0,0
2002-11-19,2.95,2.96,2.65,2.73,122000,0,0
2002-11-20,2.72,2.93,2.72,2.89,41200,0,0
2002-11-21,2.85,2.9,2.73,2.82,14800,0,0
2002-11-22,2.76,2.86,2.76,2.76,59000,0,0
2002-11-25,2.77,2.79,2.3,2.63,149800,0,0
2002-11-26,2.65,2.88,2.58,2.69,787400,0,0
2002-11-27,2.67,2.78,2.28,2.57,71600,0,0
2002-11-29,2.5,2.67,2.45,2.66,32100,0,0
2002-12-02,2.67,3.0,2.66,2.82,63600,0,0
2002-12-03,2.82,2.86,2.5,2.51,18500,0,0
2002-12-04,2.46,2.61,2.4,2.52,18800,0,0
2002-12-05,2.45,2.5,2.3,2.3,28600,0,0
2002-12-06,2.31,2.66,2.19,2.66,51700,0,0
2002-12-09,2.65,2.75,2.37,2.37,81500,0,0
2002-12-10,2.42,2.54,2.38,2.4,59600,0,0
2002-12-11,2.4,2.47,2.21,2.43,105700,0,0
2002-12-12,2.38,2.53,2.37,2.53,65600,0,0
2002-12-13,2.54,2.54,2.35,2.38,50800,0,0
2002-12-16,2.35,2.43,2.3,2.38,72300,0,0
2002-12-17,2.34,2.4,2.29,2.33,113200,0,0
2002-12-18,2.34,2.38,2.27,2.27,53700,0,0
2002-12-19,2.33,2.33,1.97,2.17,244900,0,0
2002-12-20,2.24,2.62,1.88,2.0,164000,0,0
2002-12-23,1.97,2.01,1.88,2.0,157700,0,0
2002-12-24,2.0,2.23,1.99,1.99,64100,0,0
2002-12-26,1.99,2.0,1.81,1.98,237500,0,0
2002-12-27,1.95,2.02,1.85,1.98,240400,0,0
2002-12-30,2.07,2.09,1.9,1.97,304800,0,0
2002-12-31,1.94,2.1,1.9,2.02,331800,0,0
2003-01-02,2.07,2.17,2.06,2.12,83400,0,0
2003-01-03,2.16,2.16,1.9,2.0,90300,0,0
2003-01-06,2.02,2.13,1.95,1.99,137300,0,0
2003-01-07,1.98,2.05,1.92,2.0,78400,0,0
2003-01-08,1.97,2.0,1.86,1.95,70100,0,0
2003-01-09,1.95,2.32,1.89,2.31,119600,0,0
2003-01-10,2.3,2.3,2.0,2.05,69300,0,0
2003-01-13,2.05,2.45,2.01,2.09,120700,0,0
2003-01-14,2.21,2.21,2.0,2.05,22200,0,0
2003-01-15,2.06,2.06,1.79,1.95,324700,0,0
2003-01-16,1.94,1.98,1.82,1.86,109600,0,0
2003-01-17,1.92,2.01,1.78,1.95,130300,0,0
2003-01-21,1.9,2.03,1.9,2.03,274700,0,0
2003-01-22,1.99,2.04,1.9,1.99,49200,0,0
2003-01-23,1.95,2.0,1.9,1.95,29100,0,0
2003-01-24,1.99,1.99,1.82,1.86,36900,0,0
2003-01-27,1.98,1.98,1.86,1.92,27000,0,0
2003-01-28,2.02,2.02,1.85,1.95,34100,0,0
2003-01-29,1.99,2.0,1.75,1.95,22600,0,0
2003-01-30,1.9,1.9,1.75,1.75,26400,0,0
2003-01-31,1.75,1.8,1.71,1.77,20900,0,0
2003-02-03,1.77,1.89,1.74,1.77,43600,0,0
2003-02-04,1.77,1.85,1.75,1.75,253700,0,0
2003-02-05,1.75,1.77,1.64,1.69,28200,0,0
2003-02-06,1.65,1.75,1.6,1.62,30400,0,0
2003-02-07,1.64,1.66,1.56,1.56,110700,0,0
2003-02-10,1.75,1.76,1.52,1.58,24500,0,0
2003-02-11,1.68,1.68,1.54,1.55,337900,0,0
2003-02-12,1.56,1.64,1.55,1.55,87300,0,0
2003-02-13,1.53,1.65,1.5,1.53,20900,0,0
2003-02-14,1.5,1.6,1.4,1.59,47900,0,0
2003-02-18,1.57,1.57,1.45,1.45,42400,0,0
2003-02-19,1.46,1.47,1.37,1.37,27500,0,0
2003-02-20,1.38,1.43,1.26,1.32,39200,0,0
2003-02-21,1.3,1.4,1.28,1.3,20500,0,0
2003-02-24,1.37,1.37,1.1,1.17,111200,0,0
2003-02-25,1.15,1.25,1.08,1.14,94900,0,0
2003-02-26,1.1,1.24,1.05,1.17,103800,0,0
2003-02-27,1.11,1.23,1.11,1.21,66000,0,0
2003-02-28,1.23,1.58,1.21,1.55,139000,0,0
2003-03-03,1.58,1.61,1.52,1.52,33800,0,0
2003-03-04,1.51,1.56,1.4,1.4,17700,0,0
2003-03-05,1.38,1.41,1.38,1.38,12500,0,0
2003-03-06,1.35,1.45,1.19,1.41,42500,0,0
2003-03-07,1.36,1.36,1.2,1.22,29500,0,0
2003-03-10,1.22,1.22,1.12,1.14,26500,0,0
2003-03-11,1.12,1.17,1.1,1.12,23100,0,0
2003-03-12,1.13,1.25,1.1,1.21,13600,0,0
2003-03-13,1.2,1.37,1.2,1.37,14800,0,0
2003-03-14,1.36,1.58,1.36,1.54,32000,0,0
2003-03-17,1.52,1.79,1.5,1.79,51300,0,0
2003-03-18,1.9,1.9,1.71,1.78,23500,0,0
2003-03-19,1.77,1.96,1.58,1.75,23800,0,0
2003-03-20,1.67,1.72,1.52,1.64,19200,0,0
2003-03-21,1.71,1.72,1.5,1.65,51700,0,0
2003-03-24,1.65,1.7,1.52,1.52,9900,0,0
2003-03-25,1.69,1.99,1.61,1.73,97900,0,0
2003-03-26,1.77,1.93,1.73,1.77,22500,0,0
2003-03-27,1.76,1.81,1.62,1.68,29700,0,0
2003-03-28,1.69,1.71,1.6,1.62,42100,0,0
2003-03-31,1.64,1.64,1.39,1.4,23100,0,0
2003-04-01,1.4,1.48,1.25,1.41,67900,0,0
2003-04-02,1.54,1.56,1.38,1.56,24700,0,0
2003-04-03,1.6,1.72,1.6,1.7,30100,0,0
2003-04-04,1.72,2.15,1.72,1.97,175800,0,0
2003-04-07,1.97,2.63,1.97,2.36,140500,0,0
2003-04-08,2.39,2.4,2.34,2.38,68800,0,0
2003-04-09,2.21,2.25,2.19,2.23,28700,0,0
2003-04-10,2.22,2.23,2.2,2.2,32100,0,0
2003-04-11,2.2,2.24,2.1,2.16,34300,0,0
2003-04-14,2.17,2.29,2.0,2.0,58500,0,0
2003-04-15,2.03,2.21,2.0,2.19,44100,0,0
2003-04-16,2.23,2.28,2.18,2.18,10500,0,0
2003-04-17,2.31,2.5,2.03,2.5,54400,0,0
2003-04-21,2.5,2.75,2.49,2.49,92300,0,0
2003-04-22,2.48,2.7,2.45,2.59,118500,0,0
2003-04-23,2.68,2.8,2.52,2.8,21500,0,0
2003-04-24,2.8,3.0,2.79,2.95,77700,0,0
2003-04-25,2.96,3.0,2.63,2.67,44000,0,0
2003-04-28,2.67,3.02,2.67,2.98,120300,0,0
2003-04-29,3.04,3.05,2.72,2.72,122000,0,0
2003-04-30,2.72,3.0,2.69,2.93,105400,0,0
2003-05-01,2.98,3.0,2.6,2.95,104400,0,0
2003-05-02,3.0,3.1,2.95,3.07,88800,0,0
2003-05-05,3.08,3.13,3.0,3.12,108500,0,0
2003-05-06,3.12,4.12,3.12,3.5,127200,0,0
2003-05-07,3.72,3.75,3.43,3.68,198400,0,0
2003-05-08,3.6,3.85,3.6,3.8,52300,0,0
2003-05-09,3.85,3.85,3.22,3.4,146200,0,0
2003-05-12,3.14,3.5,3.14,3.38,89100,0,0
2003-05-13,3.33,3.35,3.25,3.29,32800,0,0
2003-05-14,3.29,3.44,3.29,3.39,31200,0,0
2003-05-15,3.36,3.5,3.31,3.39,33900,0,0
2003-05-16,3.26,3.5,3.25,3.27,80200,0,0
2003-05-19,3.5,3.56,3.24,3.32,121800,0,0
2003-05-20,3.33,3.45,3.25,3.35,28000,0,0
2003-05-21,3.33,3.51,3.28,3.51,48500,0,0
2003-05-22,3.36,3.65,3.35,3.63,61700,0,0
2003-05-23,3.56,3.75,3.51,3.75,78300,0,0
2003-05-27,3.75,3.8,3.5,3.65,42700,0,0
2003-05-28,3.65,3.8,3.5,3.7,490900,0,0
2003-05-29,3.7,3.75,3.51,3.6,462700,0,0
2003-05-30,3.61,3.7,3.4,3.58,208900,0,0
2003-06-02,3.6,3.65,3.4,3.5,154800,0,0
2003-06-03,3.5,3.88,3.45,3.88,872000,0,0
2003-06-04,3.96,4.44,3.92,3.92,246700,0,0
2003-06-05,3.95,4.21,3.63,3.88,84600,0,0
2003-06-06,4.1,4.38,3.8,3.93,94200,0,0
2003-06-09,3.9,4.02,3.9,3.96,46600,0,0
2003-06-10,3.98,4.0,3.9,4.0,72500,0,0
2003-06-11,4.0,4.0,3.89,4.0,79400,0,0
2003-06-12,3.99,3.99,2.52,2.52,653400,0,0
2003-06-13,2.6,2.7,2.25,2.35,4408200,0,0
2003-06-16,2.2,2.41,2.19,2.33,617400,0,0
2003-06-17,2.34,2.34,2.25,2.3,406700,0,0
2003-06-18,2.26,2.44,2.26,2.36,740400,0,0
2003-06-19,2.43,2.49,2.34,2.44,1191400,0,0
2003-06-20,2.45,2.54,2.42,2.47,568200,0,0
2003-06-23,2.47,2.49,2.4,2.45,239700,0,0
2003-06-24,2.48,2.5,2.36,2.36,162400,0,0
2003-06-25,2.28,2.48,2.19,2.35,235600,0,0
2003-06-26,2.39,2.42,2.28,2.37,145500,0,0
2003-06-27,2.35,2.43,2.26,2.39,343200,0,0
2003-06-30,2.3,2.5,2.3,2.4,714800,0,0
2003-07-01,2.39,2.48,2.3,2.4,215100,0,0
2003-07-02,2.4,2.5,2.4,2.42,406900,0,0
2003-07-03,2.5,2.5,2.41,2.48,157800,0,0
2003-07-07,2.48,2.6,2.45,2.59,683000,0,0
2003-07-08,2.6,2.79,2.58,2.68,1948500,0,0
2003-07-09,2.74,2.75,2.6,2.61,656400,0,0
2003-07-10,2.66,2.68,2.5,2.51,240200,0,0
2003-07-11,2.63,2.63,2.36,2.43,473800,0,0
2003-07-14,2.62,2.62,2.43,2.49,274700,0,0
2003-07-15,2.5,2.5,2.4,2.46,265000,0,0
2003-07-16,2.46,2.49,2.4,2.4,128700,0,0
2003-07-17,2.35,2.4,2.21,2.3,209900,0,0
2003-07-18,2.31,2.35,2.2,2.29,78500,0,0
2003-07-21,2.28,2.35,2.2,2.22,83100,0,0
2003-07-22,2.08,2.33,2.07,2.3,104700,0,0
2003-07-23,2.32,2.32,2.18,2.23,53000,0,0
2003-07-24,2.25,2.31,2.15,2.23,78400,0,0
2003-07-25,2.25,2.25,1.85,2.05,657200,0,0
2003-07-28,2.05,2.14,2.0,2.09,120800,0,0
2003-07-29,2.14,2.17,2.06,2.15,101600,0,0
2003-07-30,2.19,2.19,2.09,2.13,145400,0,0
2003-07-31,2.11,2.26,2.11,2.22,222000,0,0
2003-08-01,2.21,2.21,2.02,2.1,96800,0,0
2003-08-04,2.19,2.19,1.97,2.02,194000,0,0
2003-08-05,2.05,2.05,1.87,1.87,208300,0,0
2003-08-06,1.91,2.09,1.9,1.91,157500,0,0
2003-08-07,1.91,2.09,1.85,1.9,343300,0,0
2003-08-08,1.91,1.98,1.9,1.94,641900,0,0
2003-08-11,1.95,2.03,1.92,1.98,82500,0,0
2003-08-12,2.0,2.12,1.98,2.1,63400,0,0
2003-08-13,2.1,2.1,2.0,2.0,44700,0,0
2003-08-14,2.0,2.12,2.0,2.12,208400,0,0
2003-08-15,2.11,2.29,2.02,2.05,92900,0,0
2003-08-18,2.01,2.2,2.01,2.17,184600,0,0
2003-08-19,2.15,2.35,2.14,2.33,552900,0,0
2003-08-20,2.36,2.45,2.34,2.43,544500,0,0
2003-08-21,2.42,2.47,2.33,2.42,252500,0,0
2003-08-22,2.49,2.49,2.42,2.45,251500,0,0
2003-08-25,2.45,2.49,2.34,2.48,93100,0,0
2003-08-26,2.49,2.54,2.41,2.54,269800,0,0
2003-08-27,2.47,2.51,2.39,2.5,100900,0,0
2003-08-28,2.45,2.51,2.42,2.51,112700,0,0
2003-08-29,2.51,2.51,2.39,2.44,93400,0,0
2003-09-02,2.5,2.52,2.42,2.51,199500,0,0
2003-09-03,2.55,2.59,2.45,2.53,487900,0,0
2003-09-04,2.48,2.6,2.48,2.55,486100,0,0
2003-09-05,2.55,2.71,2.51,2.7,396800,0,0
2003-09-08,2.71,2.75,2.56,2.6,476400,0,0
2003-09-09,2.5,2.65,2.5,2.53,242800,0,0
2003-09-10,2.54,2.78,2.52,2.75,1166400,0,0
2003-09-11,2.77,3.08,2.77,2.94,927300,0,0
2003-09-12,3.0,3.0,2.76,2.87,155800,0,0
2003-09-15,2.85,2.95,2.61,2.78,221000,0,0
2003-09-16,2.85,2.86,2.76,2.81,286000,0,0
2003-09-17,2.77,2.85,2.56,2.73,579100,0,0
2003-09-18,2.75,2.82,2.72,2.75,923900,0,0
2003-09-19,2.81,2.82,2.72,2.81,387900,0,0
2003-09-22,2.74,2.79,2.65,2.67,456800,0,0
2003-09-23,2.63,2.79,2.62,2.77,400800,0,0
2003-09-24,2.71,2.98,2.71,2.98,1019600,0,0
2003-09-25,3.0,3.58,2.85,3.55,2976000,0,0
2003-09-26,3.6,3.75,3.25,3.5,927600,0,0
2003-09-29,3.47,3.66,3.23,3.4,431600,0,0
2003-09-30,3.4,3.55,3.14,3.21,515600,0,0
2003-10-01,3.35,3.5,3.1,3.5,367800,0,0
2003-10-02,3.55,3.55,3.29,3.35,194100,0,0
2003-10-03,3.38,3.41,3.2,3.21,232700,0,0
2003-10-06,3.2,3.5,3.2,3.47,330200,0,0
2003-10-07,3.5,3.66,3.4,3.66,723300,0,0
2003-10-08,3.89,4.0,3.66,3.99,1346200,0,0
2003-10-09,4.04,4.04,3.7,3.8,957900,0,0
2003-10-10,3.9,3.9,3.53,3.68,235200,0,0
2003-10-13,3.77,3.86,3.57,3.75,85600,0,0
2003-10-14,3.72,3.76,3.66,3.74,104200,0,0
2003-10-15,3.75,3.9,3.61,3.64,321600,0,0
2003-10-16,3.58,3.85,3.52,3.74,128600,0,0
2003-10-17,3.0,3.0,2.29,2.37,3350100,0,0
2003-10-20,2.4,2.42,2.15,2.26,1343900,0,0
2003-10-21,2.27,2.37,2.13,2.16,651000,0,0
2003-10-22,2.12,2.24,2.07,2.15,993100,0,0
2003-10-23,2.15,2.25,2.11,2.25,506200,0,0
2003-10-24,2.23,2.3,2.15,2.22,375900,0,0
2003-10-27,2.21,2.3,2.19,2.25,269900,0,0
2003-10-28,2.29,2.29,2.23,2.27,238800,0,0
2003-10-29,2.26,2.26,2.21,2.25,272300,0,0
2003-10-30,2.25,2.27,2.1,2.22,478900,0,0
2003-10-31,2.19,2.27,2.19,2.23,1121700,0,0
2003-11-03,2.23,2.27,2.19,2.25,905900,0,0
2003-11-04,2.27,2.37,2.23,2.25,675600,0,0
2003-11-05,2.25,2.29,2.23,2.25,551500,0,0
2003-11-06,2.53,2.59,2.37,2.54,1583800,0,0
2003-11-07,2.5,2.55,2.45,2.46,469500,0,0
2003-11-10,2.49,2.55,2.27,2.27,284700,0,0
2003-11-11,2.27,2.53,2.2,2.4,748800,0,0
2003-11-12,2.39,2.49,2.28,2.4,124100,0,0
2003-11-13,2.36,2.41,2.32,2.38,85000,0,0
2003-11-14,2.32,2.41,2.25,2.3,188000,0,0
2003-11-17,2.28,2.4,2.19,2.33,637200,0,0
2003-11-18,2.25,2.41,2.25,2.28,377400,0,0
2003-11-19,2.25,2.35,2.25,2.32,96700,0,0
2003-11-20,2.4,2.4,2.21,2.32,264600,0,0
2003-11-21,2.3,2.34,2.23,2.25,792300,0,0
2003-11-24,2.5,2.5,2.23,2.29,316500,0,0
2003-11-25,2.25,2.39,2.2,2.22,142400,0,0
2003-11-26,2.24,2.33,2.22,2.22,109600,0,0
2003-11-28,2.31,2.32,2.2,2.25,70300,0,0
2003-12-01,2.26,2.45,2.24,2.45,211000,0,0
2003-12-02,2.45,2.5,2.37,2.48,164000,0,0
2003-12-03,2.46,2.48,2.37,2.39,115200,0,0
2003-12-04,2.39,2.51,2.39,2.47,157100,0,0
2003-12-05,2.47,2.97,2.47,2.72,1128600,0,0
2003-12-08,2.74,2.89,2.68,2.76,182900,0,0
2003-12-09,2.78,2.85,2.73,2.8,220500,0,0
2003-12-10,2.8,2.82,2.73,2.73,154400,0,0
2003-12-11,2.76,2.85,2.73,2.81,107900,0,0
2003-12-12,2.87,2.97,2.8,2.96,134300,0,0
2003-12-15,2.96,2.97,2.7,2.75,141800,0,0
2003-12-16,2.74,2.86,2.52,2.75,102000,0,0
2003-12-17,2.65,2.79,2.56,2.68,52400,0,0
2003-12-18,2.67,2.81,2.61,2.8,56900,0,0
2003-12-19,2.83,2.92,2.63,2.83,70900,0,0
2003-12-22,2.72,2.75,2.63,2.65,239100,0,0
2003-12-23,2.5,2.63,2.44,2.52,283700,0,0
2003-12-24,2.53,2.65,2.5,2.57,82000,0,0
2003-12-26,2.57,2.62,2.46,2.61,171300,0,0
2003-12-29,2.43,2.64,2.39,2.63,139400,0,0
2003-12-30,2.55,2.85,2.55,2.62,117500,0,0
2003-12-31,2.55,2.69,2.5,2.5,80400,0,0
2004-01-02,2.5,2.74,2.5,2.64,74500,0,0
2004-01-05,2.71,2.74,2.55,2.55,164900,0,0
2004-01-06,2.59,2.69,2.55,2.55,77900,0,0
2004-01-07,2.61,2.93,2.6,2.86,264500,0,0
2004-01-08,2.9,3.2,2.8,3.19,707000,0,0
2004-01-09,3.06,3.39,3.06,3.24,914600,0,0
2004-01-12,3.24,3.37,3.15,3.2,192800,0,0
2004-01-13,3.21,3.29,3.05,3.24,222400,0,0
2004-01-14,3.24,3.32,3.12,3.25,252400,0,0
2004-01-15,3.21,3.26,2.69,2.78,470600,0,0
2004-01-16,2.79,2.98,2.61,2.87,667600,0,0
2004-01-20,2.89,3.1,2.8,2.96,621800,0,0
2004-01-21,2.96,3.08,2.92,3.08,243000,0,0
2004-01-22,3.1,3.1,2.88,2.98,143300,0,0
2004-01-23,2.98,3.05,2.98,3.05,162100,0,0
2004-01-26,3.1,3.24,2.98,3.22,177200,0,0
2004-01-27,3.12,3.2,3.08,3.1,176000,0,0
2004-01-28,3.18,3.2,3.07,3.09,289600,0,0
2004-01-29,3.11,3.28,2.92,3.06,228000,0,0
2004-01-30,2.98,3.3,2.98,3.3,89400,0,0
2004-02-02,3.05,3.22,3.0,3.08,206400,0,0
2004-02-03,3.04,3.17,3.02,3.05,209000,0,0
2004-02-04,3.04,3.21,2.67,2.78,394600,0,0
2004-02-05,2.8,3.02,2.8,3.0,680200,0,0
2004-02-06,3.01,3.07,2.96,3.0,229700,0,0
2004-02-09,3.03,3.05,2.97,3.0,193900,0,0
2004-02-10,2.98,3.05,2.96,3.03,138500,0,0
2004-02-11,3.03,3.11,2.96,3.03,243200,0,0
2004-02-12,3.02,3.04,2.96,2.96,188500,0,0
2004-02-13,2.98,3.01,2.95,2.96,131000,0,0
2004-02-17,2.95,3.0,2.9,3.0,184000,0,0
2004-02-18,2.95,2.97,2.85,2.87,124200,0,0
2004-02-19,2.93,2.97,2.72,2.77,129700,0,0
2004-02-20,2.78,2.83,2.67,2.72,209600,0,0
2004-02-23,2.7,2.8,2.7,2.72,99800,0,0
2004-02-24,2.62,2.73,2.61,2.72,104300,0,0
2004-02-25,2.65,2.77,2.64,2.7,68400,0,0
2004-02-26,2.68,2.75,2.6,2.61,149900,0,0
2004-02-27,2.5,2.77,2.5,2.51,148600,0,0
2004-03-01,2.61,2.73,2.56,2.57,62300,0,0
2004-03-02,2.54,2.6,2.5,2.54,417400,0,0
2004-03-03,2.51,2.83,2.49,2.78,183600,0,0
2004-03-04,2.78,3.1,2.78,3.05,900600,0,0
2004-03-05,3.05,3.16,3.02,3.11,156700,0,0
2004-03-08,2.99,3.1,2.72,3.02,170400,0,0
2004-03-09,2.9,3.08,2.85,3.0,1314900,0,0
2004-03-10,2.9,3.25,2.9,3.0,156700,0,0
2004-03-11,3.0,3.09,2.92,2.95,173700,0,0
2004-03-12,2.96,3.19,2.96,3.16,237000,0,0
2004-03-15,3.1,3.15,2.92,2.93,132200,0,0
2004-03-16,2.99,3.0,2.85,2.89,196500,0,0
2004-03-17,2.91,3.07,2.9,3.03,74600,0,0
2004-03-18,2.88,3.05,2.88,2.95,66400,0,0
2004-03-19,3.24,3.26,2.99,3.1,725400,0,0
2004-03-22,2.93,3.1,2.9,2.96,151900,0,0
2004-03-23,3.02,3.03,2.91,2.97,71500,0,0
2004-03-24,2.95,3.04,2.91,3.0,702500,0,0
2004-03-25,3.02,3.3,3.02,3.05,971800,0,0
2004-03-26,3.07,3.3,3.06,3.25,646900,0,0
2004-03-29,3.16,3.5,3.12,3.49,495300,0,0
2004-03-30,3.35,3.54,3.31,3.4,239000,0,0
2004-03-31,3.31,3.45,3.21,3.39,179900,0,0
2004-04-01,3.32,3.45,3.25,3.42,175800,0,0
2004-04-02,3.5,3.52,3.23,3.47,233700,0,0
2004-04-05,3.62,3.8,3.5,3.65,742100,0,0
2004-04-06,3.73,3.73,3.48,3.52,285400,0,0
2004-04-07,3.55,3.58,3.42,3.58,183500,0,0
2004-04-08,3.6,3.72,3.44,3.5,116200,0,0
2004-04-12,3.5,3.59,3.4,3.43,152400,0,0
2004-04-13,3.4,3.57,3.24,3.27,88800,0,0
2004-04-14,3.27,3.4,3.16,3.32,405700,0,0
2004-04-15,3.24,3.49,3.22,3.41,129800,0,0
2004-04-16,3.6,3.62,3.34,3.35,93400,0,0
2004-04-19,3.35,3.52,3.34,3.45,108900,0,0
2004-04-20,3.51,3.61,3.45,3.47,204900,0,0
2004-04-21,3.47,3.65,3.39,3.62,174500,0,0
2004-04-22,3.62,4.06,3.51,3.89,1159500,0,0
2004-04-23,3.82,3.85,3.61,3.85,256500,0,0
2004-04-26,3.63,4.04,3.5,3.99,192800,0,0
2004-04-27,4.05,4.23,3.83,4.23,609100,0,0
2004-04-28,3.72,4.27,3.53,4.17,635200,0,0
2004-04-29,4.01,4.13,3.99,4.01,231400,0,0
2004-04-30,4.01,4.2,3.98,4.0,280200,0,0
2004-05-03,4.0,4.25,3.61,4.0,315600,0,0
2004-05-04,3.96,4.04,3.79,3.89,321500,0,0
2004-05-05,3.88,4.0,3.79,3.95,84000,0,0
2004-05-06,3.83,4.06,3.76,4.0,498200,0,0
2004-05-07,3.86,4.1,3.7,3.76,184100,0,0
2004-05-10,3.61,4.01,3.6,3.9,149800,0,0
2004-05-11,3.93,4.0,3.88,3.99,60500,0,0
2004-05-12,3.95,3.99,3.83,3.9,47600,0,0
2004-05-13,3.84,3.98,3.78,3.8,185500,0,0
2004-05-14,3.87,3.87,3.64,3.68,322900,0,0
2004-05-17,3.61,3.91,3.55,3.87,344900,0,0
2004-05-18,3.81,3.9,3.68,3.74,227900,0,0
2004-05-19,3.74,3.85,3.53,3.68,320100,0,0
2004-05-20,3.66,3.88,3.61,3.7,323600,0,0
2004-05-21,3.7,3.85,3.62,3.78,75400,0,0
2004-05-24,3.86,3.88,3.68,3.77,118100,0,0
2004-05-25,3.76,3.83,3.65,3.8,371300,0,0
2004-05-26,3.73,3.8,3.52,3.65,351100,0,0
2004-05-27,3.65,3.76,3.58,3.61,97900,0,0
2004-05-28,3.7,3.72,3.5,3.53,80200,0,0
2004-06-01,3.6,3.7,3.45,3.68,88800,0,0
2004-06-02,3.7,3.75,3.57,3.69,48000,0,0
2004-06-03,3.6,3.8,3.47,3.63,41500,0,0
2004-06-04,3.61,3.85,3.61,3.75,128900,0,0
2004-06-07,3.7,3.9,3.64,3.8,67700,0,0
2004-06-08,3.85,3.89,3.57,3.6,103800,0,0
2004-06-09,3.6,3.67,3.4,3.42,114800,0,0
2004-06-10,3.32,3.49,3.2,3.39,188100,0,0
2004-06-14,3.26,3.35,3.2,3.25,117800,0,0
2004-06-15,3.14,3.48,3.13,3.38,76700,0,0
2004-06-16,3.55,3.59,3.25,3.34,64500,0,0
2004-06-17,3.41,3.44,3.15,3.35,46300,0,0
2004-06-18,3.13,3.5,3.11,3.37,155500,0,0
2004-06-21,3.43,3.43,3.25,3.29,25300,0,0
2004-06-22,3.25,3.3,3.11,3.3,291100,0,0
2004-06-23,3.26,3.49,3.26,3.36,240000,0,0
2004-06-24,3.4,3.5,3.35,3.35,138000,0,0
2004-06-25,3.36,3.5,3.2,3.32,368800,0,0
2004-06-28,3.36,3.49,3.31,3.31,46100,0,0
2004-06-29,3.31,3.43,3.3,3.42,105700,0,0
2004-06-30,3.45,3.53,3.4,3.46,53000,0,0
2004-07-01,3.48,3.5,3.33,3.36,41700,0,0
2004-07-02,3.36,3.56,3.2,3.33,60500,0,0
2004-07-06,3.6,3.61,3.26,3.34,95700,0,0
2004-07-07,3.35,3.36,3.21,3.29,90500,0,0
2004-07-08,3.21,3.3,3.21,3.25,86300,0,0
2004-07-09,3.24,3.3,3.23,3.28,55200,0,0
2004-07-12,3.2,3.31,3.2,3.24,72200,0,0
2004-07-13,3.27,3.3,3.15,3.24,100900,0,0
2004-07-14,3.2,3.33,3.19,3.26,42200,0,0
2004-07-15,3.25,3.25,3.08,3.12,220800,0,0
2004-07-16,3.13,3.13,2.89,2.9,126700,0,0
2004-07-19,3.0,3.23,2.8,3.15,239700,0,0
2004-07-20,3.11,3.14,2.83,2.98,166500,0,0
2004-07-21,3.04,3.04,2.72,2.72,211800,0,0
2004-07-22,1.75,1.8,1.26,1.27,4112900,0,0
2004-07-23,1.35,1.55,1.3,1.49,1255200,0,0
2004-07-26,1.45,1.55,1.34,1.35,185500,0,0
2004-07-27,1.43,1.47,1.3,1.42,175700,0,0
2004-07-28,1.47,1.53,1.35,1.48,412000,0,0
2004-07-29,1.54,1.54,1.37,1.46,173900,0,0
2004-07-30,1.54,1.54,1.33,1.36,316300,0,0
2004-08-02,1.41,1.42,1.3,1.34,259000,0,0
2004-08-03,1.37,1.39,1.31,1.31,757400,0,0
2004-08-04,1.35,1.39,1.3,1.33,877300,0,0
2004-08-05,1.31,1.35,1.26,1.26,228900,0,0
2004-08-06,1.25,1.34,1.22,1.27,220200,0,0
2004-08-09,1.38,1.48,1.25,1.3,137900,0,0
2004-08-10,1.42,1.57,1.27,1.37,171600,0,0
2004-08-11,1.31,1.36,1.26,1.27,103700,0,0
2004-08-12,1.27,1.35,1.26,1.29,177800,0,0
2004-08-13,1.39,1.39,1.27,1.28,90200,0,0
2004-08-16,1.34,1.34,1.25,1.31,128900,0,0
2004-08-17,1.3,1.38,1.28,1.38,444000,0,0
2004-08-18,1.3,1.7,1.3,1.64,525500,0,0
2004-08-19,1.65,1.65,1.56,1.56,323000,0,0
2004-08-20,1.62,1.62,1.55,1.57,197200,0,0
2004-08-23,1.64,1.65,1.53,1.53,241700,0,0
2004-08-24,1.64,1.64,1.53,1.6,1108900,0,0
2004-08-25,1.65,1.68,1.58,1.6,272900,0,0
2004-08-26,1.63,1.63,1.49,1.49,218400,0,0
2004-08-27,1.48,1.57,1.44,1.46,159400,0,0
2004-08-30,1.51,1.56,1.46,1.46,193200,0,0
2004-08-31,1.59,1.63,1.46,1.63,141000,0,0
2004-09-01,1.65,1.65,1.5,1.55,99300,0,0
2004-09-02,1.61,1.65,1.5,1.53,63400,0,0
2004-09-03,1.59,1.59,1.52,1.58,34600,0,0
2004-09-07,1.58,1.64,1.53,1.6,278300,0,0
2004-09-08,1.6,1.66,1.52,1.52,154200,0,0
2004-09-09,1.58,1.59,1.47,1.47,86500,0,0
2004-09-10,1.59,1.59,1.43,1.54,153100,0,0
2004-09-13,1.54,1.61,1.5,1.59,514200,0,0
2004-09-14,1.6,1.67,1.53,1.6,238000,0,0
2004-09-15,1.59,1.68,1.53,1.56,735900,0,0
2004-09-16,1.6,1.6,1.55,1.55,509700,0,0
2004-09-17,1.51,1.71,1.48,1.55,331100,0,0
2004-09-20,1.57,1.59,1.48,1.53,183100,0,0
2004-09-21,1.55,1.56,1.5,1.54,802300,0,0
2004-09-22,1.5,1.56,1.5,1.53,334800,0,0
2004-09-23,1.47,1.55,1.47,1.48,171700,0,0
2004-09-24,1.5,1.51,1.44,1.46,944200,0,0
2004-09-27,1.45,1.54,1.43,1.5,2122600,0,0
2004-09-28,1.56,1.56,1.47,1.5,140900,0,0
2004-09-29,1.51,1.54,1.36,1.4,375700,0,0
2004-09-30,1.5,1.5,1.32,1.4,367500,0,0
2004-10-01,1.4,1.44,1.37,1.41,2354200,0,0
2004-10-04,1.41,1.5,1.39,1.5,346000,0,0
2004-10-05,1.45,1.5,1.45,1.48,390600,0,0
2004-10-06,1.52,1.52,1.47,1.47,242500,0,0
2004-10-07,1.47,1.5,1.41,1.47,250300,0,0
2004-10-08,1.39,1.5,1.39,1.45,198400,0,0
2004-10-11,1.43,1.5,1.42,1.5,62200,0,0
2004-10-12,1.49,1.51,1.47,1.5,276000,0,0
2004-10-13,1.46,1.51,1.46,1.48,124700,0,0
2004-10-14,1.45,1.5,1.45,1.49,110300,0,0
2004-10-15,1.49,1.51,1.44,1.45,361100,0,0
2004-10-18,1.49,1.5,1.45,1.5,57200,0,0
2004-10-19,1.5,1.5,1.45,1.48,129400,0,0
2004-10-20,1.48,1.5,1.44,1.5,54400,0,0
2004-10-21,1.5,1.5,1.47,1.5,157000,0,0
2004-10-22,1.51,1.58,1.47,1.58,620100,0,0
2004-10-25,1.59,1.72,1.56,1.61,337400,0,0
2004-10-26,1.79,1.79,1.55,1.7,240500,0,0
2004-10-27,1.6,1.86,1.6,1.82,480500,0,0
2004-10-28,1.9,1.9,1.66,1.89,248600,0,0
2004-10-29,1.83,1.89,1.78,1.82,234300,0,0
2004-11-01,1.84,1.84,1.7,1.75,182000,0,0
2004-11-02,1.7,2.03,1.7,1.85,596100,0,0
2004-11-03,1.86,2.0,1.86,1.91,300100,0,0
2004-11-04,1.87,1.9,1.7,1.87,536200,0,0
2004-11-05,1.9,1.9,1.75,1.85,682300,0,0
2004-11-08,1.75,1.85,1.75,1.81,171600,0,0
2004-11-09,1.77,1.93,1.77,1.93,138500,0,0
2004-11-10,1.86,2.07,1.86,2.05,248200,0,0
2004-11-11,2.04,2.41,1.98,2.41,630800,0,0
2004-11-12,2.35,2.52,2.35,2.41,956900,0,0
2004-11-15,2.45,2.45,2.15,2.25,393800,0,0
2004-11-16,2.17,2.25,2.07,2.09,515100,0,0
2004-11-17,2.02,2.15,2.0,2.15,762400,0,0
2004-11-18,2.17,2.21,2.11,2.18,504100,0,0
2004-11-19,2.18,2.18,2.08,2.08,496900,0,0
2004-11-22,1.97,2.24,1.97,2.23,228600,0,0
2004-11-23,2.25,2.36,2.13,2.3,608000,0,0
2004-11-24,2.34,2.39,2.3,2.35,177200,0,0
2004-11-26,2.35,2.36,2.32,2.32,168400,0,0
2004-11-29,2.35,2.38,2.25,2.3,483800,0,0
2004-11-30,2.3,2.33,2.24,2.24,827900,0,0
2004-12-01,2.3,2.55,2.29,2.49,372200,0,0
2004-12-02,2.59,2.88,2.55,2.81,511000,0,0
2004-12-03,2.9,2.99,2.72,2.76,623500,0,0
2004-12-06,2.69,2.97,2.69,2.96,383700,0,0
2004-12-07,2.99,3.08,2.93,3.0,323500,0,0
2004-12-08,3.08,3.14,2.98,3.08,334800,0,0
2004-12-09,3.01,3.16,3.0,3.16,161700,0,0
2004-12-10,3.18,3.38,3.05,3.21,453100,0,0
2004-12-13,3.33,3.4,3.18,3.34,217300,0,0
2004-12-14,3.28,3.64,3.28,3.45,248800,0,0
2004-12-15,3.45,3.45,3.08,3.21,694000,0,0
2004-12-16,3.1,3.3,2.95,3.15,243900,0,0
2004-12-17,3.18,3.24,3.05,3.2,159400,0,0
2004-12-20,3.49,3.49,3.1,3.15,242400,0,0
2004-12-21,3.1,3.31,3.05,3.23,245000,0,0
2004-12-22,3.3,3.35,3.17,3.28,74200,0,0
2004-12-23,3.25,3.35,3.1,3.13,310200,0,0
2004-12-27,3.16,3.39,3.13,3.21,118400,0,0
2004-12-28,3.38,3.38,3.21,3.33,119000,0,0
2004-12-29,3.38,3.41,3.28,3.3,77900,0,0
2004-12-30,3.37,3.4,3.22,3.33,111100,0,0
2004-12-31,3.3,3.36,3.16,3.28,96500,0,0
2005-01-03,3.26,3.3,3.1,3.12,152700,0,0
2005-01-04,3.01,3.12,2.97,3.04,254200,0,0
2005-01-05,2.94,2.97,2.62,2.76,896300,0,0
2005-01-06,2.76,3.17,2.75,2.95,93200,0,0
2005-01-07,3.01,3.16,2.85,3.0,261500,0,0
2005-01-10,3.05,3.05,2.9,2.95,138900,0,0
2005-01-11,3.0,3.0,2.85,2.93,60000,0,0
2005-01-12,3.0,3.02,2.84,2.95,175300,0,0
2005-01-13,2.99,3.0,2.88,2.93,96800,0,0
2005-01-14,3.0,3.1,2.82,3.06,161400,0,0
2005-01-18,3.0,3.11,2.98,3.06,71900,0,0
2005-01-19,2.97,3.09,2.83,2.88,79100,0,0
2005-01-20,2.96,2.96,2.73,2.74,85000,0,0
2005-01-21,2.73,2.78,2.61,2.74,154400,0,0
2005-01-24,2.84,2.9,2.65,2.83,108700,0,0
2005-01-25,2.95,3.02,2.76,2.78,71300,0,0
2005-01-26,2.99,2.99,2.8,2.8,37200,0,0
2005-01-27,2.82,2.87,2.61,2.81,121200,0,0
2005-01-28,2.95,2.95,2.7,2.72,45600,0,0
2005-01-31,2.75,2.79,2.7,2.77,37000,0,0
2005-02-01,2.75,2.84,2.7,2.84,72700,0,0
2005-02-02,2.84,2.84,2.74,2.77,320900,0,0
2005-02-03,2.78,2.78,2.65,2.76,66600,0,0
2005-02-04,2.82,3.03,2.77,2.98,263100,0,0
2005-02-07,3.0,3.0,2.86,2.94,88100,0,0
2005-02-08,2.92,3.0,2.83,2.95,130800,0,0
2005-02-09,2.88,2.99,2.81,2.81,82200,0,0
2005-02-10,2.83,2.97,2.62,2.68,313400,0,0
2005-02-11,2.61,2.78,2.6,2.74,217000,0,0
2005-02-14,2.67,2.76,2.61,2.64,54700,0,0
2005-02-15,2.62,2.72,2.6,2.67,170300,0,0
2005-02-16,2.65,3.18,2.61,3.05,956200,0,0
2005-02-17,3.0,3.18,2.95,2.95,113200,0,0
2005-02-18,3.0,3.15,2.98,3.1,433800,0,0
2005-02-22,3.14,3.16,2.95,2.98,131400,0,0
2005-02-23,3.06,3.09,2.92,3.05,67200,0,0
2005-02-24,3.07,3.08,2.96,3.0,40900,0,0
2005-02-25,2.96,3.16,2.96,3.15,188100,0,0
2005-02-28,3.14,3.18,3.02,3.11,135400,0,0
2005-03-01,3.03,3.26,3.01,3.21,405300,0,0
2005-03-02,3.16,3.28,3.14,3.25,148900,0,0
2005-03-03,3.25,3.34,3.22,3.27,213300,0,0
2005-03-04,3.29,3.68,3.27,3.55,689400,0,0
2005-03-07,3.55,3.63,3.47,3.58,213900,0,0
2005-03-08,3.58,3.59,3.29,3.43,85100,0,0
2005-03-09,3.34,3.4,3.26,3.29,59900,0,0
2005-03-10,3.25,3.42,3.25,3.41,80500,0,0
2005-03-11,3.52,3.56,3.28,3.36,124300,0,0
2005-03-14,3.48,3.7,3.4,3.6,251700,0,0
2005-03-15,3.74,3.93,3.66,3.78,2698400,0,0
2005-03-16,3.78,3.97,3.52,3.58,527700,0,0
2005-03-17,3.5,3.75,3.46,3.71,161100,0,0
2005-03-18,3.79,3.8,3.51,3.52,161100,0,0
2005-03-21,3.48,3.63,3.3,3.4,151200,0,0
2005-03-22,3.4,3.54,3.2,3.37,101400,0,0
2005-03-23,3.34,3.42,3.19,3.25,118900,0,0
2005-03-24,3.22,3.48,3.22,3.27,142100,0,0
2005-03-28,3.28,3.42,3.1,3.4,100200,0,0
2005-03-29,3.36,3.5,3.22,3.41,109800,0,0
2005-03-30,3.44,3.65,3.33,3.65,107700,0,0
2005-03-31,3.63,3.65,3.45,3.64,123300,0,0
2005-04-01,3.64,3.65,3.39,3.39,161500,0,0
2005-04-04,3.4,3.46,3.25,3.4,43400,0,0
2005-04-05,3.4,3.4,3.33,3.4,42500,0,0
2005-04-06,3.44,3.47,3.34,3.45,148400,0,0
2005-04-07,3.49,3.55,3.46,3.52,155600,0,0
2005-04-08,3.56,3.56,3.38,3.4,54200,0,0
2005-04-11,3.4,3.43,3.16,3.16,151200,0,0
2005-04-12,3.15,3.25,3.1,3.17,186000,0,0
2005-04-13,3.14,3.15,2.98,3.09,288400,0,0
2005-04-14,3.12,3.18,3.05,3.12,117800,0,0
2005-04-15,3.13,3.14,2.96,2.98,132000,0,0
2005-04-18,3.08,3.11,3.0,3.08,94500,0,0
2005-04-19,3.06,3.21,3.01,3.18,99400,0,0
2005-04-20,3.19,3.24,3.05,3.09,50700,0,0
2005-04-21,3.09,3.17,3.09,3.14,44100,0,0
2005-04-22,3.1,3.1,3.0,3.0,114800,0,0
2005-04-25,3.05,3.05,2.81,2.85,92000,0,0
2005-04-26,2.81,2.91,2.8,2.81,52700,0,0
2005-04-27,2.81,2.87,2.81,2.86,65100,0,0
2005-04-28,2.82,2.83,2.73,2.73,52900,0,0
2005-04-29,2.77,2.82,2.66,2.76,145000,0,0
2005-05-02,2.76,2.8,2.65,2.8,162300,0,0
2005-05-03,2.8,2.99,2.72,2.93,76900,0,0
2005-05-04,2.98,3.06,2.84,3.0,194400,0,0
2005-05-05,3.0,3.05,2.85,3.0,100300,0,0
2005-05-06,3.05,3.06,2.96,2.96,43000,0,0
2005-05-09,3.0,3.02,2.93,3.0,65900,0,0
2005-05-10,2.93,3.02,2.81,3.0,168900,0,0
2005-05-11,3.05,3.05,2.81,2.93,57800,0,0
2005-05-12,3.0,3.16,2.82,2.85,160700,0,0
2005-05-13,2.92,3.07,2.85,2.95,94500,0,0
2005-05-16,2.89,3.07,2.89,3.03,89800,0,0
2005-05-17,3.0,3.22,2.95,3.13,104100,0,0
2005-05-18,3.14,3.34,3.02,3.24,136700,0,0
2005-05-19,3.26,3.4,3.15,3.25,94900,0,0
2005-05-20,3.29,3.31,3.15,3.19,75300,0,0
2005-05-23,3.3,3.6,3.3,3.35,177300,0,0
2005-05-24,3.38,3.5,3.35,3.49,265700,0,0
2005-05-25,3.5,3.55,3.37,3.52,206500,0,0
2005-05-26,3.58,3.76,3.5,3.68,276600,0,0
2005-05-27,3.68,3.79,3.63,3.71,244700,0,0
2005-05-31,3.8,4.0,3.59,3.59,253500,0,0
2005-06-01,4.0,4.07,3.76,3.97,554800,0,0
2005-06-02,4.0,4.0,3.63,3.77,201400,0,0
2005-06-03,3.81,3.81,3.6,3.62,138700,0,0
2005-06-06,3.69,3.74,3.57,3.6,97500,0,0
2005-06-07,3.59,3.88,3.59,3.76,208500,0,0
2005-06-08,3.8,3.95,3.71,3.76,166900,0,0
2005-06-09,3.85,3.85,3.6,3.73,53000,0,0
2005-06-10,3.76,3.96,3.7,3.9,144500,0,0
2005-06-13,3.9,4.3,3.89,4.09,859500,0,0
2005-06-14,4.11,4.38,4.1,4.19,461200,0,0
2005-06-15,4.2,4.4,4.15,4.26,347400,0,0
2005-06-16,4.3,4.56,4.21,4.5,953300,0,0
2005-06-17,4.53,4.75,4.36,4.43,759900,0,0
2005-06-20,4.5,4.61,4.28,4.39,416300,0,0
2005-06-21,4.38,4.48,4.1,4.38,325500,0,0
2005-06-22,4.4,4.45,4.14,4.43,406100,0,0
2005-06-23,4.39,4.5,4.16,4.27,236400,0,0
2005-06-24,4.27,4.27,4.1,4.25,393600,0,0
2005-06-27,4.24,4.27,4.15,4.2,86000,0,0
2005-06-28,4.24,4.85,4.23,4.81,980200,0,0
2005-06-29,4.92,5.1,4.77,4.95,804200,0,0
2005-06-30,5.07,5.23,4.98,5.09,441300,0,0
2005-07-01,5.11,5.25,5.07,5.13,221000,0,0
2005-07-05,5.15,5.21,4.95,5.0,441300,0,0
2005-07-06,5.01,5.09,4.7,4.9,361400,0,0
2005-07-07,4.8,4.9,4.73,4.85,222300,0,0
2005-07-08,4.77,5.04,4.77,5.03,279800,0,0
2005-07-11,5.06,5.18,5.01,5.12,290800,0,0
2005-07-12,5.2,5.35,5.0,5.35,445800,0,0
2005-07-13,5.4,5.79,5.36,5.77,624900,0,0
2005-07-14,5.8,6.06,5.74,5.88,736600,0,0
2005-07-15,5.85,6.0,5.45,5.84,359000,0,0
2005-07-18,5.85,5.91,5.62,5.82,218600,0,0
2005-07-19,5.82,6.15,5.8,5.98,618300,0,0
2005-07-20,6.04,6.23,5.99,6.11,385200,0,0
2005-07-21,6.11,6.5,6.1,6.17,502000,0,0
2005-07-22,6.28,6.45,5.58,5.9,597600,0,0
2005-07-25,5.86,6.1,5.75,5.99,365400,0,0
2005-07-26,6.0,6.15,5.9,6.09,290300,0,0
2005-07-27,6.12,6.14,5.9,6.0,301600,0,0
2005-07-28,6.06,6.1,5.98,6.06,388400,0,0
2005-07-29,6.1,6.15,5.87,6.01,217700,0,0
2005-08-01,6.02,6.3,5.95,6.11,409300,0,0
2005-08-02,6.13,6.13,5.94,6.04,227500,0,0
2005-08-03,5.99,6.15,5.98,6.0,297200,0,0
2005-08-04,6.0,6.0,5.75,5.83,258200,0,0
2005-08-05,5.8,6.19,5.1,6.05,780900,0,0
2005-08-08,6.18,6.2,5.89,6.05,607100,0,0
2005-08-09,6.08,6.12,5.9,6.05,243600,0,0
2005-08-10,6.15,6.15,5.81,5.91,294800,0,0
2005-08-11,5.85,6.02,5.85,5.9,172900,0,0
2005-08-12,5.87,5.99,5.85,5.95,135300,0,0
2005-08-15,5.99,6.0,5.84,5.98,87800,0,0
2005-08-16,6.1,6.1,5.69,5.7,233600,0,0
2005-08-17,5.65,5.7,5.34,5.45,343600,0,0
2005-08-18,5.46,5.73,5.34,5.62,202400,0,0
2005-08-19,5.62,5.67,5.4,5.59,75600,0,0
2005-08-22,5.76,5.95,5.7,5.89,167100,0,0
2005-08-23,6.0,6.05,5.77,5.83,273000,0,0
2005-08-24,5.86,6.0,5.85,5.92,212400,0,0
2005-08-25,5.98,6.0,5.9,5.95,363500,0,0
2005-08-26,5.99,5.99,5.79,5.8,125800,0,0
2005-08-29,5.77,5.95,5.64,5.84,314100,0,0
2005-08-30,5.86,5.98,5.78,5.85,307900,0,0
2005-08-31,5.85,6.1,5.76,5.95,726300,0,0
2005-09-01,5.95,6.1,5.93,5.96,230300,0,0
2005-09-02,5.98,6.5,5.95,6.37,477700,0,0
2005-09-06,6.4,6.74,6.4,6.65,1043700,0,0
2005-09-07,6.7,6.79,6.58,6.69,805900,0,0
2005-09-08,6.71,6.88,6.55,6.76,663300,0,0
2005-09-09,6.95,7.43,6.91,7.0,1343500,0,0
2005-09-12,6.94,7.25,6.8,7.15,594800,0,0
2005-09-13,7.21,7.22,7.02,7.12,200000,0,0
2005-09-14,7.09,7.2,6.8,6.89,264700,0,0
2005-09-15,6.86,7.05,6.79,6.89,197900,0,0
2005-09-16,6.98,7.04,6.85,6.88,476300,0,0
2005-09-19,6.84,6.9,6.58,6.67,331300,0,0
2005-09-20,6.6,6.63,6.24,6.38,780600,0,0
2005-09-21,6.4,6.5,6.19,6.4,254000,0,0
2005-09-22,6.37,6.48,6.25,6.44,128100,0,0
2005-09-23,6.46,6.87,6.3,6.65,263600,0,0
2005-09-26,6.73,6.88,6.5,6.71,237100,0,0
2005-09-27,6.66,6.89,6.44,6.71,172000,0,0
2005-09-28,6.64,6.67,6.37,6.46,263000,0,0
2005-09-29,6.51,6.68,6.38,6.61,191000,0,0
2005-09-30,6.6,6.85,6.49,6.85,246600,0,0
2005-10-03,6.85,7.0,6.72,6.83,202500,0,0
2005-10-04,6.81,7.0,6.7,6.78,263700,0,0
2005-10-05,6.76,6.86,6.49,6.56,250300,0,0
2005-10-06,6.63,6.7,6.2,6.35,345500,0,0
2005-10-07,6.35,6.48,6.0,6.25,257300,0,0
2005-10-10,6.3,6.5,6.19,6.38,149800,0,0
2005-10-11,6.44,6.69,6.28,6.56,255500,0,0
2005-10-12,6.59,6.73,5.86,6.1,425100,0,0
2005-10-13,6.08,6.5,5.9,6.45,219000,0,0
2005-10-14,6.5,6.9,6.44,6.88,435900,0,0
2005-10-17,6.9,6.9,6.62,6.75,211000,0,0
2005-10-18,6.75,7.15,6.75,6.88,955600,0,0
2005-10-19,6.92,7.08,6.75,7.0,511600,0,0
2005-10-20,7.08,7.14,6.81,6.89,380500,0,0
2005-10-21,6.9,6.95,6.8,6.9,314300,0,0
2005-10-24,6.93,6.98,6.81,6.91,344800,0,0
2005-10-25,6.84,6.92,6.77,6.84,159000,0,0
2005-10-26,6.88,7.39,6.88,7.18,484600,0,0
2005-10-27,7.04,7.04,6.35,6.4,693800,0,0
2005-10-28,6.4,6.5,6.16,6.27,407800,0,0
2005-10-31,6.24,6.46,6.24,6.34,240600,0,0
2005-11-01,6.3,6.43,5.95,5.95,600500,0,0
2005-11-02,5.45,5.52,5.04,5.14,4958600,0,0
2005-11-03,5.14,5.39,5.08,5.14,1216000,0,0
2005-11-04,5.17,5.35,5.08,5.35,547300,0,0
2005-11-07,5.41,5.55,5.25,5.42,542700,0,0
2005-11-08,5.35,5.42,5.25,5.4,471000,0,0
2005-11-09,5.4,5.43,5.1,5.23,377500,0,0
2005-11-10,5.75,5.75,5.23,5.42,956600,0,0
2005-11-11,5.42,5.45,5.24,5.37,300600,0,0
2005-11-14,5.34,5.48,5.33,5.36,365600,0,0
2005-11-15,5.4,5.4,5.05,5.07,461300,0,0
2005-11-16,5.04,5.25,5.04,5.07,433300,0,0
2005-11-17,5.37,5.4,5.14,5.28,423600,0,0
2005-11-18,5.34,5.4,5.0,5.21,1116000,0,0
2005-11-21,5.21,5.3,5.2,5.21,407200,0,0
2005-11-22,5.17,5.29,5.08,5.1,256800,0,0
2005-11-23,5.1,5.14,5.0,5.07,269500,0,0
2005-11-25,5.13,5.14,5.01,5.09,63200,0,0
2005-11-28,5.05,5.14,4.77,4.85,527800,0,0
2005-11-29,4.85,5.08,4.7,5.04,695900,0,0
2005-11-30,5.01,5.42,4.99,5.24,925300,0,0
2005-12-01,5.24,5.46,5.2,5.46,465000,0,0
2005-12-02,5.59,5.88,5.49,5.84,737100,0,0
2005-12-05,5.85,5.95,5.7,5.82,397200,0,0
2005-12-06,5.79,5.9,5.54,5.63,267300,0,0
2005-12-07,5.59,5.65,5.36,5.42,314800,0,0
2005-12-08,5.47,5.67,5.33,5.65,418800,0,0
2005-12-09,5.62,5.93,5.36,5.49,359800,0,0
2005-12-12,5.53,5.53,5.17,5.26,757900,0,0
2005-12-13,5.22,5.91,5.03,5.5,1684700,0,0
2005-12-14,5.5,5.54,5.21,5.25,513600,0,0
2005-12-15,5.25,5.34,5.09,5.28,458100,0,0
2005-12-16,5.39,5.55,5.2,5.28,691200,0,0
2005-12-19,5.36,5.44,5.13,5.16,274500,0,0
2005-12-20,5.23,5.3,5.1,5.16,247600,0,0
2005-12-21,5.1,5.2,5.06,5.14,241700,0,0
2005-12-22,5.2,5.37,5.15,5.31,228400,0,0
2005-12-23,5.29,5.45,5.23,5.3,400400,0,0
2005-12-27,5.54,5.65,5.18,5.27,438700,0,0
2005-12-28,5.24,5.26,5.06,5.1,412400,0,0
2005-12-29,5.1,5.15,5.02,5.07,217400,0,0
2005-12-30,5.12,5.14,5.0,5.07,436200,0,0
2006-01-03,5.07,5.19,4.91,5.07,396800,0,0
2006-01-04,5.03,5.17,4.96,5.01,232900,0,0
2006-01-05,5.01,5.02,4.89,4.94,464100,0,0
2006-01-06,4.94,5.31,4.9,5.27,545900,0,0
2006-01-09,5.3,5.35,5.13,5.22,422700,0,0
2006-01-10,5.15,5.21,5.03,5.1,477500,0,0
2006-01-11,5.06,5.19,4.93,5.02,612100,0,0
2006-01-12,5.09,5.1,4.98,5.03,254900,0,0
2006-01-13,5.07,5.07,4.93,4.96,343300,0,0
2006-01-17,4.91,4.94,4.75,4.79,593900,0,0
2006-01-18,4.75,4.79,4.69,4.71,243700,0,0
2006-01-19,4.66,4.73,4.4,4.63,689300,0,0
2006-01-20,4.64,4.7,4.48,4.56,260100,0,0
2006-01-23,4.56,4.63,4.4,4.44,345200,0,0
2006-01-24,4.44,4.5,4.06,4.14,1233200,0,0
2006-01-25,4.19,4.48,4.12,4.31,968700,0,0
2006-01-26,4.31,4.47,4.31,4.45,425700,0,0
2006-01-27,4.48,4.5,4.35,4.48,283900,0,0
2006-01-30,4.5,4.56,4.4,4.46,455800,0,0
2006-01-31,4.46,4.5,4.4,4.46,338300,0,0
2006-02-01,4.47,4.49,4.2,4.34,652000,0,0
2006-02-02,4.4,4.42,4.31,4.32,348200,0,0
2006-02-03,4.31,4.44,4.25,4.4,252100,0,0
2006-02-06,4.37,4.4,4.14,4.35,326300,0,0
2006-02-07,4.35,4.4,4.08,4.09,325200,0,0
2006-02-08,4.15,4.35,4.1,4.26,350200,0,0
2006-02-09,4.16,4.32,4.02,4.07,449800,0,0
2006-02-10,4.01,4.56,4.0,4.47,482700,0,0
2006-02-13,4.5,4.53,4.35,4.4,266600,0,0
2006-02-14,4.44,4.5,4.35,4.45,253900,0,0
2006-02-15,4.48,4.75,4.4,4.7,256000,0,0
2006-02-16,4.75,5.0,4.63,4.99,734900,0,0
2006-02-17,5.17,5.62,5.15,5.46,1254200,0,0
2006-02-21,5.25,5.59,5.2,5.47,658800,0,0
2006-02-22,5.5,5.55,5.38,5.46,332600,0,0
2006-02-23,5.46,5.76,5.27,5.67,749000,0,0
2006-02-24,5.63,5.69,5.38,5.52,476900,0,0
2006-02-27,5.52,5.8,5.52,5.74,477800,0,0
2006-02-28,5.77,5.82,5.59,5.69,543800,0,0
2006-03-01,5.74,5.8,5.5,5.74,406200,0,0
2006-03-02,5.71,5.8,5.65,5.73,248000,0,0
2006-03-03,5.7,5.75,5.63,5.72,276000,0,0
2006-03-06,5.76,5.76,5.65,5.7,260000,0,0
2006-03-07,5.72,5.74,5.51,5.57,765800,0,0
2006-03-08,5.54,5.65,5.51,5.64,151700,0,0
2006-03-09,5.65,5.75,5.55,5.71,264800,0,0
2006-03-10,5.67,5.8,5.65,5.73,568800,0,0
2006-03-13,5.71,5.87,5.71,5.76,188300,0,0
2006-03-14,5.79,5.82,5.67,5.72,237300,0,0
2006-03-15,5.72,5.77,5.58,5.75,139600,0,0
2006-03-16,5.75,5.83,5.71,5.82,172000,0,0
2006-03-17,5.84,6.0,5.81,5.97,515100,0,0
2006-03-20,6.0,6.23,5.95,6.17,401300,0,0
2006-03-21,6.0,6.24,5.98,6.0,484600,0,0
2006-03-22,5.86,6.05,5.65,5.74,1105900,0,0
2006-03-23,5.71,5.8,5.66,5.74,398700,0,0
2006-03-24,5.73,5.89,5.7,5.84,775100,0,0
2006-03-27,5.81,5.89,5.75,5.77,180600,0,0
2006-03-28,5.77,5.87,5.55,5.68,339600,0,0
2006-03-29,5.69,5.9,5.69,5.88,255800,0,0
2006-03-30,5.99,6.3,5.99,6.29,823800,0,0
2006-03-31,6.28,6.36,6.2,6.36,426800,0,0
2006-04-03,6.38,6.4,6.3,6.32,346800,0,0
2006-04-04,6.3,6.36,6.04,6.19,281600,0,0
2006-04-05,6.15,6.23,6.09,6.18,189700,0,0
2006-04-06,6.15,6.27,6.07,6.13,185600,0,0
2006-04-07,6.19,6.24,5.76,5.78,344600,0,0
2006-04-10,5.77,5.83,5.5,5.54,302900,0,0
2006-04-11,5.54,5.69,5.36,5.41,297900,0,0
2006-04-12,5.41,5.45,5.35,5.38,158100,0,0
2006-04-13,5.41,5.61,5.35,5.52,147000,0,0
2006-04-17,5.52,5.65,5.38,5.53,123600,0,0
2006-04-18,5.52,5.6,5.39,5.5,186300,0,0
2006-04-19,5.56,5.59,5.46,5.52,189400,0,0
2006-04-20,5.55,5.55,5.4,5.49,78300,0,0
2006-04-21,5.57,5.57,5.22,5.29,269200,0,0
2006-04-24,5.33,5.34,5.07,5.2,257900,0,0
2006-04-25,5.2,5.2,5.01,5.07,422300,0,0
2006-04-26,5.05,5.09,4.76,4.85,572900,0,0
2006-04-27,4.85,4.89,4.6,4.62,522500,0,0
2006-04-28,4.77,5.1,4.68,4.86,848700,0,0
2006-05-01,4.86,5.05,4.63,4.67,336500,0,0
2006-05-02,4.67,4.93,4.67,4.72,354500,0,0
2006-05-03,4.89,5.1,4.73,4.78,236000,0,0
2006-05-04,4.91,4.94,4.79,4.87,183100,0,0
2006-05-05,4.98,5.25,4.98,5.07,286200,0,0
2006-05-08,5.06,5.23,4.98,5.09,257400,0,0
2006-05-09,5.06,5.13,4.87,4.9,254600,0,0
2006-05-10,4.92,5.05,4.78,4.87,204100,0,0
2006-05-11,4.91,4.94,4.64,4.7,365000,0,0
2006-05-12,4.65,4.76,4.5,4.5,205000,0,0
2006-05-15,4.5,5.06,4.48,4.63,222200,0,0
2006-05-16,4.66,4.76,4.45,4.45,256900,0,0
2006-05-17,4.4,4.61,4.25,4.35,209100,0,0
2006-05-18,4.35,4.59,4.31,4.39,829900,0,0
2006-05-19,4.37,4.52,4.3,4.46,434100,0,0
2006-05-22,4.47,4.47,4.32,4.38,186000,0,0
2006-05-23,4.41,4.52,4.17,4.22,354200,0,0
2006-05-24,4.21,4.5,4.15,4.28,272300,0,0
2006-05-25,4.31,4.69,4.31,4.52,297900,0,0
2006-05-26,4.56,4.84,4.52,4.75,213600,0,0
2006-05-30,4.8,4.88,4.56,4.63,299600,0,0
2006-05-31,4.61,4.91,4.61,4.7,337700,0,0
2006-06-01,4.72,4.85,4.67,4.75,319200,0,0
2006-06-02,4.8,4.8,4.59,4.7,263800,0,0
2006-06-05,4.65,4.75,4.37,4.39,315400,0,0
2006-06-06,4.37,4.53,4.29,4.37,226100,0,0
2006-06-07,4.35,4.55,4.25,4.29,263600,0,0
2006-06-08,4.26,4.35,4.08,4.31,330100,0,0
2006-06-09,4.3,4.56,4.22,4.26,408400,0,0
2006-06-12,4.24,4.45,4.14,4.14,309400,0,0
2006-06-13,4.14,4.37,4.06,4.08,378300,0,0
2006-06-14,4.05,4.4,4.04,4.15,1038000,0,0
2006-06-15,4.17,4.44,4.17,4.34,420900,0,0
2006-06-16,4.35,4.42,4.07,4.12,905800,0,0
2006-06-19,4.08,4.19,4.0,4.03,376500,0,0
2006-06-20,4.0,4.08,3.88,3.92,357700,0,0
2006-06-21,3.93,4.14,3.93,4.0,266800,0,0
2006-06-22,3.96,4.03,3.87,3.96,508600,0,0
2006-06-23,3.96,3.97,3.86,3.91,442900,0,0
2006-06-26,3.96,4.0,3.74,3.85,1100700,0,0
2006-06-27,3.82,3.97,3.76,3.82,424300,0,0
2006-06-28,3.82,3.84,3.59,3.62,1286800,0,0
2006-06-29,3.62,4.07,3.62,3.88,921800,0,0
2006-06-30,3.92,3.99,3.84,3.87,1386900,0,0
2006-07-03,3.85,3.93,3.7,3.71,240300,0,0
2006-07-05,3.71,3.83,3.58,3.82,617000,0,0
2006-07-06,3.82,3.82,3.58,3.62,206300,0,0
2006-07-07,3.6,3.71,3.51,3.54,344400,0,0
2006-07-10,3.53,3.57,3.4,3.45,431700,0,0
2006-07-11,3.46,3.54,3.15,3.45,495600,0,0
2006-07-12,3.44,3.48,3.25,3.29,248500,0,0
2006-07-13,3.25,3.31,3.2,3.28,296800,0,0
2006-07-14,3.26,3.28,3.08,3.14,484500,0,0
2006-07-17,3.13,3.34,3.0,3.01,460900,0,0
2006-07-18,3.05,3.11,2.97,3.01,371600,0,0
2006-07-19,3.02,3.25,3.0,3.2,328500,0,0
2006-07-20,3.15,3.26,2.96,2.99,550300,0,0
2006-07-21,2.97,2.97,2.56,2.76,744500,0,0
2006-07-24,2.77,3.12,2.77,3.08,695600,0,0
2006-07-25,3.38,3.6,3.1,3.33,551500,0,0
2006-07-26,3.32,3.32,3.1,3.18,370100,0,0
2006-07-27,3.24,3.32,3.0,3.06,350800,0,0
2006-07-28,3.05,3.18,2.87,3.05,842200,0,0
2006-07-31,3.02,3.16,3.02,3.15,454200,0,0
2006-08-01,3.11,3.45,3.01,3.29,564500,0,0
2006-08-02,3.32,4.0,3.26,3.9,1016800,0,0
2006-08-03,3.85,3.86,3.63,3.73,363800,0,0
2006-08-04,3.73,3.99,3.53,3.71,395400,0,0
2006-08-07,3.67,3.73,3.54,3.6,121600,0,0
2006-08-08,3.59,3.74,3.36,3.36,221700,0,0
2006-08-09,3.41,3.6,3.25,3.26,284600,0,0
2006-08-10,3.22,3.79,3.18,3.66,363600,0,0
2006-08-11,3.67,3.9,3.58,3.82,396600,0,0
2006-08-14,3.89,3.99,3.48,3.5,287400,0,0
2006-08-15,3.59,3.71,3.53,3.59,177400,0,0
2006-08-16,3.76,3.9,3.72,3.79,253500,0,0
2006-08-17,3.76,3.9,3.72,3.77,143400,0,0
2006-08-18,3.8,3.8,3.65,3.78,115100,0,0
2006-08-21,3.77,3.79,3.57,3.62,151500,0,0
2006-08-22,3.6,3.6,3.43,3.58,209400,0,0
2006-08-23,3.58,3.6,3.46,3.48,96300,0,0
2006-08-24,3.47,3.59,3.41,3.44,97800,0,0
2006-08-25,3.45,3.57,3.4,3.41,115500,0,0
2006-08-28,3.45,3.54,3.44,3.51,157600,0,0
2006-08-29,3.55,3.81,3.45,3.8,247400,0,0
2006-08-30,3.78,3.9,3.68,3.79,218300,0,0
2006-08-31,3.83,3.85,3.61,3.64,577600,0,0
2006-09-01,3.65,3.83,3.51,3.74,144600,0,0
2006-09-05,4.0,4.09,3.71,3.79,441600,0,0
2006-09-06,3.78,3.79,3.57,3.6,273900,0,0
2006-09-07,3.6,3.71,3.49,3.5,223200,0,0
2006-09-08,3.53,3.72,3.53,3.7,238600,0,0
2006-09-11,3.67,3.82,3.62,3.76,218100,0,0
2006-09-12,3.74,3.97,3.7,3.96,292300,0,0
2006-09-13,3.99,3.99,3.81,3.93,393400,0,0
2006-09-14,3.97,4.0,3.82,3.88,363800,0,0
2006-09-15,3.92,4.13,3.92,4.03,704700,0,0
2006-09-18,4.0,4.15,3.93,4.0,300500,0,0
2006-09-19,3.92,4.06,3.84,4.06,370800,0,0
2006-09-20,4.08,4.12,3.93,3.99,456000,0,0
2006-09-21,4.02,4.16,3.99,4.15,257300,0,0
2006-09-22,4.12,4.15,3.88,3.88,310600,0,0
2006-09-25,3.9,4.15,3.86,4.14,188000,0,0
2006-09-26,4.11,4.18,3.98,4.08,234300,0,0
2006-09-27,4.05,4.26,3.95,4.24,267300,0,0
2006-09-28,4.23,4.33,4.06,4.21,204600,0,0
2006-09-29,4.23,4.3,4.08,4.1,217100,0,0
2006-10-02,4.17,4.26,3.93,4.02,206700,0,0
2006-10-03,3.99,4.11,3.93,4.05,211100,0,0
2006-10-04,4.06,4.26,4.02,4.25,298400,0,0
2006-10-05,4.24,4.35,4.16,4.31,167200,0,0
2006-10-06,4.28,4.4,4.17,4.27,117800,0,0
2006-10-09,4.27,4.27,4.1,4.2,180400,0,0
2006-10-10,4.22,4.31,4.11,4.26,165500,0,0
2006-10-11,4.26,4.3,4.1,4.17,188200,0,0
2006-10-12,4.22,4.49,4.21,4.45,208400,0,0
2006-10-13,4.47,4.51,4.27,4.49,279200,0,0
2006-10-16,4.48,4.55,4.31,4.5,214900,0,0
2006-10-17,4.45,4.55,4.39,4.4,182800,0,0
2006-10-18,4.45,4.8,4.36,4.67,254600,0,0
2006-10-19,4.65,4.89,4.57,4.68,334000,0,0
2006-10-20,4.7,4.79,4.54,4.68,265300,0,0
2006-10-23,4.65,4.76,4.53,4.72,211400,0,0
2006-10-24,4.7,4.72,4.57,4.7,193900,0,0
2006-10-25,4.69,4.91,4.67,4.82,313400,0,0
2006-10-26,4.85,4.98,4.75,4.81,288300,0,0
2006-10-27,4.82,4.9,4.55,4.69,218200,0,0
2006-10-30,4.66,4.9,4.56,4.88,153900,0,0
2006-10-31,4.87,4.87,4.63,4.65,244600,0,0
2006-11-01,4.65,4.7,4.23,4.31,348400,0,0
2006-11-02,4.26,4.45,4.21,4.3,188100,0,0
2006-11-03,4.21,4.45,3.94,4.26,804500,0,0
2006-11-06,4.21,4.27,4.01,4.13,385800,0,0
2006-11-07,4.13,4.44,4.1,4.22,237000,0,0
2006-11-08,4.19,4.22,4.02,4.1,180300,0,0
2006-11-09,4.09,4.1,3.85,3.97,311300,0,0
2006-11-10,4.0,4.19,3.78,4.16,311800,0,0
2006-11-13,4.15,4.21,4.06,4.13,167100,0,0
2006-11-14,4.13,4.48,4.06,4.48,251000,0,0
2006-11-15,4.45,4.5,4.36,4.44,310700,0,0
2006-11-16,4.44,4.47,4.33,4.41,168100,0,0
2006-11-17,4.42,4.47,4.3,4.45,173400,0,0
2006-11-20,4.43,4.46,4.27,4.33,116700,0,0
2006-11-21,4.34,4.41,4.14,4.15,166000,0,0
2006-11-22,4.15,4.16,3.97,3.99,174200,0,0
2006-11-24,3.97,4.07,3.95,4.02,74800,0,0
2006-11-27,4.0,4.02,3.68,3.78,311100,0,0
2006-11-28,3.79,3.85,3.63,3.77,598500,0,0
2006-11-29,3.78,3.88,3.73,3.8,759000,0,0
2006-11-30,5.4,5.55,4.6,4.68,8945600,0,0
2006-12-01,4.68,5.04,4.59,5.0,2508500,0,0
2006-12-04,4.99,5.0,4.87,5.0,906500,0,0
2006-12-05,5.05,5.09,4.7,4.78,1006200,0,0
2006-12-06,4.74,4.98,4.63,4.97,407700,0,0
2006-12-07,4.96,5.0,4.76,4.77,449200,0,0
2006-12-08,4.75,4.99,4.69,4.84,496900,0,0
2006-12-11,4.87,4.92,4.64,4.76,572500,0,0
2006-12-12,4.75,4.85,4.55,4.77,452600,0,0
2006-12-13,4.99,5.0,4.65,4.66,831300,0,0
2006-12-14,4.69,4.73,4.51,4.56,504600,0,0
2006-12-15,4.58,4.75,4.53,4.56,637100,0,0
2006-12-18,4.58,4.73,4.52,4.53,358300,0,0
2006-12-19,4.52,4.74,4.5,4.53,348300,0,0
2006-12-20,4.53,4.58,4.36,4.49,374700,0,0
2006-12-21,4.49,4.61,4.44,4.52,508200,0,0
2006-12-22,4.49,4.51,4.41,4.49,243100,0,0
2006-12-26,4.46,4.55,4.43,4.54,257600,0,0
2006-12-27,4.57,4.65,4.43,4.48,266200,0,0
2006-12-28,4.44,4.53,4.41,4.53,271100,0,0
2006-12-29,4.5,4.54,4.41,4.44,289600,0,0
2007-01-03,4.48,4.5,4.15,4.39,380300,0,0
2007-01-04,4.36,4.5,4.23,4.47,313100,0,0
2007-01-05,4.44,4.45,4.33,4.4,288600,0,0
2007-01-08,4.37,4.41,4.3,4.36,216300,0,0
2007-01-09,4.34,4.41,4.23,4.39,224900,0,0
2007-01-10,4.34,4.4,4.22,4.3,259200,0,0
2007-01-11,4.3,4.45,4.23,4.34,382000,0,0
2007-01-12,4.33,4.46,4.33,4.4,233700,0,0
2007-01-16,4.41,4.5,4.3,4.34,410100,0,0
2007-01-17,4.31,4.53,4.29,4.5,618600,0,0
2007-01-18,4.45,4.5,4.38,4.45,391000,0,0
2007-01-19,4.41,4.5,4.35,4.49,289000,0,0
2007-01-22,4.48,4.5,4.43,4.44,188400,0,0
2007-01-23,4.41,4.47,4.35,4.45,248400,0,0
2007-01-24,4.47,4.6,4.33,4.56,300200,0,0
2007-01-25,4.53,4.54,4.33,4.36,1273700,0,0
2007-01-26,4.36,4.48,4.23,4.46,1025500,0,0
2007-01-29,4.64,4.64,4.46,4.57,324600,0,0
2007-01-30,4.57,4.62,4.52,4.59,184800,0,0
2007-01-31,4.6,4.61,4.41,4.42,287600,0,0
2007-02-01,4.44,4.53,4.4,4.5,314300,0,0
2007-02-02,4.49,4.5,4.4,4.44,311400,0,0
2007-02-05,4.42,4.48,4.32,4.35,352100,0,0
2007-02-06,4.39,4.43,4.28,4.36,245900,0,0
2007-02-07,4.36,4.45,4.28,4.38,191400,0,0
2007-02-08,4.35,4.46,4.32,4.44,163400,0,0
2007-02-09,4.4,4.49,4.32,4.42,339600,0,0
2007-02-12,4.42,4.44,4.29,4.33,287900,0,0
2007-02-13,4.35,4.39,4.23,4.25,302600,0,0
2007-02-14,4.24,4.31,4.18,4.26,284000,0,0
2007-02-15,4.26,4.26,4.17,4.22,275200,0,0
2007-02-16,4.23,4.24,4.1,4.17,279500,0,0
2007-02-20,4.18,4.28,4.12,4.26,138200,0,0
2007-02-21,4.23,4.23,4.1,4.13,246900,0,0
2007-02-22,4.13,4.19,4.06,4.12,249600,0,0
2007-02-23,4.12,4.22,4.12,4.15,188600,0,0
2007-02-26,4.2,4.23,4.13,4.16,218500,0,0
2007-02-27,4.15,4.16,3.88,3.91,558600,0,0
2007-02-28,3.91,4.07,3.91,4.03,346300,0,0
2007-03-01,4.0,4.06,3.91,3.99,329000,0,0
2007-03-02,3.91,4.0,3.89,3.92,410500,0,0
2007-03-05,3.86,3.97,3.81,3.89,386200,0,0
2007-03-06,3.94,4.2,3.93,4.14,291800,0,0
2007-03-07,4.13,4.25,4.0,4.03,584400,0,0
2007-03-08,4.07,4.13,3.98,4.02,482600,0,0
2007-03-09,4.06,4.08,3.97,4.0,221400,0,0
2007-03-12,4.02,4.08,3.96,4.02,156200,0,0
2007-03-13,3.98,4.04,3.86,3.92,362000,0,0
2007-03-14,3.9,3.98,3.85,3.92,234400,0,0
2007-03-15,3.93,4.1,3.92,4.0,181100,0,0
2007-03-16,3.99,4.02,3.86,3.94,460600,0,0
2007-03-19,3.97,4.01,3.94,3.97,172900,0,0
2007-03-20,3.96,4.02,3.82,3.92,198600,0,0
2007-03-21,3.93,4.15,3.89,4.15,185200,0,0
2007-03-22,3.9,4.15,3.85,4.07,202500,0,0
2007-03-23,4.08,4.25,3.97,4.21,209600,0,0
2007-03-26,4.25,4.25,4.14,4.22,97900,0,0
2007-03-27,4.22,4.25,4.03,4.04,129400,0,0
2007-03-28,4.02,4.09,3.95,4.05,130300,0,0
2007-03-29,4.08,4.16,3.95,4.13,230600,0,0
2007-03-30,4.13,4.2,3.98,4.16,197500,0,0
2007-04-02,4.18,4.22,4.11,4.19,188500,0,0
2007-04-03,4.22,4.44,4.18,4.33,202200,0,0
2007-04-04,4.3,4.4,4.3,4.39,176900,0,0
2007-04-05,4.38,4.48,4.31,4.43,145300,0,0
2007-04-09,4.48,4.57,4.38,4.52,229500,0,0
2007-04-10,4.51,4.68,4.39,4.45,233400,0,0
2007-04-11,4.48,4.62,4.42,4.48,252900,0,0
2007-04-12,4.46,4.7,4.42,4.68,251400,0,0
2007-04-13,4.67,4.7,4.55,4.7,163200,0,0
2007-04-16,4.71,4.95,4.68,4.87,337200,0,0
2007-04-17,4.86,4.95,4.78,4.85,215500,0,0
2007-04-18,4.79,4.85,4.74,4.74,234800,0,0
2007-04-19,4.69,4.75,4.57,4.75,255600,0,0
2007-04-20,4.83,4.95,4.73,4.84,316400,0,0
2007-04-23,4.81,4.9,4.73,4.76,216100,0,0
2007-04-24,4.76,4.87,4.74,4.83,257200,0,0
2007-04-25,4.9,4.9,4.75,4.83,409800,0,0
2007-04-26,4.82,4.88,4.74,4.82,311500,0,0
2007-04-27,4.8,4.84,4.65,4.69,192800,0,0
2007-04-30,4.69,4.71,4.46,4.47,272800,0,0
2007-05-01,4.46,4.53,4.35,4.53,262900,0,0
2007-05-02,4.51,4.78,4.51,4.63,383200,0,0
2007-05-03,4.64,4.79,4.59,4.77,454900,0,0
2007-05-04,4.73,4.77,4.62,4.66,443600,0,0
2007-05-07,4.65,4.74,4.56,4.62,403300,0,0
2007-05-08,4.56,4.65,4.41,4.61,491200,0,0
2007-05-09,4.57,4.61,4.43,4.5,272000,0,0
2007-05-10,4.45,4.56,4.3,4.3,393500,0,0
2007-05-11,4.33,4.45,4.3,4.41,222100,0,0
2007-05-14,4.4,4.47,4.35,4.37,240300,0,0
2007-05-15,4.36,4.54,4.29,4.33,265300,0,0
2007-05-16,4.35,4.35,4.27,4.35,154100,0,0
2007-05-17,4.35,4.35,4.22,4.26,199300,0,0
2007-05-18,4.26,4.35,4.18,4.32,215200,0,0
2007-05-21,4.29,4.38,4.25,4.36,281900,0,0
2007-05-22,4.33,4.46,4.19,4.4,226800,0,0
2007-05-23,4.4,4.43,4.26,4.33,219800,0,0
2007-05-24,4.37,4.37,4.11,4.18,228400,0,0
2007-05-25,4.19,4.28,4.1,4.15,169400,0,0
2007-05-29,4.17,4.23,4.03,4.05,149600,0,0
2007-05-30,4.01,4.06,3.81,3.95,735900,0,0
2007-05-31,3.93,4.0,3.89,4.0,303500,0,0
2007-06-01,4.0,4.19,3.96,4.11,360000,0,0
2007-06-04,4.09,4.12,3.92,4.02,248200,0,0
2007-06-05,3.99,4.07,3.89,4.02,268700,0,0
2007-06-06,3.99,4.04,3.92,3.96,274000,0,0
2007-06-07,3.92,3.97,3.88,3.96,240100,0,0
2007-06-08,3.95,4.0,3.9,3.94,129200,0,0
2007-06-11,3.95,3.99,3.88,3.88,125100,0,0
2007-06-12,3.85,3.91,3.74,3.79,166900,0,0
2007-06-13,3.81,3.91,3.78,3.89,168400,0,0
2007-06-14,3.88,4.03,3.83,3.99,184700,0,0
2007-06-15,4.11,4.11,4.0,4.03,404900,0,0
2007-06-18,4.03,4.03,3.89,3.97,210100,0,0
2007-06-19,3.94,3.95,3.82,3.88,229600,0,0
2007-06-20,3.88,3.95,3.76,3.82,254700,0,0
2007-06-21,3.79,3.91,3.78,3.85,264300,0,0
2007-06-22,3.83,3.85,3.73,3.78,700400,0,0
2007-06-25,3.75,3.91,3.65,3.8,1084700,0,0
2007-06-26,3.82,3.83,3.77,3.79,346300,0,0
2007-06-27,3.75,3.98,3.73,3.97,507700,0,0
2007-06-28,3.98,4.03,3.91,3.96,245300,0,0
2007-06-29,3.95,4.21,3.83,3.85,780500,0,0
2007-07-02,3.88,3.95,3.82,3.89,327700,0,0
2007-07-03,3.9,3.9,3.81,3.85,169400,0,0
2007-07-05,3.85,3.87,3.8,3.85,188700,0,0
2007-07-06,3.84,3.86,3.79,3.84,127200,0,0
2007-07-09,3.82,3.89,3.67,3.68,280900,0,0
2007-07-10,3.68,3.9,3.6,3.7,409600,0,0
2007-07-11,3.69,3.88,3.66,3.8,462400,0,0
2007-07-12,3.83,3.85,3.76,3.85,138200,0,0
2007-07-13,3.83,3.85,3.78,3.82,117100,0,0
2007-07-16,3.82,3.83,3.69,3.73,181900,0,0
2007-07-17,3.9,4.45,3.89,4.41,1142500,0,0
2007-07-18,4.41,4.57,4.3,4.56,1483500,0,0
2007-07-19,4.58,4.81,4.55,4.81,759300,0,0
2007-07-20,4.8,4.88,4.48,4.79,814500,0,0
2007-07-23,4.8,4.97,4.7,4.88,520500,0,0
2007-07-24,4.9,4.9,4.5,4.61,532800,0,0
2007-07-25,4.63,4.7,4.44,4.61,403200,0,0
2007-07-26,4.51,4.54,4.39,4.41,297500,0,0
2007-07-27,4.4,4.41,4.25,4.35,450500,0,0
2007-07-30,4.33,4.35,4.21,4.27,369200,0,0
2007-07-31,4.32,4.4,4.19,4.3,354400,0,0
2007-08-01,4.34,4.46,4.13,4.35,333100,0,0
2007-08-02,4.37,4.44,4.18,4.37,176800,0,0
2007-08-03,4.38,4.39,4.07,4.12,472200,0,0
2007-08-06,4.08,4.37,4.04,4.35,375400,0,0
2007-08-07,4.38,4.74,4.24,4.65,373600,0,0
2007-08-08,4.82,5.25,4.82,5.14,1379400,0,0
2007-08-09,5.01,5.44,4.81,4.88,1164300,0,0
2007-08-10,4.85,5.4,4.78,4.91,711500,0,0
2007-08-13,5.01,5.13,4.93,5.05,530400,0,0
2007-08-14,5.05,5.05,4.85,4.85,367400,0,0
2007-08-15,4.85,5.11,4.73,4.78,433400,0,0
2007-08-16,4.72,5.24,4.5,5.24,426600,0,0
2007-08-17,5.45,5.45,4.94,4.98,467800,0,0
2007-08-20,5.01,5.16,4.81,4.91,203800,0,0
2007-08-21,4.95,5.13,4.77,4.81,185000,0,0
2007-08-22,4.87,5.05,4.8,4.96,278400,0,0
2007-08-23,5.03,5.09,4.8,4.88,250000,0,0
2007-08-24,4.89,4.98,4.79,4.89,216200,0,0
2007-08-27,4.88,4.91,4.71,4.77,171100,0,0
2007-08-28,4.73,4.83,4.59,4.59,269400,0,0
2007-08-29,4.63,4.94,4.6,4.91,196200,0,0
2007-08-30,4.85,5.1,4.81,5.08,478300,0,0
2007-08-31,5.1,5.1,4.86,5.07,217900,0,0
2007-09-04,5.06,5.17,5.0,5.13,209900,0,0
2007-09-05,5.12,5.23,5.06,5.08,267200,0,0
2007-09-06,5.09,5.45,5.08,5.39,340900,0,0
2007-09-07,5.39,5.39,5.21,5.27,334000,0,0
2007-09-10,5.29,5.35,5.21,5.26,197000,0,0
2007-09-11,5.28,5.38,5.24,5.34,151000,0,0
2007-09-12,5.33,5.45,5.3,5.42,197000,0,0
2007-09-13,5.46,5.46,5.26,5.28,241800,0,0
2007-09-14,5.25,5.3,5.13,5.25,235000,0,0
2007-09-17,5.23,5.33,5.15,5.22,213500,0,0
2007-09-18,5.25,5.42,5.12,5.39,333300,0,0
2007-09-19,5.44,5.45,5.25,5.4,366900,0,0
2007-09-20,5.39,5.65,5.39,5.57,941400,0,0
2007-09-21,5.62,5.62,5.42,5.48,551900,0,0
2007-09-24,5.49,5.61,5.34,5.53,278000,0,0
2007-09-25,5.5,5.57,5.33,5.45,177500,0,0
2007-09-26,5.48,5.64,5.38,5.52,183500,0,0
2007-09-27,5.55,5.68,5.48,5.66,427600,0,0
2007-09-28,5.63,5.67,5.45,5.48,335100,0,0
2007-10-01,5.46,5.72,5.46,5.57,346900,0,0
2007-10-02,5.6,5.67,5.47,5.64,325400,0,0
2007-10-03,5.54,5.8,5.48,5.55,174000,0,0
2007-10-04,5.58,5.82,5.53,5.68,187100,0,0
2007-10-05,5.76,5.98,5.64,5.91,325200,0,0
2007-10-08,5.92,5.98,5.67,5.89,160900,0,0
2007-10-09,5.95,6.0,5.74,5.93,288600,0,0
2007-10-10,5.93,6.0,5.79,5.94,277800,0,0
2007-10-11,5.9,5.95,5.68,5.77,248300,0,0
2007-10-12,5.78,5.94,5.76,5.89,383700,0,0
2007-10-15,5.87,5.94,5.75,5.86,263300,0,0
2007-10-16,5.84,5.84,5.6,5.76,195700,0,0
2007-10-17,5.82,5.96,5.77,5.96,302300,0,0
2007-10-18,5.94,5.96,5.7,5.75,293300,0,0
2007-10-19,5.75,5.75,5.41,5.41,305400,0,0
2007-10-22,5.39,5.68,5.28,5.65,246900,0,0
2007-10-23,5.67,5.67,5.43,5.61,149100,0,0
2007-10-24,5.56,5.65,5.2,5.4,259000,0,0
2007-10-25,5.41,5.57,5.24,5.42,244100,0,0
2007-10-26,5.51,5.62,5.33,5.61,246000,0,0
2007-10-29,5.62,5.96,5.62,5.87,500200,0,0
2007-10-30,5.9,5.9,5.66,5.69,183200,0,0
2007-10-31,5.78,5.83,5.6,5.82,197500,0,0
2007-11-01,5.65,5.84,5.36,5.39,439700,0,0
2007-11-02,5.5,5.72,5.42,5.55,321900,0,0
2007-11-05,5.46,5.74,5.3,5.36,287400,0,0
2007-11-06,5.43,5.48,5.22,5.47,258800,0,0
2007-11-07,5.32,5.39,5.04,5.04,330300,0,0
2007-11-08,5.09,5.2,5.0,5.12,245800,0,0
2007-11-09,5.01,5.22,5.01,5.04,253500,0,0
2007-11-12,5.02,5.15,4.89,5.11,214400,0,0
2007-11-13,5.17,5.18,4.94,5.08,368000,0,0
2007-11-14,5.12,5.12,4.93,5.0,249600,0,0
2007-11-15,4.99,5.26,4.92,5.2,186600,0,0
2007-11-16,5.21,5.4,4.94,5.28,438100,0,0
2007-11-19,5.21,5.3,4.99,5.03,203700,0,0
2007-11-20,5.04,5.26,5.0,5.11,281800,0,0
2007-11-21,5.09,5.23,4.96,5.07,229400,0,0
2007-11-23,5.12,5.37,5.09,5.33,77500,0,0
2007-11-26,5.33,5.38,5.15,5.18,242500,0,0
2007-11-27,5.19,5.32,5.06,5.27,315500,0,0
2007-11-28,5.34,5.95,5.26,5.87,460300,0,0
2007-11-29,5.84,5.96,5.73,5.8,267000,0,0
2007-11-30,5.9,6.41,5.8,5.8,1069000,0,0
2007-12-03,5.84,5.98,5.64,5.86,332100,0,0
2007-12-04,5.79,5.86,5.69,5.75,261100,0,0
2007-12-05,5.85,6.11,5.82,6.11,220600,0,0
2007-12-06,6.31,6.78,6.21,6.72,870600,0,0
2007-12-07,6.78,6.78,6.21,6.45,396500,0,0
2007-12-10,6.48,6.78,6.48,6.69,1086000,0,0
2007-12-11,6.75,6.87,6.33,6.36,473000,0,0
2007-12-12,6.55,6.84,6.18,6.47,543600,0,0
2007-12-13,6.4,6.77,6.3,6.68,288600,0,0
2007-12-14,6.56,6.69,6.27,6.3,394000,0,0
2007-12-17,6.25,6.63,6.22,6.37,368600,0,0
2007-12-18,6.5,6.87,6.35,6.82,472100,0,0
2007-12-19,6.76,6.96,6.62,6.76,580500,0,0
2007-12-20,6.84,6.84,6.54,6.74,368300,0,0
2007-12-21,6.88,6.92,6.72,6.78,1078300,0,0
2007-12-24,6.86,6.9,6.75,6.79,183500,0,0
2007-12-26,6.76,6.9,6.71,6.9,417500,0,0
2007-12-27,6.89,6.89,6.39,6.39,343800,0,0
2007-12-28,6.52,6.61,6.34,6.43,277800,0,0
2007-12-31,6.39,6.7,6.26,6.43,295000,0,0
2008-01-02,6.41,6.45,6.0,6.21,542300,0,0
2008-01-03,6.25,6.29,6.02,6.1,315100,0,0
2008-01-04,6.17,6.24,6.02,6.13,405300,0,0
2008-01-07,6.17,6.32,6.02,6.28,293300,0,0
2008-01-08,6.3,6.36,6.05,6.15,278600,0,0
2008-01-09,6.12,6.5,6.07,6.21,427200,0,0
2008-01-10,6.11,6.48,6.0,6.3,301900,0,0
2008-01-11,6.25,6.44,6.14,6.27,169700,0,0
2008-01-14,6.35,6.55,6.31,6.38,244000,0,0
2008-01-15,6.27,6.44,6.18,6.29,312900,0,0
2008-01-16,6.28,6.51,6.26,6.37,267800,0,0
2008-01-17,6.38,6.44,6.0,6.04,309800,0,0
2008-01-18,5.96,6.13,5.54,5.89,474700,0,0
2008-01-22,5.64,6.16,5.44,5.94,278900,0,0
2008-01-23,5.81,6.51,5.51,6.43,363400,0,0
2008-01-24,6.44,6.44,5.7,5.7,333100,0,0
2008-01-25,5.8,5.95,5.52,5.53,219700,0,0
2008-01-28,5.53,5.67,5.4,5.53,259300,0,0
2008-01-29,5.58,5.58,5.07,5.23,267400,0,0
2008-01-30,5.18,5.64,5.18,5.26,267200,0,0
2008-01-31,5.15,5.33,5.02,5.09,486300,0,0
2008-02-01,5.11,5.43,5.11,5.4,295600,0,0
2008-02-04,5.47,5.57,5.3,5.5,230000,0,0
2008-02-05,5.31,5.48,5.1,5.15,316600,0,0
2008-02-06,5.42,5.65,5.16,5.19,496000,0,0
2008-02-07,5.18,5.63,5.12,5.6,442400,0,0
2008-02-08,5.58,5.74,5.3,5.33,276800,0,0
2008-02-11,5.33,5.42,5.2,5.21,348500,0,0
2008-02-12,5.24,5.39,5.11,5.26,384700,0,0
2008-02-13,5.3,5.42,5.26,5.42,309100,0,0
2008-02-14,5.43,5.43,5.21,5.25,433100,0,0
2008-02-15,5.21,5.39,5.19,5.35,324900,0,0
2008-02-19,5.43,5.59,5.41,5.56,254100,0,0
2008-02-20,5.52,5.56,5.17,5.33,303500,0,0
2008-02-21,5.38,5.48,4.94,4.95,492900,0,0
2008-02-22,4.96,5.0,4.73,4.92,569600,0,0
2008-02-25,4.91,5.3,4.89,5.3,340400,0,0
2008-02-26,5.27,5.48,5.1,5.28,290500,0,0
2008-02-27,5.22,5.55,5.2,5.36,246700,0,0
2008-02-28,5.31,5.56,5.05,5.05,370800,0,0
2008-02-29,5.0,5.35,4.92,4.97,366600,0,0
2008-03-03,4.99,5.11,4.83,4.94,275800,0,0
2008-03-04,4.88,4.99,4.8,4.97,185500,0,0
2008-03-05,5.0,5.09,4.87,4.99,221400,0,0
2008-03-06,4.95,5.05,4.72,4.76,329400,0,0
2008-03-07,4.7,4.81,4.51,4.73,253900,0,0
2008-03-10,4.76,4.84,4.04,4.07,429600,0,0
2008-03-11,4.25,4.74,4.12,4.74,399900,0,0
2008-03-12,4.75,4.99,4.49,4.7,294800,0,0
2008-03-13,4.63,4.93,4.27,4.85,322000,0,0
2008-03-14,4.91,4.94,4.4,4.79,383200,0,0
2008-03-17,4.64,4.94,4.44,4.77,325200,0,0
2008-03-18,4.87,5.06,4.62,5.05,485000,0,0
2008-03-19,5.06,5.25,4.71,4.83,450400,0,0
2008-03-20,4.94,5.13,4.75,5.02,1104500,0,0
2008-03-24,5.05,5.23,4.98,5.1,403500,0,0
2008-03-25,5.12,5.24,5.02,5.2,204800,0,0
2008-03-26,5.16,5.37,5.05,5.37,458100,0,0
2008-03-27,5.39,5.43,5.28,5.36,273300,0,0
2008-03-28,5.38,5.51,5.15,5.18,202700,0,0
2008-03-31,5.2,5.34,5.12,5.25,197000,0,0
2008-04-01,5.33,5.43,5.22,5.41,337400,0,0
2008-04-02,5.44,5.49,5.28,5.37,207400,0,0
2008-04-03,5.31,5.5,5.28,5.4,337100,0,0
2008-04-04,5.43,5.44,5.23,5.3,141900,0,0
2008-04-07,5.33,5.45,5.22,5.41,141800,0,0
2008-04-08,5.35,5.44,5.17,5.17,159600,0,0
2008-04-09,5.18,5.25,4.92,4.95,244000,0,0
2008-04-10,4.94,5.1,4.85,5.01,231300,0,0
2008-04-11,4.94,5.02,4.8,4.83,188400,0,0
2008-04-14,4.82,4.93,4.7,4.87,181000,0,0
2008-04-15,4.89,4.9,4.69,4.73,218100,0,0
2008-04-16,4.78,5.17,4.72,5.16,236600,0,0
2008-04-17,5.14,5.23,4.83,4.86,133600,0,0
2008-04-18,4.98,5.27,4.97,5.21,264000,0,0
2008-04-21,5.16,5.17,4.8,4.88,239900,0,0
2008-04-22,4.79,4.97,4.75,4.78,197900,0,0
2008-04-23,4.81,4.81,4.64,4.69,207700,0,0
2008-04-24,4.7,4.77,4.53,4.67,309700,0,0
2008-04-25,4.69,4.69,4.51,4.57,182900,0,0
2008-04-28,4.55,4.75,4.5,4.62,164300,0,0
2008-04-29,4.63,4.63,4.46,4.54,155000,0,0
2008-04-30,4.54,4.82,4.5,4.54,156100,0,0
2008-05-01,4.55,4.93,4.55,4.91,148300,0,0
2008-05-02,4.95,5.1,4.52,4.63,270400,0,0
2008-05-05,4.55,4.65,4.51,4.59,191800,0,0
2008-05-06,4.57,4.79,4.43,4.72,215700,0,0
2008-05-07,4.79,4.79,3.8,3.8,928800,0,0
2008-05-08,4.34,5.08,4.25,4.62,1212200,0,0
2008-05-09,4.52,5.05,4.52,5.02,724100,0,0
2008-05-12,5.02,5.05,4.89,4.97,346900,0,0
2008-05-13,4.97,4.99,4.77,4.85,233700,0,0
2008-05-14,4.85,4.89,4.75,4.75,150000,0,0
2008-05-15,4.76,4.9,4.75,4.88,237500,0,0
2008-05-16,4.94,4.94,4.78,4.84,301800,0,0
2008-05-19,4.83,4.9,4.73,4.73,281700,0,0
2008-05-20,4.72,4.78,4.5,4.59,290300,0,0
2008-05-21,4.61,4.67,4.22,4.27,513300,0,0
2008-05-22,4.29,4.41,4.22,4.27,240700,0,0
2008-05-23,4.23,4.35,4.21,4.23,156300,0,0
2008-05-27,4.24,4.47,4.24,4.38,171000,0,0
2008-05-28,4.41,4.47,4.25,4.37,187500,0,0
2008-05-29,4.37,4.68,4.28,4.63,263200,0,0
2008-05-30,4.63,4.73,4.58,4.65,178900,0,0
2008-06-02,4.64,4.71,4.3,4.42,174100,0,0
2008-06-03,4.42,4.57,4.27,4.45,354300,0,0
2008-06-04,4.44,4.65,4.42,4.6,206800,0,0
2008-06-05,4.58,4.89,4.45,4.85,427100,0,0
2008-06-06,4.81,4.91,4.4,4.4,218400,0,0
2008-06-09,4.4,4.49,4.21,4.22,290500,0,0
2008-06-10,4.2,4.34,4.2,4.21,193000,0,0
2008-06-11,4.2,4.34,4.02,4.02,219100,0,0
2008-06-12,4.06,4.23,4.02,4.08,445000,0,0
2008-06-13,4.12,4.21,4.0,4.08,160600,0,0
2008-06-16,4.07,4.12,4.01,4.09,124600,0,0
2008-06-17,4.09,4.14,3.9,3.92,239700,0,0
2008-06-18,3.86,3.92,3.77,3.86,198400,0,0
2008-06-19,3.85,4.11,3.75,4.11,213600,0,0
2008-06-20,4.09,4.11,3.85,3.97,458000,0,0
2008-06-23,4.0,4.0,3.78,3.81,211300,0,0
2008-06-24,3.75,3.83,3.74,3.75,254500,0,0
2008-06-25,3.75,4.11,3.75,4.0,230100,0,0
2008-06-26,3.93,3.96,3.71,3.77,277200,0,0
2008-06-27,3.75,3.88,3.75,3.82,1144600,0,0
2008-06-30,3.81,3.94,3.66,3.67,573400,0,0
2008-07-01,3.62,3.94,3.62,3.71,316500,0,0
2008-07-02,3.7,3.76,3.6,3.66,375900,0,0
2008-07-03,3.67,4.1,3.6,4.0,201400,0,0
2008-07-07,4.04,4.06,3.81,3.87,326300,0,0
2008-07-08,3.88,4.09,3.87,4.04,325000,0,0
2008-07-09,4.05,4.37,4.02,4.11,274500,0,0
2008-07-10,4.09,4.34,4.06,4.21,216000,0,0
2008-07-11,4.2,4.32,3.99,4.31,409200,0,0
2008-07-14,4.33,4.36,4.03,4.07,204800,0,0
2008-07-15,3.99,4.29,3.92,4.24,286200,0,0
2008-07-16,4.27,4.49,4.15,4.41,339500,0,0
2008-07-17,4.45,4.6,4.32,4.6,318900,0,0
2008-07-18,4.53,4.65,4.47,4.54,189600,0,0
2008-07-21,4.57,4.68,4.47,4.62,173400,0,0
2008-07-22,4.59,5.0,4.51,4.99,287300,0,0
2008-07-23,4.97,5.01,4.76,4.86,201400,0,0
2008-07-24,4.89,5.01,4.64,4.93,173900,0,0
2008-07-25,5.01,5.06,4.75,4.99,218100,0,0
2008-07-28,4.95,5.02,4.7,4.7,153600,0,0
2008-07-29,4.73,4.99,4.6,4.85,264100,0,0
2008-07-30,4.9,5.05,4.52,4.62,265900,0,0
2008-07-31,4.51,4.78,4.31,4.44,657800,0,0
2008-08-01,4.46,4.85,4.15,4.84,305500,0,0
2008-08-04,4.82,4.91,4.56,4.66,235200,0,0
2008-08-05,4.87,4.94,4.52,4.91,171700,0,0
2008-08-06,4.92,5.0,4.37,4.5,869000,0,0
2008-08-07,4.47,5.0,4.37,4.51,537000,0,0
2008-08-08,4.53,4.94,4.51,4.93,433300,0,0
2008-08-11,4.94,5.43,4.77,5.31,361900,0,0
2008-08-12,5.31,5.55,5.31,5.48,373800,0,0
2008-08-13,5.48,5.88,5.4,5.49,692800,0,0
2008-08-14,5.6,5.65,5.37,5.56,475900,0,0
2008-08-15,5.75,5.75,5.44,5.53,471500,0,0
2008-08-18,5.52,5.57,5.22,5.25,182200,0,0
2008-08-19,5.18,5.43,5.15,5.22,208900,0,0
2008-08-20,5.25,5.47,5.23,5.36,236100,0,0
2008-08-21,5.29,5.5,5.17,5.34,231000,0,0
2008-08-22,5.4,5.62,5.25,5.55,318900,0,0
2008-08-25,5.53,5.53,5.11,5.19,207200,0,0
2008-08-26,5.21,5.31,5.01,5.06,173800,0,0
2008-08-27,5.05,5.32,5.01,5.26,208600,0,0
2008-08-28,5.27,5.51,5.01,5.5,316200,0,0
2008-08-29,5.49,5.49,5.2,5.3,176700,0,0
2008-09-02,5.41,5.57,5.19,5.41,196000,0,0
2008-09-03,5.41,5.68,5.34,5.56,275800,0,0
2008-09-04,5.47,5.47,5.21,5.33,198000,0,0
2008-09-05,5.33,5.35,5.15,5.28,158100,0,0
2008-09-08,5.43,5.65,5.32,5.62,207100,0,0
2008-09-09,5.65,5.83,5.42,5.42,326600,0,0
2008-09-10,5.57,5.7,5.36,5.59,347100,0,0
2008-09-11,5.53,5.63,5.35,5.54,225300,0,0
2008-09-12,5.47,5.58,5.38,5.56,122700,0,0
2008-09-15,5.48,5.68,5.09,5.11,317100,0,0
2008-09-16,5.2,5.84,4.9,5.78,506100,0,0
2008-09-17,5.63,5.77,5.16,5.16,546400,0,0
2008-09-18,5.31,5.83,5.05,5.75,914800,0,0
2008-09-19,6.09,6.17,5.55,5.96,1596000,0,0
2008-09-22,5.93,6.1,5.75,5.88,293500,0,0
2008-09-23,5.9,6.0,5.64,5.68,350200,0,0
2008-09-24,5.68,6.0,5.25,5.25,406700,0,0
2008-09-25,5.26,5.61,5.26,5.53,335100,0,0
2008-09-26,5.36,5.68,5.2,5.59,408500,0,0
2008-09-29,5.44,5.69,5.25,5.4,548900,0,0
2008-09-30,5.46,5.72,5.28,5.6,325200,0,0
2008-10-01,5.6,5.61,5.3,5.38,241100,0,0
2008-10-02,5.33,5.58,4.9,4.96,327000,0,0
2008-10-03,4.99,5.1,4.58,4.67,415800,0,0
2008-10-06,4.56,4.56,4.33,4.41,668100,0,0
2008-10-07,4.54,4.65,4.16,4.22,525300,0,0
2008-10-08,4.1,4.22,3.55,4.02,679100,0,0
2008-10-09,4.14,4.14,3.75,3.75,397400,0,0
2008-10-10,3.67,3.96,3.25,3.94,1129800,0,0
2008-10-13,4.26,4.46,3.81,3.9,638600,0,0
2008-10-14,4.07,4.07,3.66,3.8,606000,0,0
2008-10-15,3.76,3.85,3.29,3.3,454900,0,0
2008-10-16,3.21,3.8,3.21,3.79,865800,0,0
2008-10-17,3.58,4.15,3.4,3.41,899000,0,0
2008-10-20,3.4,4.13,3.33,4.08,546400,0,0
2008-10-21,3.96,4.14,3.73,3.88,321500,0,0
2008-10-22,3.73,3.97,3.63,3.71,305800,0,0
2008-10-23,3.7,3.84,3.39,3.66,222600,0,0
2008-10-24,3.29,3.55,3.19,3.4,241200,0,0
2008-10-27,3.08,3.6,3.08,3.24,189800,0,0
2008-10-28,3.25,3.72,3.17,3.69,279000,0,0
2008-10-29,3.69,4.07,3.3,3.78,303900,0,0
2008-10-30,3.95,4.08,3.76,3.96,200500,0,0
2008-10-31,4.0,4.32,3.9,4.11,396900,0,0
2008-11-03,4.22,4.38,4.01,4.33,409600,0,0
2008-11-04,4.38,4.38,3.66,3.78,327100,0,0
2008-11-05,3.86,4.16,3.45,3.47,331700,0,0
2008-11-06,3.43,3.81,3.43,3.57,212200,0,0
2008-11-07,3.63,3.78,3.51,3.71,201300,0,0
2008-11-10,3.82,3.82,3.23,3.33,310500,0,0
2008-11-11,3.41,4.0,3.41,3.75,346400,0,0
2008-11-12,3.61,3.74,3.23,3.23,343700,0,0
2008-11-13,3.25,3.77,3.0,3.69,696400,0,0
2008-11-14,3.57,3.78,3.22,3.22,370700,0,0
2008-11-17,3.18,3.61,3.18,3.37,236600,0,0
2008-11-18,3.65,3.65,3.13,3.35,375300,0,0
2008-11-19,3.02,3.53,3.02,3.08,309100,0,0
2008-11-20,3.06,3.17,2.8,2.87,649400,0,0
2008-11-21,2.95,3.13,2.51,3.12,674600,0,0
2008-11-24,3.09,3.61,2.75,3.59,456200,0,0
2008-11-25,3.64,3.84,3.44,3.75,1039800,0,0
2008-11-26,3.6,4.2,3.5,4.2,414300,0,0
2008-11-28,4.09,4.26,4.07,4.2,127500,0,0
2008-12-01,4.01,4.01,3.33,3.4,632100,0,0
2008-12-02,3.53,3.69,3.23,3.68,303200,0,0
2008-12-03,3.52,4.0,3.28,3.98,516900,0,0
2008-12-04,3.92,4.18,3.5,3.54,232900,0,0
2008-12-05,3.47,3.97,3.36,3.96,405500,0,0
2008-12-08,4.08,4.15,3.91,4.02,297100,0,0
2008-12-09,3.96,4.19,3.61,3.66,293100,0,0
2008-12-10,3.74,4.0,3.72,3.96,238100,0,0
2008-12-11,3.8,3.8,2.92,3.0,900800,0,0
2008-12-12,2.9,3.39,2.85,3.34,377800,0,0
2008-12-15,3.39,3.41,2.97,2.99,202100,0,0
2008-12-16,3.1,3.54,3.01,3.49,360200,0,0
2008-12-17,3.42,3.49,3.07,3.19,265300,0,0
2008-12-18,3.2,3.5,3.09,3.14,180500,0,0
2008-12-19,3.28,3.72,3.11,3.61,735500,0,0
2008-12-22,3.62,3.74,3.16,3.26,271300,0,0
2008-12-23,3.29,3.35,3.06,3.19,163700,0,0
2008-12-24,3.2,3.45,3.2,3.4,112100,0,0
2008-12-26,3.43,3.45,3.24,3.44,81400,0,0
2008-12-29,3.43,3.45,3.11,3.14,186600,0,0
2008-12-30,3.19,3.19,2.98,3.1,267500,0,0
2008-12-31,3.12,3.43,3.01,3.39,413100,0,0
2009-01-02,3.37,3.39,3.21,3.3,449000,0,0
2009-01-05,3.31,3.39,3.2,3.35,217500,0,0
2009-01-06,3.34,3.34,3.14,3.27,339400,0,0
2009-01-07,3.18,3.27,3.07,3.12,152900,0,0
2009-01-08,3.09,3.39,3.07,3.39,254900,0,0
2009-01-09,3.38,3.38,3.1,3.1,234700,0,0
2009-01-12,3.1,3.23,2.97,2.97,157200,0,0
2009-01-13,2.99,3.09,2.93,2.96,167700,0,0
2009-01-14,2.92,3.13,2.91,2.95,194100,0,0
2009-01-15,2.95,3.29,2.8,3.27,285100,0,0
2009-01-16,3.29,3.29,2.94,3.23,182100,0,0
2009-01-20,3.15,3.15,2.9,2.9,244200,0,0
2009-01-21,2.96,3.18,2.83,3.12,220300,0,0
2009-01-22,3.0,3.11,2.88,2.96,131900,0,0
2009-01-23,2.83,2.96,2.72,2.88,280400,0,0
2009-01-26,2.88,2.96,2.76,2.88,95300,0,0
2009-01-27,2.89,3.2,2.89,3.11,213300,0,0
2009-01-28,3.18,3.3,3.14,3.18,212800,0,0
2009-01-29,3.05,3.15,2.93,2.93,133100,0,0
2009-01-30,2.97,3.05,2.82,2.83,168900,0,0
2009-02-02,2.8,3.05,2.8,2.98,215800,0,0
2009-02-03,3.01,3.11,2.97,3.04,198400,0,0
2009-02-04,3.03,3.14,2.91,2.96,126100,0,0
2009-02-05,2.96,3.11,2.9,3.03,164900,0,0
2009-02-06,3.03,3.23,3.03,3.21,216000,0,0
2009-02-09,3.17,3.17,2.96,3.07,134400,0,0
2009-02-10,3.03,3.18,2.72,2.72,300600,0,0
2009-02-11,2.73,2.81,2.66,2.73,183400,0,0
2009-02-12,2.65,2.8,2.6,2.76,147100,0,0
2009-02-13,2.77,2.82,2.65,2.8,179700,0,0
2009-02-17,2.63,2.72,2.55,2.64,280700,0,0
2009-02-18,2.7,2.7,2.51,2.52,217000,0,0
2009-02-19,2.58,2.65,2.53,2.55,148600,0,0
2009-02-20,2.51,2.59,2.31,2.37,215400,0,0
2009-02-23,2.41,2.53,2.3,2.3,258200,0,0
2009-02-24,2.36,2.4,2.17,2.36,240900,0,0
2009-02-25,2.34,2.47,2.24,2.25,407000,0,0
2009-02-26,2.29,2.32,2.1,2.16,320300,0,0
2009-02-27,2.1,2.25,1.95,1.99,501400,0,0
2009-03-02,1.97,1.99,1.83,1.85,478000,0,0
2009-03-03,1.91,1.95,1.66,1.66,279300,0,0
2009-03-04,1.71,1.91,1.51,1.63,314900,0,0
2009-03-05,1.56,1.61,1.4,1.51,594100,0,0
2009-03-06,1.53,1.59,1.5,1.54,184200,0,0
2009-03-09,1.52,1.6,1.44,1.44,158500,0,0
2009-03-10,1.5,1.63,1.45,1.58,306000,0,0
2009-03-11,1.6,1.75,1.56,1.68,264900,0,0
2009-03-12,1.66,2.14,1.59,2.11,299100,0,0
2009-03-13,2.13,2.2,2.01,2.04,385000,0,0
2009-03-16,2.08,2.18,1.78,1.82,229400,0,0
2009-03-17,1.82,2.12,1.7,2.11,211900,0,0
2009-03-18,2.1,2.79,1.99,2.79,282100,0,0
2009-03-19,2.8,2.8,2.48,2.71,177700,0,0
2009-03-20,2.73,2.73,2.21,2.21,315900,0,0
2009-03-23,2.32,2.77,2.32,2.7,390200,0,0
2009-03-24,2.63,2.75,2.24,2.27,161200,0,0
2009-03-25,2.28,2.45,2.08,2.33,250600,0,0
2009-03-26,2.37,2.75,2.32,2.63,305600,0,0
2009-03-27,2.54,2.61,2.22,2.24,152900,0,0
2009-03-30,2.15,2.27,2.06,2.14,191700,0,0
2009-03-31,2.19,2.35,2.11,2.23,218700,0,0
2009-04-01,2.14,2.27,2.11,2.26,263600,0,0
2009-04-02,2.35,2.67,2.31,2.59,320300,0,0
2009-04-03,2.59,2.63,2.43,2.52,152700,0,0
2009-04-06,2.46,2.55,2.24,2.3,174000,0,0
2009-04-07,2.24,2.36,2.21,2.3,160400,0,0
2009-04-08,2.32,2.6,2.27,2.6,312400,0,0
2009-04-09,2.64,2.73,2.51,2.64,475600,0,0
2009-04-13,2.59,2.59,2.33,2.47,127100,0,0
2009-04-14,2.4,2.46,2.25,2.3,156900,0,0
2009-04-15,2.27,2.54,2.27,2.54,108600,0,0
2009-04-16,2.53,2.63,2.36,2.61,147100,0,0
2009-04-17,2.63,2.67,2.51,2.62,180300,0,0
2009-04-20,2.52,2.66,2.26,2.27,196900,0,0
2009-04-21,2.26,2.67,2.26,2.67,143500,0,0
2009-04-22,2.59,2.71,2.4,2.54,161800,0,0
2009-04-23,2.54,2.6,2.31,2.35,189100,0,0
2009-04-24,2.39,2.49,2.3,2.38,190200,0,0
2009-04-27,2.31,2.49,2.2,2.22,209000,0,0
2009-04-28,2.19,2.56,2.15,2.54,162100,0,0
2009-04-29,2.55,2.65,2.5,2.65,168100,0,0
2009-04-30,2.65,2.71,2.44,2.44,158400,0,0
2009-05-01,2.44,2.52,2.26,2.26,176800,0,0
2009-05-04,2.29,2.45,2.26,2.39,186600,0,0
2009-05-05,2.36,2.43,2.27,2.3,160700,0,0
2009-05-06,2.35,2.4,2.1,2.1,228700,0,0
2009-05-07,2.1,2.23,2.01,2.2,202400,0,0
2009-05-08,2.26,2.37,2.17,2.36,168900,0,0
2009-05-11,2.29,2.36,2.15,2.34,172600,0,0
2009-05-12,2.39,2.39,2.19,2.28,98400,0,0
2009-05-13,2.23,2.3,2.02,2.03,233900,0,0
2009-05-14,2.05,2.23,2.05,2.18,135900,0,0
2009-05-15,2.22,2.24,2.05,2.17,161800,0,0
2009-05-18,2.22,2.35,2.21,2.35,146900,0,0
2009-05-19,2.26,2.4,2.15,2.26,147500,0,0
2009-05-20,2.28,2.38,2.2,2.24,147200,0,0
2009-05-21,2.2,2.2,2.02,2.09,212200,0,0
2009-05-22,2.11,2.16,2.05,2.06,82600,0,0
2009-05-26,2.02,2.27,2.02,2.27,186200,0,0
2009-05-27,2.25,2.25,2.16,2.2,95600,0,0
2009-05-28,2.24,2.24,2.11,2.14,115400,0,0
2009-05-29,2.15,2.34,2.07,2.34,320700,0,0
2009-06-01,2.37,2.65,2.34,2.63,281100,0,0
2009-06-02,2.6,2.75,2.42,2.66,178100,0,0
2009-06-03,2.63,2.75,2.57,2.73,144400,0,0
2009-06-04,2.75,2.83,2.6,2.82,131900,0,0
2009-06-05,2.86,2.86,2.53,2.57,213200,0,0
2009-06-08,2.58,2.58,2.39,2.4,153400,0,0
2009-06-09,2.41,2.46,2.33,2.34,96600,0,0
2009-06-10,2.37,2.37,2.14,2.25,303800,0,0
2009-06-11,2.27,2.44,2.25,2.36,323400,0,0
2009-06-12,2.35,2.45,2.31,2.4,102400,0,0
2009-06-15,2.35,2.38,2.2,2.25,97600,0,0
2009-06-16,2.32,2.33,2.18,2.2,131000,0,0
2009-06-17,2.21,2.51,2.21,2.39,118800,0,0
2009-06-18,2.38,2.39,2.31,2.36,100700,0,0
2009-06-19,2.43,2.43,2.27,2.39,307500,0,0
2009-06-22,2.37,2.37,2.2,2.26,163100,0,0
2009-06-23,2.3,2.37,2.22,2.33,110800,0,0
2009-06-24,2.37,2.44,2.15,2.22,237100,0,0
2009-06-25,2.22,2.37,2.19,2.37,202900,0,0
2009-06-26,2.34,2.56,2.22,2.54,809600,0,0
2009-06-29,2.38,2.53,2.38,2.39,204000,0,0
2009-06-30,2.4,2.48,2.37,2.38,190700,0,0
2009-07-01,2.42,2.59,2.38,2.55,317100,0,0
2009-07-02,2.48,2.62,2.4,2.56,271000,0,0
2009-07-06,2.55,2.6,2.43,2.58,271300,0,0
2009-07-07,2.6,2.6,2.49,2.52,244400,0,0
2009-07-08,2.55,2.58,2.48,2.52,167700,0,0
2009-07-09,2.56,2.56,2.42,2.42,106900,0,0
2009-07-10,2.4,2.46,2.38,2.43,51900,0,0
2009-07-13,2.45,2.61,2.38,2.6,173800,0,0
2009-07-14,2.61,2.68,2.5,2.63,164400,0,0
2009-07-15,2.68,2.89,2.6,2.89,284900,0,0
2009-07-16,2.85,2.94,2.78,2.92,214900,0,0
2009-07-17,2.93,2.93,2.74,2.8,160800,0,0
2009-07-20,2.83,2.83,2.71,2.75,123700,0,0
2009-07-21,2.78,2.79,2.67,2.69,113900,0,0
2009-07-22,2.67,2.68,2.57,2.64,157800,0,0
2009-07-23,2.63,2.69,2.6,2.65,282900,0,0
2009-07-24,2.61,2.69,2.6,2.67,190300,0,0
2009-07-27,2.65,2.69,2.52,2.6,94400,0,0
2009-07-28,2.56,2.61,2.51,2.56,112200,0,0
2009-07-29,2.58,2.58,2.4,2.43,140200,0,0
2009-07-30,2.48,2.59,2.38,2.41,259100,0,0
2009-07-31,2.4,2.48,2.29,2.3,226000,0,0
2009-08-03,2.32,2.41,2.32,2.36,172900,0,0
2009-08-04,2.34,2.46,2.34,2.4,143100,0,0
2009-08-05,2.43,2.47,2.31,2.37,213700,0,0
2009-08-06,2.47,2.5,2.35,2.35,166700,0,0
2009-08-07,2.42,2.45,2.33,2.42,208100,0,0
2009-08-10,2.39,2.39,2.33,2.36,97400,0,0
2009-08-11,2.35,2.39,2.27,2.27,161600,0,0
2009-08-12,2.28,2.5,2.28,2.42,333400,0,0
2009-08-13,2.42,2.5,2.31,2.39,151200,0,0
2009-08-14,2.39,2.41,2.29,2.29,156800,0,0
2009-08-17,2.27,2.29,2.23,2.25,103900,0,0
2009-08-18,2.28,2.44,2.25,2.38,113600,0,0
2009-08-19,2.32,2.45,2.3,2.44,84700,0,0
2009-08-20,2.44,2.46,2.32,2.43,97000,0,0
2009-08-21,2.5,2.5,2.46,2.5,339500,0,0
2009-08-24,2.5,2.6,2.38,2.5,143700,0,0
2009-08-25,2.51,2.59,2.5,2.5,95400,0,0
2009-08-26,2.49,2.6,2.45,2.5,106000,0,0
2009-08-27,2.56,2.66,2.49,2.6,170500,0,0
2009-08-28,2.63,2.64,2.46,2.52,164900,0,0
2009-08-31,2.49,2.51,2.43,2.44,279800,0,0
2009-09-01,2.43,2.52,2.41,2.45,216600,0,0
2009-09-02,2.43,2.53,2.43,2.48,117700,0,0
2009-09-03,2.5,2.54,2.4,2.5,153700,0,0
2009-09-04,2.47,2.55,2.44,2.54,133600,0,0
2009-09-08,2.53,2.54,2.41,2.47,175000,0,0
2009-09-09,2.46,2.57,2.43,2.55,111200,0,0
2009-09-10,2.55,2.58,2.45,2.48,133600,0,0
2009-09-11,2.42,2.54,2.42,2.49,161700,0,0
2009-09-14,2.47,2.56,2.46,2.55,174400,0,0
2009-09-15,2.53,2.72,2.52,2.7,630000,0,0
2009-09-16,2.71,2.73,2.66,2.7,320300,0,0
2009-09-17,2.68,2.74,2.65,2.69,128100,0,0
2009-09-18,2.71,2.71,2.58,2.7,568800,0,0
2009-09-21,2.66,2.75,2.61,2.67,167700,0,0
2009-09-22,2.71,2.75,2.51,2.51,240500,0,0
2009-09-23,2.51,2.6,2.47,2.5,191100,0,0
2009-09-24,2.51,2.53,2.4,2.41,374900,0,0
2009-09-25,2.41,2.78,2.41,2.78,2478700,0,0
2009-09-28,2.78,2.95,2.71,2.82,640200,0,0
2009-09-29,2.82,2.82,2.63,2.64,184400,0,0
2009-09-30,2.7,2.7,2.51,2.67,2490700,0,0
2009-10-01,2.67,2.69,2.43,2.43,252600,0,0
2009-10-02,2.4,2.47,2.32,2.35,241400,0,0
2009-10-05,2.36,2.51,2.36,2.38,195600,0,0
2009-10-06,2.41,2.45,2.39,2.43,211200,0,0
2009-10-07,2.43,2.48,2.41,2.44,121700,0,0
2009-10-08,2.48,2.5,2.45,2.45,138900,0,0
2009-10-09,2.46,2.51,2.42,2.49,145100,0,0
2009-10-12,2.45,2.5,2.44,2.48,69300,0,0
2009-10-13,2.48,2.52,2.41,2.45,278900,0,0
2009-10-14,2.45,2.52,2.45,2.51,184700,0,0
2009-10-15,2.48,2.49,2.41,2.49,198300,0,0
2009-10-16,2.46,2.5,2.42,2.45,206300,0,0
2009-10-19,2.38,2.47,2.38,2.45,130700,0,0
2009-10-20,2.46,2.47,2.43,2.46,105300,0,0
2009-10-21,2.44,2.5,2.41,2.43,197400,0,0
2009-10-22,2.42,2.43,2.41,2.43,138900,0,0
2009-10-23,2.44,2.44,2.32,2.38,302600,0,0
2009-10-26,2.38,2.38,2.32,2.32,212300,0,0
2009-10-27,2.33,2.38,2.21,2.21,200000,0,0
2009-10-28,2.21,2.24,2.17,2.18,208000,0,0
2009-10-29,2.23,2.39,2.16,2.22,277200,0,0
2009-10-30,2.2,2.22,2.05,2.11,404700,0,0
2009-11-02,2.13,2.16,2.04,2.15,265100,0,0
2009-11-03,2.13,2.25,2.11,2.19,224400,0,0
2009-11-04,2.22,2.22,2.06,2.09,170100,0,0
2009-11-05,2.13,2.25,2.1,2.13,209300,0,0
2009-11-06,2.09,2.25,2.06,2.23,165700,0,0
2009-11-09,2.27,2.33,2.22,2.25,163400,0,0
2009-11-10,2.23,2.3,2.2,2.21,75100,0,0
2009-11-11,2.25,2.31,2.21,2.3,137900,0,0
2009-11-12,2.28,2.35,2.11,2.11,192400,0,0
2009-11-13,2.12,2.19,2.08,2.13,133200,0,0
2009-11-16,2.16,2.32,2.12,2.27,243500,0,0
2009-11-17,2.26,2.33,2.22,2.31,117600,0,0
2009-11-18,2.31,2.36,2.26,2.33,102800,0,0
2009-11-19,2.29,2.33,2.11,2.11,250600,0,0
2009-11-20,2.12,2.2,2.06,2.09,202600,0,0
2009-11-23,2.15,2.21,2.08,2.21,152300,0,0
2009-11-24,2.22,2.25,2.17,2.25,108400,0,0
2009-11-25,2.27,2.36,2.16,2.34,206200,0,0
2009-11-27,2.2,2.35,2.2,2.33,149300,0,0
2009-11-30,2.32,2.32,2.11,2.25,289000,0,0
2009-12-01,2.28,2.38,2.22,2.37,278800,0,0
2009-12-02,2.37,2.44,2.36,2.39,145900,0,0
2009-12-03,2.4,2.4,2.15,2.23,149000,0,0
2009-12-04,2.3,2.32,2.16,2.2,177000,0,0
2009-12-07,2.21,2.3,2.2,2.3,103300,0,0
2009-12-08,2.26,2.32,2.24,2.25,101500,0,0
2009-12-09,2.26,2.26,2.18,2.21,78700,0,0
2009-12-10,2.22,2.31,2.18,2.3,199000,0,0
2009-12-11,2.32,2.34,2.22,2.24,47700,0,0
2009-12-14,2.27,2.32,2.21,2.29,90200,0,0
2009-12-15,2.29,2.33,2.2,2.2,170400,0,0
2009-12-16,2.25,2.27,2.16,2.18,298800,0,0
2009-12-17,2.23,2.3,2.15,2.16,208800,0,0
2009-12-18,2.18,2.25,2.14,2.14,785700,0,0
2009-12-21,2.18,2.28,2.18,2.23,202600,0,0
2009-12-22,2.24,2.4,2.23,2.36,338800,0,0
2009-12-23,2.42,2.55,2.37,2.54,368300,0,0
2009-12-24,2.57,2.57,2.45,2.45,84800,0,0
2009-12-28,2.46,2.5,2.35,2.46,157900,0,0
2009-12-29,2.48,2.48,2.35,2.4,82100,0,0
2009-12-30,2.39,2.46,2.38,2.43,189300,0,0
2009-12-31,2.42,2.49,2.34,2.47,215300,0,0
2010-01-04,2.51,2.56,2.44,2.56,133100,0,0
2010-01-05,2.55,2.55,2.4,2.42,117800,0,0
2010-01-06,2.41,2.42,2.29,2.36,195600,0,0
2010-01-07,2.36,2.49,2.35,2.47,126500,0,0
2010-01-08,2.4,2.47,2.35,2.41,237600,0,0
2010-01-11,2.43,2.48,2.36,2.44,87800,0,0
2010-01-12,2.41,2.45,2.31,2.33,105700,0,0
2010-01-13,2.35,2.46,2.33,2.44,108200,0,0
2010-01-14,2.43,2.45,2.34,2.35,75100,0,0
2010-01-15,2.38,2.4,2.3,2.31,217100,0,0
2010-01-19,2.31,2.49,2.31,2.48,204200,0,0
2010-01-20,2.44,2.48,2.3,2.35,191600,0,0
2010-01-21,2.36,2.36,2.2,2.21,255300,0,0
2010-01-22,2.21,2.29,2.15,2.18,132600,0,0
2010-01-25,2.22,2.28,2.15,2.21,124500,0,0
2010-01-26,2.19,2.2,2.09,2.11,355600,0,0
2010-01-27,2.09,2.25,2.09,2.25,138500,0,0
2010-01-28,2.26,2.3,2.1,2.13,145700,0,0
2010-01-29,2.15,2.24,2.15,2.17,199400,0,0
2010-02-01,2.18,2.25,2.14,2.22,95400,0,0
2010-02-02,2.22,2.22,2.13,2.2,187100,0,0
2010-02-03,2.18,2.21,2.12,2.15,144300,0,0
2010-02-04,2.13,2.15,1.95,1.95,223000,0,0
2010-02-05,1.95,2.05,1.93,2.01,188100,0,0
2010-02-08,2.01,2.01,1.92,1.95,95400,0,0
2010-02-09,2.0,2.01,1.91,2.01,135300,0,0
2010-02-10,1.99,2.05,1.95,2.03,151200,0,0
2010-02-11,2.01,2.17,1.98,2.16,195500,0,0
2010-02-12,2.12,2.18,2.12,2.16,69400,0,0
2010-02-16,2.19,2.19,2.09,2.13,81800,0,0
2010-02-17,2.15,2.19,2.12,2.15,148500,0,0
2010-02-18,2.15,2.23,2.12,2.22,89300,0,0
2010-02-19,2.22,2.28,2.14,2.24,168900,0,0
2010-02-22,2.25,2.27,2.18,2.26,79100,0,0
2010-02-23,2.25,2.4,2.2,2.4,313000,0,0
2010-02-24,2.4,2.45,2.27,2.38,227000,0,0
2010-02-25,2.3,2.36,2.23,2.35,254200,0,0
2010-02-26,2.3,2.42,2.3,2.39,358200,0,0
2010-03-01,2.41,2.45,2.37,2.41,370800,0,0
2010-03-02,2.42,2.55,2.4,2.55,789000,0,0
2010-03-03,2.57,2.69,2.51,2.66,299000,0,0
2010-03-04,2.66,2.66,2.58,2.62,113200,0,0
2010-03-05,2.65,2.66,2.59,2.65,451000,0,0
2010-03-08,2.63,2.7,2.56,2.7,260500,0,0
2010-03-09,2.67,2.75,2.62,2.72,570900,0,0
2010-03-10,2.73,2.84,2.69,2.8,195300,0,0
2010-03-11,2.76,2.78,2.66,2.77,154000,0,0
2010-03-12,2.78,2.78,2.68,2.74,191200,0,0
2010-03-15,2.74,2.74,2.57,2.66,71600,0,0
2010-03-16,2.67,2.7,2.57,2.7,104400,0,0
2010-03-17,2.7,2.71,2.6,2.66,104400,0,0
2010-03-18,2.65,2.68,2.57,2.62,184300,0,0
2010-03-19,2.64,2.64,2.52,2.63,271200,0,0
2010-03-22,2.59,2.73,2.56,2.72,90500,0,0
2010-03-23,2.71,2.74,2.64,2.72,131600,0,0
2010-03-24,2.71,2.75,2.63,2.64,106800,0,0
2010-03-25,2.66,2.75,2.54,2.6,316700,0,0
2010-03-26,2.61,2.72,2.58,2.6,76200,0,0
2010-03-29,2.62,2.77,2.6,2.75,217800,0,0
2010-03-30,2.75,2.87,2.74,2.87,153600,0,0
2010-03-31,2.84,3.09,2.84,3.01,383000,0,0
2010-04-01,3.03,3.14,2.99,3.04,205700,0,0
2010-04-05,3.05,3.08,2.96,2.99,117100,0,0
2010-04-06,2.95,3.07,2.95,2.98,78800,0,0
2010-04-07,2.98,3.06,2.87,2.97,202400,0,0
2010-04-08,2.94,3.02,2.85,3.0,131800,0,0
2010-04-09,2.99,3.01,2.83,2.92,161100,0,0
2010-04-12,2.91,3.01,2.88,2.92,157800,0,0
2010-04-13,2.92,2.95,2.88,2.94,69700,0,0
2010-04-14,2.97,3.04,2.93,3.04,112200,0,0
2010-04-15,3.03,3.14,2.99,3.06,207500,0,0
2010-04-16,3.05,3.05,2.95,3.01,211500,0,0
2010-04-19,3.0,3.08,2.82,2.83,152300,0,0
2010-04-20,2.85,2.97,2.8,2.97,164300,0,0
2010-04-21,2.98,3.04,2.92,3.04,126300,0,0
2010-04-22,2.98,3.04,2.92,2.97,89800,0,0
2010-04-23,2.98,3.0,2.87,3.0,111500,0,0
2010-04-26,2.99,3.02,2.9,2.96,112300,0,0
2010-04-27,2.93,2.97,2.74,2.74,184200,0,0
2010-04-28,2.78,2.88,2.75,2.75,88300,0,0
2010-04-29,2.81,3.04,2.7,3.01,217800,0,0
2010-04-30,3.0,3.02,2.84,2.84,209700,0,0
2010-05-03,2.88,3.02,2.83,3.0,257100,0,0
2010-05-04,2.94,3.02,2.85,2.93,224100,0,0
2010-05-05,2.89,2.95,2.77,2.77,121600,0,0
2010-05-06,2.76,2.85,2.5,2.58,224700,0,0
2010-05-07,2.57,2.74,2.38,2.5,321100,0,0
2010-05-10,2.87,2.88,2.48,2.6,292800,0,0
2010-05-11,2.5,2.8,2.5,2.59,182300,0,0
2010-05-12,2.6,2.74,2.45,2.7,245700,0,0
2010-05-13,2.69,2.78,2.61,2.75,186000,0,0
2010-05-14,2.71,2.71,2.59,2.66,189400,0,0
2010-05-17,2.7,2.75,2.6,2.73,85500,0,0
2010-05-18,2.79,2.79,2.61,2.61,587900,0,0
2010-05-19,2.6,2.76,2.53,2.7,244500,0,0
2010-05-20,2.58,2.68,2.54,2.63,312300,0,0
2010-05-21,2.56,2.92,2.46,2.53,385100,0,0
2010-05-24,2.53,2.65,2.5,2.61,164700,0,0
2010-05-25,2.53,2.68,2.43,2.63,257200,0,0
2010-05-26,2.65,2.75,2.5,2.55,458400,0,0
2010-05-27,2.64,2.71,2.53,2.63,379200,0,0
2010-05-28,2.61,2.67,2.52,2.54,171900,0,0
2010-06-01,2.52,2.61,2.44,2.44,286200,0,0
2010-06-02,2.46,2.57,2.42,2.56,288800,0,0
2010-06-03,2.55,2.71,2.51,2.67,328500,0,0
2010-06-04,2.57,2.68,2.51,2.54,296600,0,0
2010-06-07,2.55,2.67,2.42,2.42,202500,0,0
2010-06-08,2.45,2.74,2.45,2.7,373900,0,0
2010-06-09,2.75,2.76,2.6,2.62,179500,0,0
2010-06-10,2.69,2.75,2.61,2.75,190800,0,0
2010-06-11,2.7,2.84,2.7,2.81,179700,0,0
2010-06-14,2.84,2.88,2.67,2.68,149500,0,0
2010-06-15,2.7,2.91,2.67,2.88,289600,0,0
2010-06-16,2.84,2.93,2.81,2.82,201700,0,0
2010-06-17,2.83,2.83,2.67,2.72,99600,0,0
2010-06-18,2.75,2.83,2.65,2.8,567500,0,0
2010-06-21,2.7,2.78,2.62,2.71,205300,0,0
2010-06-22,2.73,2.73,2.59,2.6,155900,0,0
2010-06-23,2.59,2.65,2.58,2.62,167500,0,0
2010-06-24,2.6,2.75,2.58,2.69,218900,0,0
2010-06-25,2.69,2.92,2.67,2.8,1053700,0,0
2010-06-28,2.75,2.75,2.48,2.48,356100,0,0
2010-06-29,2.44,2.57,2.23,2.27,410200,0,0
2010-06-30,2.3,2.49,2.28,2.43,258800,0,0
2010-07-01,2.46,2.46,2.29,2.32,203000,0,0
2010-07-02,2.35,2.39,2.25,2.32,243000,0,0
2010-07-06,2.38,2.44,2.15,2.19,256600,0,0
2010-07-07,2.21,2.26,2.15,2.23,240000,0,0
2010-07-08,2.27,2.28,2.15,2.24,150100,0,0
2010-07-09,2.24,2.33,2.19,2.31,174200,0,0
2010-07-12,2.29,2.35,2.23,2.23,108000,0,0
2010-07-13,2.28,2.3,2.19,2.29,188500,0,0
2010-07-14,2.27,2.27,2.2,2.21,111100,0,0
2010-07-15,2.22,2.22,2.12,2.14,131500,0,0
2010-07-16,2.12,2.2,2.04,2.05,253500,0,0
2010-07-19,2.07,2.12,2.04,2.06,212300,0,0
2010-07-20,2.02,2.23,2.01,2.23,221100,0,0
2010-07-21,2.24,2.29,2.2,2.2,175700,0,0
2010-07-22,2.25,2.36,2.22,2.36,242800,0,0
2010-07-23,2.34,2.45,2.25,2.42,218000,0,0
2010-07-26,2.44,2.49,2.35,2.49,218700,0,0
2010-07-27,2.52,2.55,2.46,2.47,195600,0,0
2010-07-28,2.45,2.54,2.33,2.35,129800,0,0
2010-07-29,2.38,2.41,2.3,2.39,80900,0,0
2010-07-30,2.34,2.5,2.2,2.44,102700,0,0
2010-08-02,2.49,2.49,2.39,2.44,80200,0,0
2010-08-03,2.42,2.5,2.4,2.43,99800,0,0
2010-08-04,2.44,2.49,2.42,2.47,70200,0,0
2010-08-05,2.44,2.45,2.39,2.42,61800,0,0
2010-08-06,2.38,2.42,2.33,2.37,46700,0,0
2010-08-09,2.4,2.47,2.39,2.45,82400,0,0
2010-08-10,2.4,2.44,2.35,2.36,89900,0,0
2010-08-11,2.3,2.32,2.2,2.22,228800,0,0
2010-08-12,2.18,2.34,2.18,2.3,160100,0,0
2010-08-13,2.28,2.36,2.1,2.1,194000,0,0
2010-08-16,2.08,2.19,2.08,2.11,179800,0,0
2010-08-17,2.15,2.24,2.12,2.22,160700,0,0
2010-08-18,2.21,2.3,2.15,2.28,170800,0,0
2010-08-19,2.26,2.27,2.09,2.14,249700,0,0
2010-08-20,2.13,2.23,2.12,2.15,193300,0,0
2010-08-23,2.16,2.19,2.06,2.06,178000,0,0
2010-08-24,2.03,2.1,2.03,2.04,174200,0,0
2010-08-25,2.03,2.08,2.02,2.06,182000,0,0
2010-08-26,2.07,2.08,2.01,2.01,105400,0,0
2010-08-27,2.05,2.08,2.02,2.07,169600,0,0
2010-08-30,2.06,2.12,2.0,2.0,151700,0,0
2010-08-31,2.0,2.12,2.0,2.08,290000,0,0
2010-09-01,2.13,2.2,2.12,2.15,206500,0,0
2010-09-02,2.17,2.27,2.14,2.26,174300,0,0
2010-09-03,2.29,2.29,2.19,2.2,142600,0,0
2010-09-07,2.19,2.23,2.14,2.14,98400,0,0
2010-09-08,2.15,2.27,2.15,2.26,121000,0,0
2010-09-09,2.3,2.33,2.27,2.3,92300,0,0
2010-09-10,2.32,2.38,2.26,2.36,151900,0,0
2010-09-13,2.39,2.4,2.28,2.36,196900,0,0
2010-09-14,2.37,2.45,2.36,2.41,141300,0,0
2010-09-15,2.4,2.45,2.35,2.41,130900,0,0
2010-09-16,2.4,2.4,2.29,2.29,59900,0,0
2010-09-17,2.33,2.33,2.22,2.29,259300,0,0
2010-09-20,2.29,2.45,2.27,2.45,256200,0,0
2010-09-21,2.44,2.51,2.25,2.44,172500,0,0
2010-09-22,2.42,2.46,2.36,2.38,63600,0,0
2010-09-23,2.35,2.43,2.28,2.28,118600,0,0
2010-09-24,2.33,2.44,2.33,2.44,187900,0,0
2010-09-27,2.44,2.48,2.38,2.47,95200,0,0
2010-09-28,2.49,2.53,2.41,2.53,124900,0,0
2010-09-29,2.51,2.54,2.43,2.54,102800,0,0
2010-09-30,2.56,2.58,2.48,2.54,162600,0,0
2010-10-01,2.57,2.57,2.48,2.55,92000,0,0
2010-10-04,2.55,2.58,2.51,2.56,146800,0,0
2010-10-05,2.59,2.69,2.51,2.69,278100,0,0
2010-10-06,2.67,2.86,2.66,2.82,318800,0,0
2010-10-07,2.86,2.86,2.73,2.78,214700,0,0
2010-10-08,2.77,2.83,2.73,2.77,234100,0,0
2010-10-11,2.76,2.84,2.75,2.79,126100,0,0
2010-10-12,2.77,2.92,2.64,2.76,1023100,0,0
2010-10-13,2.77,2.82,2.74,2.75,440900,0,0
2010-10-14,2.75,2.77,2.69,2.73,244100,0,0
2010-10-15,2.79,2.79,2.72,2.75,346500,0,0
2010-10-18,2.75,2.82,2.73,2.78,254200,0,0
2010-10-19,2.74,2.77,2.7,2.73,157600,0,0
2010-10-20,2.76,2.79,2.72,2.74,280900,0,0
2010-10-21,2.77,2.8,2.66,2.67,142700,0,0
2010-10-22,2.67,2.77,2.67,2.73,341200,0,0
2010-10-25,2.75,2.75,2.68,2.74,222600,0,0
2010-10-26,2.71,2.75,2.68,2.7,129100,0,0
2010-10-27,2.67,2.75,2.67,2.71,236200,0,0
2010-10-28,2.75,2.75,2.68,2.68,77500,0,0
2010-10-29,2.68,2.7,2.65,2.67,154200,0,0
2010-11-01,2.68,2.68,2.55,2.59,123500,0,0
2010-11-02,2.63,2.68,2.57,2.65,223700,0,0
2010-11-03,2.65,2.75,2.56,2.67,246300,0,0
2010-11-04,2.74,2.79,2.64,2.73,274500,0,0
2010-11-05,2.74,2.75,2.67,2.72,137000,0,0
2010-11-08,2.7,2.79,2.7,2.73,131800,0,0
2010-11-09,2.73,2.75,2.69,2.7,123900,0,0
2010-11-10,2.71,2.75,2.65,2.75,164100,0,0
2010-11-11,2.72,2.75,2.69,2.69,123600,0,0
2010-11-12,2.65,2.75,2.65,2.67,171000,0,0
2010-11-15,2.68,2.75,2.68,2.69,204300,0,0
2010-11-16,2.67,2.74,2.64,2.72,223700,0,0
2010-11-17,2.72,2.73,2.65,2.72,201800,0,0
2010-11-18,2.75,2.77,2.7,2.73,211400,0,0
2010-11-19,2.73,2.75,2.66,2.74,196000,0,0
2010-11-22,2.71,2.83,2.71,2.76,1071700,0,0
2010-11-23,2.73,2.78,2.69,2.75,203100,0,0
2010-11-24,2.77,2.86,2.77,2.85,351200,0,0
2010-11-26,2.81,2.94,2.81,2.86,48900,0,0
2010-11-29,2.83,2.93,2.81,2.93,171700,0,0
2010-11-30,2.9,3.02,2.88,3.02,415100,0,0
2010-12-01,3.02,3.18,3.02,3.09,395600,0,0
2010-12-02,3.1,3.11,2.99,3.0,292100,0,0
2010-12-03,2.96,2.97,2.85,2.91,320200,0,0
2010-12-06,2.9,3.05,2.9,3.04,211900,0,0
2010-12-07,3.07,3.07,2.96,2.98,342100,0,0
2010-12-08,3.0,3.02,2.96,2.98,493100,0,0
2010-12-09,3.02,3.14,2.96,3.1,250100,0,0
2010-12-10,3.09,3.18,3.09,3.17,449000,0,0
2010-12-13,3.17,3.24,3.13,3.22,229600,0,0
2010-12-14,3.25,3.25,3.17,3.22,193400,0,0
2010-12-15,3.2,3.41,3.2,3.35,451500,0,0
2010-12-16,3.37,3.48,3.25,3.42,642300,0,0
2010-12-17,3.45,3.49,3.36,3.45,555600,0,0
2010-12-20,3.5,3.69,3.15,3.59,1029700,0,0
2010-12-21,3.62,3.66,3.58,3.6,541500,0,0
2010-12-22,3.6,3.63,3.53,3.6,427500,0,0
2010-12-23,3.61,3.62,3.58,3.62,335100,0,0
2010-12-27,3.64,3.65,3.55,3.6,210700,0,0
2010-12-28,3.61,3.65,3.5,3.55,124800,0,0
2010-12-29,3.57,3.61,3.55,3.57,113400,0,0
2010-12-30,3.56,3.6,3.55,3.55,139400,0,0
2010-12-31,3.55,3.58,3.45,3.45,185400,0,0
2011-01-03,3.51,3.64,3.46,3.59,222700,0,0
2011-01-04,3.59,3.61,3.43,3.52,226200,0,0
2011-01-05,3.52,3.62,3.45,3.61,342400,0,0
2011-01-06,3.6,3.62,3.5,3.58,208900,0,0
2011-01-07,3.6,3.6,3.44,3.55,210300,0,0
2011-01-10,3.52,3.6,3.51,3.59,154200,0,0
2011-01-11,3.59,3.59,3.54,3.58,134200,0,0
2011-01-12,3.58,3.63,3.56,3.58,346200,0,0
2011-01-13,3.58,3.62,3.48,3.58,221100,0,0
2011-01-14,3.59,3.63,3.36,3.61,240600,0,0
2011-01-18,3.61,3.63,3.58,3.61,264800,0,0
2011-01-19,3.62,3.62,3.46,3.47,283800,0,0
2011-01-20,3.45,3.49,3.26,3.26,363700,0,0
2011-01-21,3.25,3.27,3.03,3.05,619500,0,0
2011-01-24,3.06,3.35,3.06,3.27,439400,0,0
2011-01-25,3.24,3.25,3.17,3.22,200000,0,0
2011-01-26,3.22,3.31,3.18,3.31,283700,0,0
2011-01-27,3.32,3.35,3.2,3.22,154600,0,0
2011-01-28,3.21,3.27,3.01,3.05,346000,0,0
2011-01-31,3.06,3.21,3.02,3.12,205300,0,0
2011-02-01,3.13,3.37,3.12,3.37,227600,0,0
2011-02-02,3.34,3.38,3.26,3.29,121800,0,0
2011-02-03,3.3,3.43,3.23,3.38,210200,0,0
2011-02-04,3.36,3.4,3.3,3.38,188200,0,0
2011-02-07,3.37,3.47,3.32,3.41,132400,0,0
2011-02-08,3.4,3.46,3.34,3.46,169500,0,0
2011-02-09,3.43,3.45,3.26,3.32,246700,0,0
2011-02-10,3.31,3.37,3.17,3.29,184100,0,0
2011-02-11,3.26,3.31,3.23,3.26,151100,0,0
2011-02-14,3.25,3.3,3.22,3.26,143800,0,0
2011-02-15,3.23,3.3,3.19,3.29,201300,0,0
2011-02-16,3.3,3.37,3.26,3.36,168900,0,0
2011-02-17,3.36,3.41,3.3,3.41,227500,0,0
2011-02-18,3.44,3.45,3.38,3.4,141400,0,0
2011-02-22,3.34,3.41,3.27,3.3,181700,0,0
2011-02-23,3.32,3.32,3.15,3.15,131600,0,0
2011-02-24,3.14,3.17,3.09,3.16,154500,0,0
2011-02-25,3.16,3.29,3.11,3.29,120600,0,0
2011-02-28,3.3,3.3,3.15,3.24,155600,0,0
2011-03-01,3.24,3.27,3.08,3.1,160600,0,0
2011-03-02,3.08,3.13,3.0,3.01,199300,0,0
2011-03-03,3.06,3.13,2.9,3.13,632100,0,0
2011-03-04,3.12,3.2,3.07,3.2,103200,0,0
2011-03-07,3.21,3.21,3.01,3.09,218400,0,0
2011-03-08,3.07,3.42,3.07,3.36,325700,0,0
2011-03-09,3.36,3.5,3.34,3.48,273000,0,0
2011-03-10,3.43,3.43,3.29,3.35,282100,0,0
2011-03-11,3.34,3.54,3.3,3.48,240600,0,0
2011-03-14,3.44,3.44,3.33,3.38,191900,0,0
2011-03-15,3.28,3.34,3.22,3.29,219200,0,0
2011-03-16,3.27,3.36,3.24,3.3,221100,0,0
2011-03-17,3.39,3.39,3.15,3.29,154300,0,0
2011-03-18,3.33,3.45,3.31,3.45,299700,0,0
2011-03-21,3.5,3.53,3.43,3.52,247300,0,0
2011-03-22,3.53,3.54,3.47,3.5,114000,0,0
2011-03-23,3.48,3.56,3.43,3.53,150500,0,0
2011-03-24,3.55,3.56,3.34,3.5,140400,0,0
2011-03-25,3.53,3.56,3.41,3.5,196200,0,0
2011-03-28,3.51,3.57,3.48,3.54,133300,0,0
2011-03-29,3.55,3.61,3.47,3.6,240300,0,0
2011-03-30,3.63,3.64,3.57,3.61,300700,0,0
2011-03-31,3.64,3.65,3.57,3.6,240100,0,0
2011-04-01,3.64,3.64,3.5,3.6,197800,0,0
2011-04-04,3.63,3.64,3.46,3.61,140500,0,0
2011-04-05,3.59,3.61,3.5,3.52,284100,0,0
2011-04-06,3.56,3.6,3.52,3.59,168700,0,0
2011-04-07,3.59,3.61,3.5,3.51,94200,0,0
2011-04-08,3.56,3.56,3.4,3.45,203800,0,0
2011-04-11,3.44,3.53,3.44,3.5,106400,0,0
2011-04-12,3.45,3.45,3.11,3.27,939800,0,0
2011-04-13,3.26,3.29,3.15,3.15,286000,0,0
2011-04-14,3.12,3.21,3.07,3.09,261800,0,0
2011-04-15,3.1,3.29,3.09,3.25,335200,0,0
2011-04-18,3.18,3.19,3.13,3.17,296300,0,0
2011-04-19,3.2,3.22,3.12,3.17,241200,0,0
2011-04-20,3.24,3.28,3.23,3.26,217300,0,0
2011-04-21,3.3,3.3,3.26,3.29,214900,0,0
2011-04-25,3.33,3.45,3.3,3.32,261400,0,0
2011-04-26,3.34,3.4,3.3,3.32,346100,0,0
2011-04-27,3.31,3.43,3.31,3.42,248000,0,0
2011-04-28,3.42,3.68,3.4,3.68,570100,0,0
2011-04-29,3.7,3.76,3.66,3.73,529000,0,0
2011-05-02,3.77,3.77,3.58,3.59,207000,0,0
2011-05-03,3.59,3.67,3.02,3.17,1500000,0,0
2011-05-04,3.16,3.29,3.12,3.23,495700,0,0
2011-05-05,3.19,3.26,3.1,3.15,367600,0,0
2011-05-06,3.15,3.28,3.04,3.25,318700,0,0
2011-05-09,3.25,3.32,3.22,3.25,249000,0,0
2011-05-10,3.28,3.38,3.28,3.36,202700,0,0
2011-05-11,3.34,3.38,3.24,3.28,180000,0,0
2011-05-12,3.24,3.35,3.21,3.35,107500,0,0
2011-05-13,3.36,3.39,3.22,3.28,181000,0,0
2011-05-16,3.24,3.35,3.24,3.24,258500,0,0
2011-05-17,3.21,3.26,3.2,3.2,334600,0,0
2011-05-18,3.29,3.29,3.21,3.26,184900,0,0
2011-05-19,3.3,3.3,3.2,3.25,173400,0,0
2011-05-20,3.22,3.28,3.18,3.24,221400,0,0
2011-05-23,3.16,3.27,3.16,3.24,189600,0,0
2011-05-24,3.25,3.26,3.12,3.12,293500,0,0
2011-05-25,3.1,3.19,3.1,3.14,140400,0,0
2011-05-26,3.13,3.18,3.04,3.17,227000,0,0
2011-05-27,3.2,3.24,3.17,3.19,82300,0,0
2011-05-31,3.22,3.51,3.22,3.5,760500,0,0
2011-06-01,3.5,3.5,3.21,3.23,410100,0,0
2011-06-02,3.23,3.27,3.13,3.15,270600,0,0
2011-06-03,3.07,3.14,3.0,3.0,324800,0,0
2011-06-06,3.0,3.07,2.89,2.92,377100,0,0
2011-06-07,2.96,3.01,2.88,2.95,422100,0,0
2011-06-08,2.93,3.04,2.9,2.96,395200,0,0
2011-06-09,2.99,3.11,2.97,3.05,278700,0,0
2011-06-10,3.02,3.17,2.97,3.07,454400,0,0
2011-06-13,3.09,3.09,2.92,2.98,407700,0,0
2011-06-14,3.03,3.07,2.97,3.0,333000,0,0
2011-06-15,2.95,2.96,2.78,2.79,365400,0,0
2011-06-16,2.81,2.9,2.68,2.8,611700,0,0
2011-06-17,2.84,2.86,2.69,2.78,615600,0,0
2011-06-20,2.77,2.97,2.75,2.95,372200,0,0
2011-06-21,2.99,3.0,2.89,2.95,570900,0,0
2011-06-22,2.94,2.95,2.81,2.81,246900,0,0
2011-06-23,2.76,3.1,2.71,3.09,687400,0,0
2011-06-24,2.3,2.35,1.97,2.13,5806900,0,0
2011-06-27,1.76,2.03,1.76,1.94,3261600,0,0
2011-06-28,1.94,2.11,1.92,2.04,958900,0,0
2011-06-29,2.05,2.12,1.91,1.98,555100,0,0
2011-06-30,1.98,2.06,1.92,2.03,518000,0,0
2011-07-01,2.04,2.07,1.98,2.04,529600,0,0
2011-07-05,2.06,2.06,1.98,2.0,302400,0,0
2011-07-06,2.0,2.05,1.99,2.05,548500,0,0
2011-07-07,2.08,2.1,1.99,2.04,398700,0,0
2011-07-08,2.04,2.04,1.96,2.03,420900,0,0
2011-07-11,2.0,2.0,1.91,1.95,407000,0,0
2011-07-12,1.99,2.01,1.85,1.98,560200,0,0
2011-07-13,2.0,2.11,2.0,2.05,492400,0,0
2011-07-14,2.05,2.09,2.03,2.05,257900,0,0
2011-07-15,2.06,2.17,2.01,2.11,404200,0,0
2011-07-18,2.09,2.14,2.0,2.08,325700,0,0
2011-07-19,2.11,2.19,2.09,2.15,423900,0,0
2011-07-20,2.16,2.25,2.09,2.24,265700,0,0
2011-07-21,2.25,2.28,2.18,2.2,223900,0,0
2011-07-22,2.19,2.21,2.15,2.2,253300,0,0
2011-07-25,2.15,2.25,2.13,2.13,144400,0,0
2011-07-26,2.15,2.16,2.14,2.14,204600,0,0
2011-07-27,2.13,2.21,2.0,2.03,502300,0,0
2011-07-28,2.04,2.16,2.02,2.05,179400,0,0
2011-07-29,2.02,2.12,2.02,2.06,195000,0,0
2011-08-01,2.1,2.1,2.01,2.09,202500,0,0
2011-08-02,2.07,2.12,2.0,2.0,402300,0,0
2011-08-03,2.01,2.09,1.92,1.99,290100,0,0
2011-08-04,1.97,2.01,1.86,1.86,405600,0,0
2011-08-05,1.84,2.01,1.74,1.93,502700,0,0
2011-08-08,1.83,1.9,1.71,1.72,599300,0,0
2011-08-09,1.8,1.82,1.62,1.77,528800,0,0
2011-08-10,1.69,1.85,1.53,1.57,579400,0,0
2011-08-11,1.59,1.69,1.56,1.69,626000,0,0
2011-08-12,1.7,1.76,1.51,1.75,360700,0,0
2011-08-15,1.77,1.86,1.69,1.79,165200,0,0
2011-08-16,1.75,1.75,1.63,1.65,251300,0,0
2011-08-17,1.67,1.76,1.61,1.7,259700,0,0
2011-08-18,1.62,1.7,1.54,1.56,461600,0,0
2011-08-19,1.52,1.6,1.42,1.53,239200,0,0
2011-08-22,1.58,1.62,1.43,1.48,361700,0,0
2011-08-23,1.48,1.56,1.47,1.51,296300,0,0
2011-08-24,1.51,1.56,1.44,1.5,153500,0,0
2011-08-25,1.52,1.52,1.41,1.41,354600,0,0
2011-08-26,1.41,1.51,1.4,1.48,296800,0,0
2011-08-29,1.51,1.82,1.5,1.77,666000,0,0
2011-08-30,1.74,1.76,1.64,1.71,244200,0,0
2011-08-31,1.73,1.78,1.52,1.67,446000,0,0
2011-09-01,1.67,1.68,1.5,1.55,264500,0,0
2011-09-02,1.49,1.54,1.44,1.44,486900,0,0
2011-09-06,1.4,1.45,1.32,1.41,785300,0,0
2011-09-07,1.45,1.56,1.32,1.54,993600,0,0
2011-09-08,1.5,1.56,1.5,1.53,261500,0,0
2011-09-09,1.5,1.5,1.41,1.43,544200,0,0
2011-09-12,1.46,1.65,1.43,1.64,344200,0,0
2011-09-13,1.67,1.85,1.67,1.84,379400,0,0
2011-09-14,1.85,1.85,1.69,1.82,226400,0,0
2011-09-15,1.84,1.84,1.69,1.79,150100,0,0
2011-09-16,1.81,1.89,1.76,1.87,499500,0,0
2011-09-19,1.81,1.81,1.68,1.7,208200,0,0
2011-09-20,1.7,1.74,1.66,1.67,109400,0,0
2011-09-21,1.67,1.73,1.53,1.53,222600,0,0
2011-09-22,1.44,1.59,1.42,1.47,348600,0,0
2011-09-23,1.47,1.59,1.47,1.5,155200,0,0
2011-09-26,1.52,1.61,1.44,1.48,168200,0,0
2011-09-27,1.54,1.65,1.53,1.61,465700,0,0
2011-09-28,1.6,1.61,1.44,1.46,164800,0,0
2011-09-29,1.52,1.61,1.46,1.58,208100,0,0
2011-09-30,1.54,1.62,1.5,1.61,340400,0,0
2011-10-03,1.57,1.59,1.43,1.43,332900,0,0
2011-10-04,1.42,1.79,1.42,1.69,354400,0,0
2011-10-05,1.68,1.68,1.5,1.51,417600,0,0
2011-10-06,1.51,1.53,1.46,1.52,178600,0,0
2011-10-07,1.51,1.51,1.44,1.45,237300,0,0
2011-10-10,1.49,1.51,1.43,1.5,233400,0,0
2011-10-11,1.47,1.58,1.46,1.5,3559000,0,0
2011-10-12,1.51,1.57,1.45,1.51,408500,0,0
2011-10-13,1.49,1.54,1.49,1.53,260000,0,0
2011-10-14,1.55,1.65,1.52,1.64,369600,0,0
2011-10-17,1.6,1.69,1.58,1.61,412200,0,0
2011-10-18,1.62,1.76,1.58,1.72,538200,0,0
2011-10-19,1.73,1.76,1.66,1.69,278000,0,0
2011-10-20,1.7,1.8,1.67,1.79,353400,0,0
2011-10-21,1.83,1.9,1.7,1.74,702900,0,0
2011-10-24,1.74,1.79,1.71,1.78,198900,0,0
2011-10-25,1.76,1.76,1.68,1.7,282200,0,0
2011-10-26,1.73,1.75,1.64,1.71,273900,0,0
2011-10-27,1.81,1.85,1.71,1.8,497300,0,0
2011-10-28,1.79,1.83,1.7,1.71,276400,0,0
2011-10-31,1.66,1.67,1.58,1.59,327600,0,0
2011-11-01,1.48,1.62,1.48,1.49,283800,0,0
2011-11-02,1.54,1.58,1.5,1.53,303700,0,0
2011-11-03,1.57,1.66,1.53,1.59,279000,0,0
2011-11-04,1.59,1.6,1.54,1.55,134200,0,0
2011-11-07,1.55,1.58,1.5,1.52,164400,0,0
2011-11-08,1.54,1.56,1.51,1.52,173600,0,0
2011-11-09,1.47,1.61,1.44,1.45,344500,0,0
2011-11-10,1.49,1.52,1.46,1.48,151000,0,0
2011-11-11,1.51,1.55,1.49,1.5,288000,0,0
2011-11-14,1.48,1.5,1.43,1.45,359800,0,0
2011-11-15,1.43,1.49,1.43,1.44,153300,0,0
2011-11-16,1.42,1.5,1.36,1.38,220200,0,0
2011-11-17,1.39,1.42,1.38,1.38,133600,0,0
2011-11-18,1.39,1.47,1.38,1.38,137700,0,0
2011-11-21,1.35,1.38,1.31,1.33,191000,0,0
2011-11-22,1.34,1.38,1.3,1.31,224700,0,0
2011-11-23,1.3,1.33,1.22,1.22,221600,0,0
2011-11-25,1.23,1.31,1.2,1.24,106000,0,0
2011-11-28,1.3,1.35,1.24,1.27,215600,0,0
2011-11-29,1.27,1.29,1.2,1.2,199700,0,0
2011-11-30,1.28,1.37,1.25,1.36,1099400,0,0
2011-12-01,1.33,1.4,1.22,1.26,466600,0,0
2011-12-02,1.28,1.34,1.28,1.3,195100,0,0
2011-12-05,1.34,1.34,1.26,1.32,395900,0,0
2011-12-06,1.32,1.34,1.25,1.32,373900,0,0
2011-12-07,1.3,1.34,1.26,1.31,209400,0,0
2011-12-08,1.29,1.3,1.22,1.22,129200,0,0
2011-12-09,1.23,1.31,1.23,1.29,243900,0,0
2011-12-12,1.25,1.32,1.25,1.27,244800,0,0
2011-12-13,1.29,1.36,1.28,1.28,262700,0,0
2011-12-14,1.28,1.3,1.2,1.27,365500,0,0
2011-12-15,1.28,1.28,1.18,1.28,289900,0,0
2011-12-16,1.3,1.32,1.22,1.24,644900,0,0
2011-12-19,1.26,1.3,1.15,1.16,458500,0,0
2011-12-20,1.2,1.24,1.12,1.2,656700,0,0
2011-12-21,1.24,1.24,1.13,1.16,540800,0,0
2011-12-22,1.17,1.23,1.16,1.18,372200,0,0
2011-12-23,1.19,1.31,1.15,1.18,803600,0,0
2011-12-27,1.16,1.24,1.16,1.2,115800,0,0
2011-12-28,1.2,1.2,1.15,1.15,230800,0,0
2011-12-29,1.16,1.2,1.15,1.2,200800,0,0
2011-12-30,1.16,1.2,1.13,1.18,507900,0,0
2012-01-03,1.21,1.23,1.19,1.2,283100,0,0
2012-01-04,1.19,1.21,1.15,1.15,142800,0,0
2012-01-05,1.17,1.19,1.17,1.18,760800,0,0
2012-01-06,0.89,0.89,0.72,0.74,5046100,0,0
2012-01-09,0.73,0.83,0.73,0.79,953200,0,0
2012-01-10,0.8,0.82,0.76,0.77,607600,0,0
2012-01-11,0.77,0.78,0.76,0.78,401800,0,0
2012-01-12,0.78,0.81,0.77,0.78,262000,0,0
2012-01-13,0.77,0.79,0.77,0.77,391600,0,0
2012-01-17,0.78,0.78,0.73,0.74,481400,0,0
2012-01-18,0.75,0.76,0.72,0.73,367500,0,0
2012-01-19,0.74,0.79,0.72,0.77,507900,0,0
2012-01-20,0.76,0.8,0.76,0.79,529500,0,0
2012-01-23,0.79,0.81,0.79,0.8,168800,0,0
2012-01-24,0.79,0.81,0.75,0.79,399700,0,0
2012-01-25,0.79,0.8,0.76,0.79,132800,0,0
2012-01-26,0.79,0.8,0.77,0.79,372900,0,0
2012-01-27,0.76,0.8,0.76,0.79,164800,0,0
2012-01-30,0.76,0.8,0.76,0.79,264300,0,0
2012-01-31,0.79,0.8,0.78,0.79,696200,0,0
2012-02-01,0.8,0.84,0.77,0.79,574000,0,0
2012-02-02,0.8,0.8,0.75,0.77,465000,0,0
2012-02-03,0.79,0.79,0.75,0.78,445200,0,0
2012-02-06,0.78,0.8,0.77,0.79,81900,0,0
2012-02-07,0.79,0.9,0.79,0.82,633200,0,0
2012-02-08,0.83,0.88,0.82,0.85,515000,0,0
2012-02-09,0.85,0.85,0.82,0.82,198100,0,0
2012-02-10,0.81,0.85,0.8,0.8,119700,0,0
2012-02-13,0.81,0.84,0.79,0.8,141300,0,0
2012-02-14,0.79,0.8,0.77,0.78,214400,0,0
2012-02-15,0.79,0.82,0.75,0.77,705400,0,0
2012-02-16,0.77,0.82,0.77,0.78,406800,0,0
2012-02-17,0.79,0.79,0.76,0.78,292700,0,0
2012-02-21,0.78,0.82,0.76,0.79,247400,0,0
2012-02-22,0.77,0.78,0.73,0.75,222200,0,0
2012-02-23,0.75,0.78,0.74,0.76,254400,0,0
2012-02-24,0.76,0.78,0.74,0.75,363500,0,0
2012-02-27,0.74,0.75,0.73,0.74,369700,0,0
2012-02-28,0.74,0.76,0.74,0.74,225000,0,0
2012-02-29,0.74,0.79,0.74,0.75,279400,0,0
2012-03-01,0.8,0.8,0.72,0.72,400800,0,0
2012-03-02,0.75,0.8,0.73,0.79,654700,0,0
2012-03-05,0.81,0.84,0.8,0.81,422500,0,0
2012-03-06,0.8,0.81,0.71,0.8,404200,0,0
2012-03-07,0.8,0.88,0.77,0.87,406200,0,0
2012-03-08,0.88,0.92,0.82,0.88,430700,0,0
2012-03-09,0.88,0.88,0.81,0.83,337300,0,0
2012-03-12,0.81,0.86,0.77,0.79,352900,0,0
2012-03-13,0.78,0.81,0.76,0.79,371400,0,0
2012-03-14,0.78,0.81,0.78,0.78,232100,0,0
2012-03-15,0.78,0.8,0.75,0.79,299300,0,0
2012-03-16,0.79,0.85,0.76,0.78,553400,0,0
2012-03-19,0.78,0.8,0.76,0.79,219300,0,0
2012-03-20,0.78,0.79,0.77,0.78,267600,0,0
2012-03-21,0.79,0.8,0.78,0.78,110600,0,0
2012-03-22,0.78,0.81,0.77,0.78,390300,0,0
2012-03-23,0.93,0.93,0.82,0.82,925900,0,0
2012-03-26,0.87,0.87,0.83,0.85,318600,0,0
2012-03-27,0.86,0.87,0.83,0.85,307200,0,0
2012-03-28,0.85,0.86,0.8,0.8,243000,0,0
2012-03-29,0.8,0.85,0.8,0.85,385500,0,0
2012-03-30,0.86,0.88,0.8,0.8,422400,0,0
2012-04-02,0.81,0.83,0.77,0.8,673200,0,0
2012-04-03,0.8,0.83,0.78,0.8,177400,0,0
2012-04-04,0.8,0.8,0.78,0.78,341600,0,0
2012-04-05,0.78,0.8,0.77,0.78,177700,0,0
2012-04-09,0.76,0.79,0.74,0.75,333800,0,0
2012-04-10,0.75,0.78,0.69,0.73,289000,0,0
2012-04-11,0.74,0.75,0.71,0.73,181000,0,0
2012-04-12,0.73,0.75,0.7,0.71,254500,0,0
2012-04-13,0.71,0.73,0.69,0.69,215900,0,0
2012-04-16,0.7,0.76,0.7,0.7,285600,0,0
2012-04-17,0.74,0.75,0.7,0.72,312100,0,0
2012-04-18,0.71,0.75,0.71,0.73,261000,0,0
2012-04-19,0.71,0.76,0.71,0.73,213500,0,0
2012-04-20,0.79,0.8,0.7,0.72,335800,0,0
2012-04-23,0.71,0.72,0.68,0.71,228700,0,0
2012-04-24,0.71,0.76,0.7,0.73,277800,0,0
2012-04-25,0.74,0.8,0.72,0.77,359400,0,0
2012-04-26,0.77,0.77,0.73,0.75,121900,0,0
2012-04-27,0.75,0.79,0.73,0.74,95900,0,0
2012-04-30,0.74,0.79,0.7,0.7,152000,0,0
2012-05-01,0.7,0.77,0.7,0.7,209000,0,0
2012-05-02,0.7,0.75,0.7,0.75,208700,0,0
2012-05-03,0.75,0.76,0.71,0.73,234700,0,0
2012-05-04,0.71,0.76,0.71,0.74,346500,0,0
2012-05-07,0.73,0.74,0.73,0.73,101000,0,0
2012-05-08,0.73,0.76,0.72,0.74,134200,0,0
2012-05-09,0.73,0.76,0.73,0.76,392700,0,0
2012-05-10,0.76,0.83,0.73,0.78,309000,0,0
2012-05-11,0.77,0.84,0.75,0.79,276100,0,0
2012-05-14,0.78,0.81,0.77,0.78,230200,0,0
2012-05-15,0.78,0.84,0.78,0.82,121000,0,0
2012-05-16,0.82,0.84,0.78,0.79,293800,0,0
2012-05-17,0.79,0.83,0.78,0.78,201800,0,0
2012-05-18,0.76,0.82,0.75,0.76,1473700,0,0
2012-05-21,0.78,0.82,0.78,0.8,237200,0,0
2012-05-22,0.8,0.81,0.78,0.8,184000,0,0
2012-05-23,0.8,0.82,0.78,0.79,194000,0,0
2012-05-24,0.79,0.91,0.79,0.86,1057100,0,0
2012-05-25,0.86,0.95,0.86,0.93,573800,0,0
2012-05-29,0.94,0.96,0.9,0.9,263500,0,0
2012-05-30,0.9,0.92,0.87,0.88,212000,0,0
2012-05-31,0.88,0.91,0.8,0.81,2552800,0,0
2012-06-01,0.8,0.86,0.8,0.83,203300,0,0
2012-06-04,0.84,0.84,0.8,0.82,263600,0,0
2012-06-05,0.81,0.85,0.81,0.84,243400,0,0
2012-06-06,0.85,0.9,0.82,0.88,164900,0,0
2012-06-07,0.9,0.9,0.82,0.85,180600,0,0
2012-06-08,0.85,0.9,0.82,0.85,159300,0,0
2012-06-11,0.86,0.9,0.8,0.8,192200,0,0
2012-06-12,0.81,0.86,0.79,0.83,148300,0,0
2012-06-13,0.82,0.86,0.8,0.8,129500,0,0
2012-06-14,0.81,0.89,0.8,0.89,231400,0,0
2012-06-15,0.88,0.88,0.83,0.84,298100,0,0
2012-06-18,0.84,0.89,0.83,0.84,206400,0,0
2012-06-19,0.84,0.89,0.84,0.84,376900,0,0
2012-06-20,0.84,0.86,0.81,0.82,203800,0,0
2012-06-21,0.82,0.87,0.81,0.82,488000,0,0
2012-06-22,0.83,0.86,0.78,0.79,11594800,0,0
2012-06-25,0.89,0.89,0.8,0.8,307000,0,0
2012-06-26,0.83,0.84,0.79,0.79,253900,0,0
2012-06-27,0.82,0.83,0.8,0.82,221900,0,0
2012-06-28,0.84,0.93,0.82,0.9,444100,0,0
2012-06-29,0.92,0.93,0.9,0.91,313800,0,0
2012-07-02,0.92,0.94,0.91,0.92,196800,0,0
2012-07-03,0.94,1.11,0.92,1.03,464100,0,0
2012-07-05,1.05,1.11,1.04,1.1,693200,0,0
2012-07-06,1.13,1.14,1.02,1.07,533500,0,0
2012-07-09,1.03,1.07,0.99,1.04,260800,0,0
2012-07-10,1.05,1.1,1.0,1.05,323500,0,0
2012-07-11,1.09,1.15,1.05,1.12,438900,0,0
2012-07-12,1.13,1.15,1.1,1.11,318300,0,0
2012-07-13,1.12,1.13,1.07,1.11,185800,0,0
2012-07-16,1.12,1.22,1.11,1.2,624600,0,0
2012-07-17,1.24,1.25,1.15,1.16,383900,0,0
2012-07-18,1.16,1.2,1.14,1.16,250800,0,0
2012-07-19,1.16,1.19,1.03,1.03,383800,0,0
2012-07-20,1.02,1.2,1.02,1.16,397300,0,0
2012-07-23,1.18,1.18,1.09,1.13,213400,0,0
2012-07-24,1.14,1.18,1.05,1.11,226800,0,0
2012-07-25,1.09,1.11,1.06,1.1,71100,0,0
2012-07-26,1.11,1.11,1.07,1.08,61600,0,0
2012-07-27,1.08,1.11,1.05,1.05,105100,0,0
2012-07-30,1.07,1.1,1.05,1.08,141200,0,0
2012-07-31,1.1,1.11,1.04,1.06,228200,0,0
2012-08-01,1.1,1.1,0.97,1.01,274600,0,0
2012-08-02,1.01,1.04,0.86,0.97,363900,0,0
2012-08-03,0.99,0.99,0.91,0.94,231500,0,0
2012-08-06,0.9,1.16,0.9,0.93,153900,0,0
2012-08-07,0.91,1.03,0.91,0.98,242600,0,0
2012-08-08,0.95,1.01,0.93,0.93,89000,0,0
2012-08-09,0.98,0.98,0.84,0.84,293400,0,0
2012-08-10,0.88,0.9,0.83,0.84,183000,0,0
2012-08-13,0.9,0.9,0.85,0.88,145800,0,0
2012-08-14,0.85,0.9,0.85,0.9,203300,0,0
2012-08-15,0.91,0.92,0.82,0.92,120900,0,0
2012-08-16,0.96,1.0,0.9,0.95,115600,0,0
2012-08-17,1.06,1.06,0.98,1.0,167400,0,0
2012-08-20,1.04,1.08,1.0,1.08,214500,0,0
2012-08-21,1.08,1.1,1.03,1.04,176700,0,0
2012-08-22,1.06,1.09,0.99,1.02,94600,0,0
2012-08-23,1.0,1.08,0.98,1.0,113000,0,0
2012-08-24,1.02,1.06,0.95,0.96,119900,0,0
2012-08-27,0.95,1.0,0.95,0.96,63600,0,0
2012-08-28,0.95,1.05,0.95,0.98,42200,0,0
2012-08-29,0.98,1.04,0.95,1.01,59400,0,0
2012-08-30,1.04,1.08,1.03,1.05,195400,0,0
2012-08-31,1.08,1.08,1.04,1.05,136700,0,0
2012-09-04,1.07,1.09,1.05,1.05,101900,0,0
2012-09-05,1.07,1.09,1.05,1.08,207900,0,0
2012-09-06,1.08,1.15,1.07,1.11,199500,0,0
2012-09-07,1.11,1.15,1.07,1.12,189100,0,0
2012-09-10,1.15,1.15,1.09,1.13,130000,0,0
2012-09-11,1.14,1.25,1.11,1.24,667300,0,0
2012-09-12,1.27,1.3,1.21,1.24,367500,0,0
2012-09-13,1.25,1.3,1.15,1.26,260000,0,0
2012-09-14,1.29,1.3,1.24,1.26,274400,0,0
2012-09-17,1.28,1.29,1.23,1.24,318600,0,0
2012-09-18,1.25,1.25,1.19,1.25,241900,0,0
2012-09-19,1.25,1.27,1.2,1.21,95300,0,0
2012-09-20,1.21,1.27,1.19,1.2,248600,0,0
2012-09-21,1.21,1.32,1.21,1.32,420100,0,0
2012-09-24,1.35,1.35,1.25,1.28,476500,0,0
2012-09-25,1.33,1.37,1.3,1.36,382600,0,0
2012-09-26,1.39,1.39,1.32,1.35,294600,0,0
2012-09-27,1.35,1.49,1.35,1.47,761000,0,0
2012-09-28,1.45,1.45,1.38,1.44,368300,0,0
2012-10-01,1.42,1.5,1.4,1.44,442300,0,0
2012-10-02,1.45,1.5,1.42,1.47,352600,0,0
2012-10-03,1.47,1.48,1.4,1.41,281800,0,0
2012-10-04,1.41,1.46,1.4,1.46,206900,0,0
2012-10-05,1.48,1.49,1.42,1.45,308500,0,0
2012-10-08,1.43,1.49,1.4,1.49,231700,0,0
2012-10-09,1.48,1.5,1.43,1.47,512800,0,0
2012-10-10,1.48,1.49,1.44,1.48,163800,0,0
2012-10-11,1.48,1.5,1.48,1.48,220100,0,0
2012-10-12,1.5,1.59,1.49,1.51,297600,0,0
2012-10-15,1.52,1.6,1.48,1.58,345700,0,0
2012-10-16,1.6,1.68,1.59,1.66,493300,0,0
2012-10-17,1.71,1.71,1.54,1.63,456400,0,0
2012-10-18,1.65,1.65,1.55,1.56,348300,0,0
2012-10-19,1.5,1.56,1.4,1.47,465700,0,0
2012-10-22,1.49,1.49,1.45,1.46,216100,0,0
2012-10-23,1.43,1.43,1.35,1.38,214700,0,0
2012-10-24,1.4,1.44,1.33,1.35,190900,0,0
2012-10-25,1.35,1.42,1.33,1.4,61100,0,0
2012-10-26,1.4,1.4,1.32,1.34,190700,0,0
2012-10-31,1.35,1.39,1.31,1.37,159500,0,0
2012-11-01,1.37,1.45,0.61,0.91,3024300,0,0
2012-11-02,0.89,0.95,0.81,0.9,521900,0,0
2012-11-05,0.93,1.0,0.85,1.0,953700,0,0
2012-11-06,1.0,1.04,0.92,1.0,983400,0,0
2012-11-07,1.0,1.04,0.95,0.96,502500,0,0
2012-11-08,0.97,1.03,0.94,1.0,721800,0,0
2012-11-09,1.03,1.03,0.95,1.01,264400,0,0
2012-11-12,1.0,1.01,0.96,1.01,115300,0,0
2012-11-13,0.99,1.03,0.99,1.0,309100,0,0
2012-11-14,1.0,1.01,0.97,1.0,238400,0,0
2012-11-15,0.97,1.0,0.95,0.99,408200,0,0
2012-11-16,0.98,1.0,0.95,0.99,98100,0,0
2012-11-19,1.01,1.01,0.96,0.97,88600,0,0
2012-11-20,0.99,0.99,0.91,0.93,321000,0,0
2012-11-21,0.96,0.98,0.91,0.93,110900,0,0
2012-11-23,0.96,0.96,0.94,0.95,23200,0,0
2012-11-26,0.95,0.95,0.91,0.95,52600,0,0
2012-11-27,0.95,1.04,0.93,1.02,257300,0,0
2012-11-28,1.04,1.05,1.0,1.01,154500,0,0
2012-11-29,1.05,1.11,1.0,1.01,3315500,0,0
2012-11-30,1.02,1.11,0.99,1.0,4873600,0,0
2012-12-03,0.99,1.03,0.98,0.98,69200,0,0
2012-12-04,0.99,1.01,0.95,0.99,152500,0,0
2012-12-05,0.99,1.0,0.95,0.97,101000,0,0
2012-12-06,0.95,0.95,0.89,0.9,2267200,0,0
2012-12-07,0.87,0.91,0.75,0.9,445100,0,0
2012-12-10,0.91,0.99,0.87,0.9,228200,0,0
2012-12-11,0.9,0.94,0.86,0.86,432200,0,0
2012-12-12,0.86,0.92,0.85,0.89,200100,0,0
2012-12-13,0.88,0.91,0.87,0.9,104800,0,0
2012-12-14,0.88,0.93,0.88,0.92,216300,0,0
2012-12-17,0.9,0.92,0.9,0.9,125500,0,0
2012-12-18,0.9,0.9,0.88,0.88,188400,0,0
2012-12-19,0.88,0.9,0.88,0.9,131600,0,0
2012-12-20,0.89,0.92,0.89,0.9,185600,0,0
2012-12-21,0.9,0.93,0.88,0.88,410600,0,0
2012-12-24,0.88,0.9,0.88,0.88,41200,0,0
2012-12-26,0.89,0.93,0.88,0.92,142600,0,0
2012-12-27,0.92,0.92,0.88,0.9,98400,0,0
2012-12-28,0.89,0.91,0.89,0.91,69200,0,0
2012-12-31,0.88,0.92,0.88,0.92,302300,0,0
2013-01-02,0.94,0.98,0.9,0.96,314600,0,0
2013-01-03,1.0,1.05,0.97,1.0,189800,0,0
2013-01-04,1.0,1.0,0.97,0.99,95300,0,0
2013-01-07,0.99,1.0,0.97,0.97,169000,0,0
2013-01-08,1.0,1.0,0.92,0.93,70900,0,0
2013-01-09,0.92,0.98,0.92,0.95,43400,0,0
2013-01-10,0.95,0.99,0.94,0.99,118700,0,0
2013-01-11,0.99,0.99,0.96,0.96,56100,0,0
2013-01-14,0.98,0.99,0.95,0.96,104800,0,0
2013-01-15,0.96,0.97,0.94,0.97,94400,0,0
2013-01-16,0.95,0.98,0.95,0.96,70000,0,0
2013-01-17,0.96,0.99,0.95,0.97,101800,0,0
2013-01-18,0.99,1.08,0.96,1.03,1203900,0,0
2013-01-22,1.04,1.13,1.04,1.05,787700,0,0
2013-01-23,1.08,1.11,1.05,1.09,372600,0,0
2013-01-24,1.08,1.15,1.08,1.12,661500,0,0
2013-01-25,1.13,1.14,1.07,1.09,300100,0,0
2013-01-28,1.13,1.13,1.03,1.05,299200,0,0
2013-01-29,1.07,1.08,1.02,1.07,185100,0,0
2013-01-30,1.08,1.09,1.04,1.05,120700,0,0
2013-01-31,1.06,1.1,1.04,1.09,156100,0,0
2013-02-01,1.08,1.1,1.08,1.1,123600,0,0
2013-02-04,1.11,1.17,1.1,1.16,441700,0,0
2013-02-05,1.15,1.25,1.15,1.21,764300,0,0
2013-02-06,1.21,1.22,1.16,1.16,294200,0,0
2013-02-07,1.16,1.22,1.12,1.18,146200,0,0
2013-02-08,1.18,1.21,1.17,1.19,204900,0,0
2013-02-11,1.2,1.24,1.16,1.2,256200,0,0
2013-02-12,1.21,1.21,1.17,1.18,216000,0,0
2013-02-13,1.18,1.21,1.15,1.17,191300,0,0
2013-02-14,1.16,1.17,1.15,1.17,132000,0,0
2013-02-15,1.17,1.19,1.14,1.15,190200,0,0
2013-02-19,1.18,1.19,1.16,1.19,114600,0,0
2013-02-20,1.18,1.2,1.16,1.16,114200,0,0
2013-02-21,1.16,1.16,1.05,1.09,274200,0,0
2013-02-22,1.14,1.15,1.09,1.14,109500,0,0
2013-02-25,1.16,1.16,1.06,1.06,177300,0,0
2013-02-26,1.08,1.23,1.08,1.13,927200,0,0
2013-02-27,1.15,1.15,1.09,1.12,425300,0,0
2013-02-28,1.13,1.15,1.1,1.12,195000,0,0
2013-03-01,1.13,1.16,1.11,1.11,392200,0,0
2013-03-04,1.13,1.19,1.13,1.15,406300,0,0
2013-03-05,1.16,1.19,1.13,1.13,261400,0,0
2013-03-06,1.13,1.17,1.13,1.16,626800,0,0
2013-03-07,1.18,1.37,1.17,1.35,2220200,0,0
2013-03-08,1.37,1.38,1.26,1.29,733000,0,0
2013-03-11,1.31,1.36,1.29,1.34,434600,0,0
2013-03-12,1.35,1.35,1.26,1.27,440200,0,0
2013-03-13,1.28,1.29,1.22,1.25,375400,0,0
2013-03-14,1.27,1.27,1.1,1.17,649200,0,0
2013-03-15,1.17,1.22,1.11,1.22,244100,0,0
2013-03-18,1.18,1.22,1.15,1.21,293200,0,0
2013-03-19,1.21,1.34,1.21,1.31,475300,0,0
2013-03-20,1.32,1.36,1.29,1.33,264200,0,0
2013-03-21,1.34,1.37,1.3,1.32,279300,0,0
2013-03-22,1.35,1.36,1.31,1.34,269700,0,0
2013-03-25,1.4,1.47,1.37,1.4,1669800,0,0
2013-03-26,1.47,1.48,1.32,1.38,610600,0,0
2013-03-27,1.36,1.36,1.3,1.34,220600,0,0
2013-03-28,1.32,1.38,1.29,1.33,565100,0,0
2013-04-01,1.35,1.35,1.26,1.32,535300,0,0
2013-04-02,1.31,1.33,1.24,1.27,525600,0,0
2013-04-03,1.28,1.29,1.25,1.29,232800,0,0
2013-04-04,1.29,1.33,1.24,1.31,279200,0,0
2013-04-05,1.31,1.32,1.25,1.32,122700,0,0
2013-04-08,1.33,1.4,1.32,1.38,369000,0,0
2013-04-09,1.4,1.41,1.29,1.3,329500,0,0
2013-04-10,1.31,1.33,1.28,1.33,228600,0,0
2013-04-11,1.32,1.33,1.27,1.29,365400,0,0
2013-04-12,1.29,1.31,1.28,1.3,94500,0,0
2013-04-15,1.3,1.32,1.24,1.25,246500,0,0
2013-04-16,1.3,1.32,1.2,1.3,459500,0,0
2013-04-17,1.27,1.35,1.26,1.31,242200,0,0
2013-04-18,1.33,1.33,1.25,1.3,209900,0,0
2013-04-19,1.28,1.32,1.26,1.27,208900,0,0
2013-04-22,1.27,1.31,1.27,1.3,156000,0,0
2013-04-23,1.32,1.36,1.3,1.31,457300,0,0
2013-04-24,1.3,1.39,1.3,1.35,592300,0,0
2013-04-25,1.37,1.38,1.27,1.31,1713900,0,0
2013-04-26,1.31,1.34,1.3,1.31,295900,0,0
2013-04-29,1.3,1.34,1.25,1.25,647700,0,0
2013-04-30,1.26,1.85,1.26,1.57,3609000,0,0
2013-05-01,1.55,1.55,1.42,1.49,889900,0,0
2013-05-02,1.5,1.64,1.5,1.55,730500,0,0
2013-05-03,1.58,1.67,1.55,1.57,1198100,0,0
2013-05-06,1.63,1.66,1.58,1.61,526000,0,0
2013-05-07,1.59,1.73,1.45,1.63,1307800,0,0
2013-05-08,1.65,1.66,1.56,1.64,473600,0,0
2013-05-09,1.61,1.67,1.59,1.59,263300,0,0
2013-05-10,0.97,1.05,0.78,1.05,5537600,0,0
2013-05-13,1.1,1.1,0.96,1.01,1232100,0,0
2013-05-14,1.0,1.06,0.98,1.02,1107900,0,0
2013-05-15,1.01,1.04,0.97,1.01,961200,0,0
2013-05-16,1.0,1.01,0.96,0.98,403700,0,0
2013-05-17,0.98,0.98,0.88,0.89,622500,0,0
2013-05-20,0.82,0.92,0.8,0.81,979300,0,0
2013-05-21,0.77,0.96,0.77,0.95,984600,0,0
2013-05-22,0.92,0.96,0.86,0.91,550100,0,0
2013-05-23,0.9,0.9,0.85,0.89,314000,0,0
2013-05-24,0.86,0.88,0.85,0.85,105800,0,0
2013-05-28,0.9,0.95,0.82,0.83,1002500,0,0
2013-05-29,0.85,0.86,0.8,0.83,483200,0,0
2013-05-30,0.84,0.86,0.8,0.83,337500,0,0
2013-05-31,0.83,0.84,0.8,0.84,377100,0,0
2013-06-03,0.84,0.86,0.79,0.79,485600,0,0
2013-06-04,0.79,0.83,0.78,0.78,451900,0,0
2013-06-05,0.78,0.8,0.76,0.77,215900,0,0
2013-06-06,0.8,0.89,0.78,0.87,769100,0,0
2013-06-07,0.87,0.88,0.81,0.81,394000,0,0
2013-06-10,0.81,0.81,0.77,0.79,335500,0,0
2013-06-11,0.79,0.85,0.79,0.81,204300,0,0
2013-06-12,0.82,0.82,0.79,0.81,185300,0,0
2013-06-13,0.82,0.84,0.79,0.8,206100,0,0
2013-06-14,0.81,0.83,0.79,0.83,87200,0,0
2013-06-17,0.81,0.82,0.8,0.81,210600,0,0
2013-06-18,0.8,0.84,0.8,0.83,126100,0,0
2013-06-19,0.84,0.84,0.82,0.83,222800,0,0
2013-06-20,0.88,1.04,0.87,0.97,2996000,0,0
2013-06-21,0.97,1.0,0.84,0.9,947800,0,0
2013-06-24,0.93,1.0,0.9,0.96,787600,0,0
2013-06-25,0.98,1.08,0.96,1.05,1828600,0,0
2013-06-26,1.08,1.11,0.99,1.0,1198600,0,0
2013-06-27,1.04,1.05,0.95,1.05,705900,0,0
2013-06-28,1.06,1.06,1.03,1.05,522300,0,0
2013-07-01,1.06,1.06,0.98,1.01,507800,0,0
2013-07-02,1.02,1.1,1.0,1.08,861100,0,0
2013-07-03,1.08,1.25,1.06,1.17,1906300,0,0
2013-07-05,1.17,1.32,1.14,1.26,3281100,0,0
2013-07-08,1.25,1.28,1.18,1.22,941100,0,0
2013-07-09,1.24,1.29,1.18,1.2,433100,0,0
2013-07-10,1.2,1.22,1.16,1.16,297900,0,0
2013-07-11,1.16,1.19,1.11,1.14,646900,0,0
2013-07-12,1.14,1.17,1.05,1.11,679500,0,0
2013-07-15,1.08,1.15,1.05,1.1,438100,0,0
2013-07-16,1.09,1.17,1.08,1.16,320100,0,0
2013-07-17,1.17,1.17,1.15,1.16,287100,0,0
2013-07-18,1.17,1.18,1.12,1.12,144100,0,0
2013-07-19,1.11,1.16,1.1,1.15,214200,0,0
2013-07-22,1.15,1.16,1.11,1.15,240700,0,0
2013-07-23,1.15,1.17,1.13,1.16,219200,0,0
2013-07-24,1.14,1.17,1.11,1.17,380400,0,0
2013-07-25,1.15,1.24,1.12,1.23,743300,0,0
2013-07-26,1.26,1.27,1.2,1.26,459900,0,0
2013-07-29,1.25,1.29,1.21,1.27,716400,0,0
2013-07-30,1.28,1.33,1.16,1.22,1378000,0,0
2013-07-31,1.21,1.26,1.19,1.26,335200,0,0
2013-08-01,1.25,1.29,1.24,1.25,271500,0,0
2013-08-02,1.25,1.27,1.22,1.26,235400,0,0
2013-08-05,1.27,1.28,1.22,1.26,202000,0,0
2013-08-06,1.25,1.25,1.21,1.22,250400,0,0
2013-08-07,1.23,1.23,1.15,1.15,259800,0,0
2013-08-08,1.13,1.15,1.05,1.05,503800,0,0
2013-08-09,1.06,1.2,1.03,1.04,790100,0,0
2013-08-12,1.05,1.06,1.02,1.06,540900,0,0
2013-08-13,1.06,1.06,1.01,1.05,435500,0,0
2013-08-14,1.02,1.05,1.0,1.04,730800,0,0
2013-08-15,1.06,1.06,1.01,1.05,255900,0,0
2013-08-16,1.01,1.34,1.01,1.23,6040600,0,0
2013-08-19,1.26,1.26,1.15,1.18,1198300,0,0
2013-08-20,1.18,1.18,1.1,1.17,632900,0,0
2013-08-21,1.16,1.17,1.12,1.15,300000,0,0
2013-08-22,1.17,1.19,1.14,1.16,99000,0,0
2013-08-23,1.15,1.17,1.12,1.17,232700,0,0
2013-08-26,1.17,1.17,1.14,1.14,173900,0,0
2013-08-27,1.13,1.14,1.1,1.1,323900,0,0
2013-08-28,1.1,1.12,1.07,1.1,506500,0,0
2013-08-29,1.11,1.11,1.07,1.11,175600,0,0
2013-08-30,1.09,1.1,1.07,1.09,187800,0,0
2013-09-03,1.08,1.11,1.07,1.1,213500,0,0
2013-09-04,1.11,1.11,1.08,1.11,203700,0,0
2013-09-05,1.1,1.17,1.09,1.15,861600,0,0
2013-09-06,1.16,1.16,1.12,1.13,346100,0,0
2013-09-09,1.13,1.17,1.09,1.12,323300,0,0
2013-09-10,1.12,1.23,1.12,1.2,959000,0,0
2013-09-11,1.24,1.27,1.2,1.22,775800,0,0
2013-09-12,1.27,1.38,1.25,1.34,2883300,0,0
2013-09-13,1.39,1.45,1.37,1.42,2392600,0,0
2013-09-16,1.42,1.44,1.3,1.32,1129100,0,0
2013-09-17,1.31,1.34,1.3,1.3,267300,0,0
2013-09-18,1.31,1.34,1.31,1.31,242600,0,0
2013-09-19,1.32,1.32,1.2,1.3,619600,0,0
2013-09-20,1.3,1.31,1.25,1.25,293200,0,0
2013-09-23,1.26,1.28,1.2,1.24,295200,0,0
2013-09-24,1.25,1.35,1.23,1.31,423600,0,0
2013-09-25,1.33,1.35,1.3,1.31,276300,0,0
2013-09-26,1.35,1.37,1.3,1.34,326500,0,0
2013-09-27,1.33,1.34,1.31,1.33,156100,0,0
2013-09-30,1.32,1.37,1.26,1.34,292800,0,0
2013-10-01,1.31,1.39,1.31,1.38,336500,0,0
2013-10-02,1.37,1.37,1.32,1.34,149200,0,0
2013-10-03,1.34,1.34,1.27,1.31,197200,0,0
2013-10-04,1.3,1.37,1.29,1.35,330100,0,0
2013-10-07,1.35,1.39,1.33,1.35,366500,0,0
2013-10-08,1.35,1.35,1.25,1.25,447700,0,0
2013-10-09,1.27,1.29,1.2,1.25,323500,0,0
2013-10-10,1.25,1.32,1.25,1.3,313900,0,0
2013-10-11,1.29,1.31,1.27,1.29,161100,0,0
2013-10-14,1.29,1.3,1.23,1.29,128400,0,0
2013-10-15,1.31,1.31,1.27,1.29,178000,0,0
2013-10-16,1.29,1.31,1.28,1.28,128800,0,0
2013-10-17,1.28,1.45,1.28,1.42,2110400,0,0
2013-10-18,1.41,1.42,1.34,1.36,363500,0,0
2013-10-21,1.38,1.4,1.3,1.4,428600,0,0
2013-10-22,1.51,1.57,1.38,1.56,5294200,0,0
2013-10-23,1.53,1.55,1.49,1.54,881600,0,0
2013-10-24,1.54,1.57,1.46,1.48,978700,0,0
2013-10-25,1.48,1.52,1.43,1.48,450400,0,0
2013-10-28,1.47,1.55,1.47,1.49,510600,0,0
2013-10-29,1.51,1.54,1.48,1.53,471300,0,0
2013-10-30,1.55,1.58,1.49,1.51,454800,0,0
2013-10-31,1.5,1.54,1.49,1.5,275300,0,0
2013-11-01,1.5,1.52,1.5,1.52,223700,0,0
2013-11-04,1.52,1.53,1.49,1.51,334200,0,0
2013-11-05,1.51,1.6,1.48,1.59,1150900,0,0
2013-11-06,1.6,1.61,1.51,1.53,418500,0,0
2013-11-07,1.52,1.58,1.5,1.54,305300,0,0
2013-11-08,1.45,1.53,1.4,1.5,1533300,0,0
2013-11-11,1.49,1.49,1.45,1.46,485000,0,0
2013-11-12,1.47,1.55,1.43,1.46,1375000,0,0
2013-11-13,1.46,1.48,1.43,1.45,697100,0,0
2013-11-14,1.45,1.5,1.45,1.49,525700,0,0
2013-11-15,1.49,1.53,1.48,1.53,503300,0,0
2013-11-18,1.54,1.55,1.5,1.51,422500,0,0
2013-11-19,1.52,1.52,1.48,1.48,122500,0,0
2013-11-20,1.47,1.5,1.46,1.49,207900,0,0
2013-11-21,1.48,1.55,1.48,1.53,289600,0,0
2013-11-22,1.54,1.65,1.51,1.62,1277000,0,0
2013-11-25,1.64,1.75,1.63,1.69,1424100,0,0
2013-11-26,1.72,1.77,1.65,1.74,800700,0,0
2013-11-27,1.72,1.76,1.71,1.74,327300,0,0
2013-11-29,1.76,1.76,1.73,1.75,195900,0,0
2013-12-02,1.71,1.74,1.67,1.69,407900,0,0
2013-12-03,1.67,1.69,1.59,1.6,441200,0,0
2013-12-04,1.58,1.66,1.57,1.61,448300,0,0
2013-12-05,1.6,1.62,1.5,1.57,1043000,0,0
2013-12-06,1.63,1.63,1.52,1.54,1472700,0,0
2013-12-09,1.53,1.55,1.48,1.5,1069600,0,0
2013-12-10,1.51,1.54,1.47,1.5,368200,0,0
2013-12-11,1.52,1.57,1.5,1.52,514400,0,0
2013-12-12,1.53,1.55,1.5,1.52,397300,0,0
2013-12-13,1.54,1.55,1.5,1.53,443600,0,0
2013-12-16,1.53,1.55,1.51,1.54,570100,0,0
2013-12-17,1.55,1.55,1.52,1.53,407400,0,0
2013-12-18,1.52,1.58,1.52,1.57,803700,0,0
2013-12-19,1.58,1.65,1.55,1.63,499100,0,0
2013-12-20,1.65,1.73,1.63,1.73,1079200,0,0
2013-12-23,1.67,1.71,1.61,1.66,959700,0,0
2013-12-24,1.69,1.7,1.65,1.68,113900,0,0
2013-12-26,1.68,1.7,1.63,1.65,341400,0,0
2013-12-27,1.64,1.67,1.55,1.66,431600,0,0
2013-12-30,1.63,1.77,1.61,1.72,1115200,0,0
2013-12-31,1.73,1.75,1.68,1.73,496800,0,0
2014-01-02,1.72,1.74,1.66,1.73,613300,0,0
2014-01-03,1.71,1.76,1.69,1.74,509100,0,0
2014-01-06,1.74,1.8,1.72,1.78,907900,0,0
2014-01-07,1.85,1.92,1.8,1.88,2356000,0,0
2014-01-08,1.9,1.91,1.81,1.85,1084700,0,0
2014-01-09,1.87,2.0,1.85,1.96,1521500,0,0
2014-01-10,2.0,2.0,1.9,1.91,1154200,0,0
2014-01-13,1.97,1.98,1.85,1.91,1135000,0,0
2014-01-14,1.93,2.09,1.88,2.06,1711700,0,0
2014-01-15,2.07,2.09,1.98,2.04,2444200,0,0
2014-01-16,2.02,2.19,2.0,2.17,2025400,0,0
2014-01-17,2.2,2.22,2.02,2.06,1446800,0,0
2014-01-21,2.09,2.14,2.06,2.11,615100,0,0
2014-01-22,2.12,2.23,2.06,2.12,1405300,0,0
2014-01-23,2.13,2.18,2.05,2.18,1572700,0,0
2014-01-24,2.17,2.17,2.01,2.11,1103000,0,0
2014-01-27,2.09,2.2,1.91,2.17,1853300,0,0
2014-01-28,2.19,2.29,2.16,2.22,2525500,0,0
2014-01-29,2.23,2.28,2.18,2.2,1309500,0,0
2014-01-30,2.24,2.25,2.06,2.19,1314000,0,0
2014-01-31,2.16,2.17,2.06,2.09,1023200,0,0
2014-02-03,2.12,2.18,2.01,2.04,1060000,0,0
2014-02-04,2.05,2.09,1.91,1.91,1011500,0,0
2014-02-05,1.94,1.99,1.82,1.92,1058000,0,0
2014-02-06,1.92,2.14,1.88,2.01,1540500,0,0
2014-02-07,2.07,2.69,2.01,2.08,1343900,0,0
2014-02-10,2.1,2.27,2.1,2.16,1984100,0,0
2014-02-11,2.16,2.18,2.1,2.12,1429000,0,0
2014-02-12,2.1,2.14,1.87,1.95,2819200,0,0
2014-02-13,1.4,1.55,1.32,1.55,9449900,0,0
2014-02-14,1.52,1.65,1.51,1.65,2300800,0,0
2014-02-18,1.65,1.66,1.59,1.63,963000,0,0
2014-02-19,1.61,1.62,1.55,1.58,1031900,0,0
2014-02-20,1.56,1.59,1.51,1.57,757900,0,0
2014-02-21,1.56,1.59,1.52,1.52,673600,0,0
2014-02-24,1.53,1.57,1.5,1.5,515300,0,0
2014-02-25,1.5,1.5,1.43,1.44,952300,0,0
2014-02-26,1.43,1.44,1.35,1.41,1499300,0,0
2014-02-27,1.41,1.49,1.41,1.48,772700,0,0
2014-02-28,1.48,1.5,1.38,1.39,847300,0,0
2014-03-03,1.42,1.46,1.41,1.45,621300,0,0
2014-03-04,1.46,1.55,1.46,1.53,1022000,0,0
2014-03-05,1.53,1.61,1.5,1.53,1081100,0,0
2014-03-06,1.55,1.6,1.53,1.54,830400,0,0
2014-03-07,1.56,1.56,1.49,1.51,505300,0,0
2014-03-10,1.51,1.58,1.47,1.56,512500,0,0
2014-03-11,1.56,1.59,1.5,1.52,369000,0,0
2014-03-12,1.51,1.52,1.49,1.51,642200,0,0
2014-03-13,1.5,1.54,1.46,1.47,5560900,0,0
2014-03-14,1.46,1.53,1.42,1.5,2781600,0,0
2014-03-17,1.5,1.53,1.48,1.51,485300,0,0
2014-03-18,1.49,1.59,1.47,1.56,502700,0,0
2014-03-19,1.54,1.57,1.5,1.54,402500,0,0
2014-03-20,1.52,1.55,1.49,1.49,172800,0,0
2014-03-21,1.5,1.52,1.44,1.51,479700,0,0
2014-03-24,1.5,1.51,1.4,1.42,801700,0,0
2014-03-25,1.42,1.44,1.35,1.37,742400,0,0
2014-03-26,1.4,1.44,1.37,1.37,354200,0,0
2014-03-27,1.35,1.36,1.3,1.34,674400,0,0
2014-03-28,1.34,1.38,1.31,1.36,412200,0,0
2014-03-31,1.36,1.4,1.32,1.33,537200,0,0
2014-04-01,1.34,1.4,1.33,1.4,262900,0,0
2014-04-02,1.44,1.44,1.37,1.4,170500,0,0
2014-04-03,1.39,1.41,1.37,1.37,313400,0,0
2014-04-04,1.36,1.38,1.3,1.33,487500,0,0
2014-04-07,1.32,1.41,1.3,1.38,455200,0,0
2014-04-08,1.38,1.41,1.37,1.38,214300,0,0
2014-04-09,1.39,1.39,1.32,1.36,324100,0,0
2014-04-10,1.37,1.39,1.3,1.3,248900,0,0
2014-04-11,1.32,1.34,1.3,1.33,232200,0,0
2014-04-14,1.37,1.37,1.27,1.31,411000,0,0
2014-04-15,1.3,1.3,1.26,1.27,351300,0,0
2014-04-16,1.29,1.3,1.26,1.29,133100,0,0
2014-04-17,1.28,1.31,1.26,1.31,248800,0,0
2014-04-21,1.3,1.34,1.3,1.34,168400,0,0
2014-04-22,1.32,1.36,1.32,1.34,159200,0,0
2014-04-23,1.32,1.36,1.31,1.35,111100,0,0
2014-04-24,1.35,1.36,1.3,1.35,176500,0,0
2014-04-25,1.33,1.36,1.3,1.3,116800,0,0
2014-04-28,1.32,1.32,1.3,1.3,156800,0,0
2014-04-29,1.32,1.32,1.3,1.3,63900,0,0
2014-04-30,1.31,1.31,1.29,1.3,136800,0,0
2014-05-01,1.31,1.35,1.3,1.35,115300,0,0
2014-05-02,1.4,1.4,1.36,1.4,238100,0,0
2014-05-05,1.42,1.48,1.39,1.46,688600,0,0
2014-05-06,1.48,1.53,1.4,1.45,685700,0,0
2014-05-07,1.47,1.47,1.4,1.42,309000,0,0
2014-05-08,1.4,1.42,1.39,1.39,239200,0,0
2014-05-09,1.39,1.41,1.39,1.39,219400,0,0
2014-05-12,1.42,1.42,1.37,1.37,194000,0,0
2014-05-13,1.36,1.37,1.3,1.31,440600,0,0
2014-05-14,1.31,1.36,1.3,1.33,402000,0,0
2014-05-15,1.32,1.35,1.31,1.33,128600,0,0
2014-05-16,1.33,1.36,1.3,1.35,316600,0,0
2014-05-19,1.35,1.39,1.33,1.34,137300,0,0
2014-05-20,1.33,1.34,1.32,1.32,35300,0,0
2014-05-21,1.33,1.34,1.32,1.32,47400,0,0
2014-05-22,1.31,1.41,1.31,1.38,146200,0,0
2014-05-23,1.36,1.37,1.33,1.34,92500,0,0
2014-05-27,1.35,1.39,1.32,1.37,122600,0,0
2014-05-28,1.35,1.38,1.34,1.36,47900,0,0
2014-05-29,1.36,1.43,1.36,1.41,194400,0,0
2014-05-30,1.42,1.43,1.37,1.37,61900,0,0
2014-06-02,1.37,1.41,1.36,1.38,118300,0,0
2014-06-03,1.39,1.43,1.36,1.43,222200,0,0
2014-06-04,1.44,1.45,1.4,1.4,84300,0,0
2014-06-05,1.4,1.45,1.38,1.41,134700,0,0
2014-06-06,1.4,1.41,1.38,1.39,148700,0,0
2014-06-09,1.36,1.4,1.36,1.4,90200,0,0
2014-06-10,1.39,1.41,1.38,1.4,127100,0,0
2014-06-11,1.4,1.44,1.38,1.43,156700,0,0
2014-06-12,1.42,1.53,1.41,1.53,599200,0,0
2014-06-13,1.55,1.55,1.48,1.52,204800,0,0
2014-06-16,1.49,1.5,1.44,1.47,232000,0,0
2014-06-17,1.45,1.48,1.44,1.47,76600,0,0
2014-06-18,1.5,1.5,1.46,1.46,87300,0,0
2014-06-19,1.47,1.52,1.46,1.51,179700,0,0
2014-06-20,1.5,1.62,1.5,1.62,1036800,0,0
2014-06-23,1.63,1.63,1.56,1.59,478800,0,0
2014-06-24,1.6,1.63,1.57,1.59,169000,0,0
2014-06-25,1.59,1.59,1.54,1.58,196800,0,0
2014-06-26,1.57,1.59,1.56,1.57,158100,0,0
2014-06-27,1.57,1.8,1.57,1.72,2578000,0,0
2014-06-30,1.88,1.89,1.76,1.82,1544500,0,0
2014-07-01,1.85,1.85,1.72,1.73,436000,0,0
2014-07-02,1.74,1.75,1.7,1.72,293400,0,0
2014-07-03,1.7,1.74,1.7,1.7,122700,0,0
2014-07-07,1.7,1.73,1.61,1.65,403700,0,0
2014-07-08,1.64,1.64,1.54,1.58,426500,0,0
2014-07-09,1.58,1.65,1.58,1.6,354300,0,0
2014-07-10,1.59,1.62,1.58,1.59,95400,0,0
2014-07-11,1.6,1.63,1.58,1.61,77200,0,0
2014-07-14,1.61,1.62,1.59,1.62,161900,0,0
2014-07-15,1.62,1.63,1.55,1.55,160200,0,0
2014-07-16,1.57,1.57,1.51,1.53,243600,0,0
2014-07-17,1.51,1.52,1.49,1.51,206300,0,0
2014-07-18,1.5,1.58,1.5,1.54,80200,0,0
2014-07-21,1.55,1.55,1.51,1.55,170700,0,0
2014-07-22,1.53,1.6,1.53,1.56,131500,0,0
2014-07-23,1.59,1.59,1.51,1.56,132800,0,0
2014-07-24,1.56,1.56,1.5,1.51,74000,0,0
2014-07-25,1.52,1.52,1.5,1.52,156700,0,0
2014-07-28,1.53,1.53,1.48,1.5,572300,0,0
2014-07-29,1.5,1.52,1.48,1.52,333200,0,0
2014-07-30,1.54,1.57,1.49,1.5,122300,0,0
2014-07-31,1.5,1.5,1.48,1.48,161800,0,0
2014-08-01,1.49,1.52,1.46,1.5,115300,0,0
2014-08-04,1.5,1.53,1.48,1.5,64300,0,0
2014-08-05,1.5,1.53,1.49,1.49,69900,0,0
2014-08-06,1.5,1.53,1.5,1.5,57300,0,0
2014-08-07,1.5,1.52,1.49,1.52,81400,0,0
2014-08-08,1.51,1.57,1.49,1.53,238800,0,0
2014-08-11,1.52,1.55,1.52,1.53,147100,0,0
2014-08-12,1.54,1.55,1.5,1.5,69600,0,0
2014-08-13,1.49,1.52,1.42,1.44,393100,0,0
2014-08-14,1.43,1.52,1.43,1.52,229300,0,0
2014-08-15,1.51,1.53,1.48,1.53,148200,0,0
2014-08-18,1.53,1.55,1.53,1.55,121100,0,0
2014-08-19,1.54,1.55,1.53,1.55,46900,0,0
2014-08-20,1.51,1.57,1.51,1.55,122600,0,0
2014-08-21,1.54,1.56,1.51,1.51,38700,0,0
2014-08-22,1.5,1.56,1.5,1.53,71800,0,0
2014-08-25,1.55,1.68,1.55,1.6,466100,0,0
2014-08-26,1.62,1.63,1.56,1.58,162400,0,0
2014-08-27,1.6,1.62,1.55,1.6,121900,0,0
2014-08-28,1.58,1.6,1.55,1.58,81400,0,0
2014-08-29,1.57,1.62,1.57,1.58,49400,0,0
2014-09-02,1.58,1.58,1.55,1.55,104900,0,0
2014-09-03,1.55,1.58,1.5,1.52,166900,0,0
2014-09-04,1.53,1.6,1.51,1.56,105200,0,0
2014-09-05,1.54,1.59,1.5,1.51,47700,0,0
2014-09-08,1.5,1.6,1.5,1.52,74400,0,0
2014-09-09,1.53,1.56,1.53,1.53,81800,0,0
2014-09-10,1.51,1.68,1.5,1.64,977200,0,0
2014-09-11,1.61,1.67,1.59,1.64,186400,0,0
2014-09-12,1.61,1.65,1.52,1.61,2094800,0,0
2014-09-15,1.63,1.63,1.56,1.6,172600,0,0
2014-09-16,1.58,1.59,1.54,1.57,650500,0,0
2014-09-17,1.55,1.58,1.5,1.54,259600,0,0
2014-09-18,1.55,1.57,1.5,1.51,110100,0,0
2014-09-19,1.5,1.56,1.5,1.55,316900,0,0
2014-09-22,1.6,1.6,1.52,1.52,276100,0,0
2014-09-23,1.52,1.54,1.5,1.51,346900,0,0
2014-09-24,1.45,1.57,1.45,1.57,89300,0,0
2014-09-25,1.57,1.57,1.42,1.53,372000,0,0
2014-09-26,1.52,1.52,1.45,1.48,366200,0,0
2014-09-29,1.47,1.5,1.43,1.48,169900,0,0
2014-09-30,1.5,1.5,1.43,1.47,186500,0,0
2014-10-01,1.48,1.48,1.38,1.41,193000,0,0
2014-10-02,1.44,1.45,1.26,1.39,210500,0,0
2014-10-03,1.41,1.43,1.36,1.42,131600,0,0
2014-10-06,1.41,1.41,1.36,1.36,102100,0,0
2014-10-07,1.37,1.38,1.29,1.33,233200,0,0
2014-10-08,1.33,1.35,1.31,1.33,107900,0,0
2014-10-09,1.32,1.36,1.27,1.33,496200,0,0
2014-10-10,1.32,1.36,1.27,1.29,98500,0,0
2014-10-13,1.29,1.34,1.25,1.27,222700,0,0
2014-10-14,1.28,1.35,1.28,1.29,152200,0,0
2014-10-15,1.29,1.33,1.29,1.31,204700,0,0
2014-10-16,1.38,1.38,1.32,1.32,32900,0,0
2014-10-17,1.32,1.4,1.31,1.32,66500,0,0
2014-10-20,1.31,1.37,1.31,1.32,82300,0,0
2014-10-21,1.34,1.37,1.34,1.35,32800,0,0
2014-10-22,1.37,1.42,1.33,1.42,205600,0,0
2014-10-23,1.42,1.42,1.37,1.37,57000,0,0
2014-10-24,1.35,1.42,1.34,1.39,154200,0,0
2014-10-27,0.93,0.93,0.68,0.76,3366700,0,0
2014-10-28,0.76,0.79,0.71,0.77,734400,0,0
2014-10-29,0.76,0.76,0.72,0.76,296500,0,0
2014-10-30,0.74,0.76,0.73,0.74,370800,0,0
2014-10-31,0.76,0.77,0.7,0.73,404700,0,0
2014-11-03,0.72,0.75,0.69,0.7,844500,0,0
2014-11-04,0.69,0.75,0.69,0.72,450700,0,0
2014-11-05,0.72,0.75,0.7,0.71,268400,0,0
2014-11-06,0.71,0.76,0.71,0.73,164500,0,0
2014-11-07,0.76,0.76,0.7,0.73,300600,0,0
2014-11-10,0.74,0.74,0.71,0.73,499300,0,0
2014-11-11,0.75,0.79,0.72,0.72,882100,0,0
2014-11-12,0.7,0.83,0.7,0.8,532200,0,0
2014-11-13,0.83,0.93,0.78,0.83,455000,0,0
2014-11-14,0.83,0.85,0.82,0.84,146200,0,0
2014-11-17,0.85,0.92,0.83,0.91,335200,0,0
2014-11-18,0.88,0.91,0.84,0.85,240500,0,0
2014-11-19,0.85,0.93,0.84,0.91,273600,0,0
2014-11-20,0.88,0.99,0.88,0.96,248200,0,0
2014-11-21,1.05,1.05,0.9,0.95,514000,0,0
2014-11-24,1.01,1.01,0.9,0.95,221600,0,0
2014-11-25,0.98,1.0,0.91,0.95,182300,0,0
2014-11-26,0.92,0.95,0.92,0.92,151300,0,0
2014-11-28,0.92,0.95,0.92,0.92,58700,0,0
2014-12-01,0.92,0.94,0.87,0.93,217700,0,0
2014-12-02,0.89,0.93,0.88,0.88,239500,0,0
2014-12-03,0.88,0.91,0.86,0.89,268300,0,0
2014-12-04,0.87,0.9,0.82,0.89,268900,0,0
2014-12-05,0.86,0.91,0.85,0.91,211300,0,0
2014-12-08,0.88,0.91,0.82,0.89,280000,0,0
2014-12-09,0.85,0.89,0.79,0.89,294200,0,0
2014-12-10,0.89,0.89,0.83,0.86,161900,0,0
2014-12-11,0.83,0.86,0.83,0.84,111200,0,0
2014-12-12,0.84,0.88,0.84,0.87,209100,0,0
2014-12-15,0.84,0.87,0.82,0.86,263200,0,0
2014-12-16,0.83,0.88,0.82,0.82,242600,0,0
2014-12-17,0.82,0.87,0.81,0.87,409900,0,0
2014-12-18,0.84,0.9,0.84,0.87,138600,0,0
2014-12-19,0.87,0.88,0.81,0.81,236600,0,0
2014-12-22,0.81,0.85,0.79,0.8,420300,0,0
2014-12-23,0.78,0.82,0.78,0.82,333600,0,0
2014-12-24,0.85,0.85,0.78,0.81,128800,0,0
2014-12-26,0.8,0.84,0.79,0.8,146000,0,0
2014-12-29,0.78,0.8,0.75,0.77,392000,0,0
2014-12-30,0.75,0.8,0.73,0.77,485100,0,0
2014-12-31,0.77,0.79,0.73,0.79,440800,0,0
2015-01-02,0.74,0.84,0.74,0.83,105100,0,0
2015-01-05,0.79,0.86,0.79,0.84,84700,0,0
2015-01-06,0.87,0.87,0.82,0.83,10500,0,0
2015-01-07,0.83,0.86,0.81,0.86,87200,0,0
2015-01-08,0.88,0.88,0.83,0.86,146400,0,0
2015-01-09,0.88,0.91,0.86,0.88,111500,0,0
2015-01-12,0.9,0.93,0.86,0.86,149000,0,0
2015-01-13,0.83,0.9,0.83,0.87,107700,0,0
2015-01-14,0.87,0.93,0.8,0.83,135000,0,0
2015-01-15,0.83,0.87,0.8,0.86,171200,0,0
2015-01-16,0.88,0.89,0.87,0.87,75000,0,0
2015-01-20,0.86,0.9,0.85,0.9,149500,0,0
2015-01-21,0.87,0.91,0.86,0.87,120000,0,0
2015-01-22,0.87,0.88,0.86,0.87,52100,0,0
2015-01-23,0.9,0.93,0.9,0.91,87300,0,0
2015-01-26,0.9,0.94,0.89,0.94,90800,0,0
2015-01-27,0.9,0.96,0.9,0.92,95500,0,0
2015-01-28,0.92,0.95,0.9,0.93,89300,0,0
2015-01-29,0.94,0.96,0.91,0.95,110200,0,0
2015-01-30,0.97,1.0,0.93,0.94,118100,0,0
2015-02-02,0.97,1.05,0.94,1.01,214900,0,0
2015-02-03,1.02,1.05,1.01,1.05,202200,0,0
2015-02-04,1.07,1.07,1.02,1.04,123300,0,0
2015-02-05,1.04,1.08,0.96,1.0,171100,0,0
2015-02-06,0.98,1.02,0.97,1.0,93700,0,0
2015-02-09,0.99,1.01,0.95,1.01,118700,0,0
2015-02-10,1.01,1.04,0.91,0.98,147300,0,0
2015-02-11,0.98,0.98,0.9,0.94,137800,0,0
2015-02-12,0.93,1.0,0.93,0.97,129900,0,0
2015-02-13,1.0,1.01,0.95,1.0,186000,0,0
2015-02-17,1.0,1.01,0.96,1.01,26100,0,0
2015-02-18,1.01,1.04,0.98,1.01,107900,0,0
2015-02-19,1.0,1.03,0.99,0.99,78100,0,0
2015-02-20,0.97,1.07,0.96,0.99,276800,0,0
2015-02-23,0.99,1.09,0.99,1.05,348700,0,0
2015-02-24,1.09,1.1,1.03,1.07,135300,0,0
2015-02-25,1.07,1.08,1.05,1.07,89800,0,0
2015-02-26,1.09,1.09,1.06,1.07,44200,0,0
2015-02-27,1.07,1.14,1.03,1.05,477300,0,0
2015-03-02,1.03,1.08,1.02,1.03,260200,0,0
2015-03-03,1.15,1.32,1.06,1.25,1705600,0,0
2015-03-04,1.25,1.4,1.16,1.28,948100,0,0
2015-03-05,1.26,1.38,1.24,1.34,663700,0,0
2015-03-06,1.26,1.75,1.26,1.64,4092200,0,0
2015-03-09,1.61,1.71,1.55,1.7,1898300,0,0
2015-03-10,1.76,1.85,1.57,1.64,1766000,0,0
2015-03-11,1.72,1.78,1.65,1.66,1093000,0,0
2015-03-12,1.69,1.78,1.63,1.63,1088900,0,0
2015-03-13,1.66,1.69,1.61,1.66,432500,0,0
2015-03-16,1.65,1.69,1.56,1.58,547900,0,0
2015-03-17,1.59,1.66,1.57,1.63,621300,0,0
2015-03-18,1.65,1.74,1.59,1.7,798400,0,0
2015-03-19,1.72,1.79,1.64,1.69,556600,0,0
2015-03-20,1.67,1.78,1.67,1.68,398500,0,0
2015-03-23,1.7,1.83,1.69,1.7,1298300,0,0
2015-03-24,1.68,1.75,1.65,1.67,679900,0,0
2015-03-25,1.68,1.72,1.57,1.61,733500,0,0
2015-03-26,1.64,1.8,1.6,1.75,856500,0,0
2015-03-27,1.74,1.95,1.73,1.88,2024100,0,0
2015-03-30,2.0,2.05,1.9,2.0,2652900,0,0
2015-03-31,1.98,2.0,1.84,1.91,898400,0,0
2015-04-01,1.92,1.95,1.85,1.86,319300,0,0
2015-04-02,1.85,1.89,1.8,1.83,506800,0,0
2015-04-06,1.85,1.88,1.81,1.82,618800,0,0
2015-04-07,1.82,1.88,1.82,1.82,405300,0,0
2015-04-08,1.83,1.93,1.83,1.92,1011500,0,0
2015-04-09,1.93,1.96,1.82,1.9,490800,0,0
2015-04-10,1.9,1.98,1.9,1.98,1055300,0,0
2015-04-13,1.93,1.99,1.93,1.98,532700,0,0
2015-04-14,1.95,1.98,1.88,1.94,276500,0,0
2015-04-15,1.96,1.97,1.89,1.97,341100,0,0
2015-04-16,1.95,1.95,1.9,1.93,326400,0,0
2015-04-17,1.92,1.92,1.89,1.92,237700,0,0
2015-04-20,1.95,1.95,1.89,1.93,319600,0,0
2015-04-21,1.92,2.11,1.92,2.09,4155600,0,0
2015-04-22,2.12,2.3,2.12,2.19,1248000,0,0
2015-04-23,2.22,2.61,2.15,2.57,1944100,0,0
2015-04-24,2.6,2.65,2.09,2.11,2122100,0,0
2015-04-27,2.09,2.27,2.01,2.07,853200,0,0
2015-04-28,2.06,2.14,1.95,2.01,699800,0,0
2015-04-29,2.0,2.05,1.95,2.01,245000,0,0
2015-04-30,2.0,2.02,1.93,1.97,398300,0,0
2015-05-01,2.02,2.24,2.0,2.2,952600,0,0
2015-05-04,2.2,2.42,2.2,2.33,750300,0,0
2015-05-05,2.34,2.38,2.23,2.29,273300,0,0
2015-05-06,2.3,2.43,2.24,2.27,342900,0,0
2015-05-07,2.25,2.27,2.18,2.22,343600,0,0
2015-05-08,2.25,2.31,2.08,2.18,501200,0,0
2015-05-11,2.1,2.29,2.1,2.25,321800,0,0
2015-05-12,2.3,2.52,2.29,2.35,1759100,0,0
2015-05-13,2.35,2.37,2.29,2.32,295600,0,0
2015-05-14,2.33,2.38,2.28,2.34,274400,0,0
2015-05-15,2.33,2.37,2.28,2.35,692200,0,0
2015-05-18,2.58,2.59,2.22,2.26,1259200,0,0
2015-05-19,2.3,2.4,2.26,2.31,645400,0,0
2015-05-20,2.32,2.4,2.25,2.39,359500,0,0
2015-05-21,2.38,2.39,2.28,2.34,207600,0,0
2015-05-22,2.34,2.44,2.3,2.44,323400,0,0
2015-05-26,2.42,2.68,2.39,2.53,1638100,0,0
2015-05-27,2.56,2.68,2.47,2.51,1211600,0,0
2015-05-28,2.56,2.69,2.5,2.61,759800,0,0
2015-05-29,2.65,2.72,2.5,2.6,1493100,0,0
2015-06-01,2.64,2.7,2.57,2.6,522900,0,0
2015-06-02,2.6,2.79,2.55,2.79,767100,0,0
2015-06-03,2.71,2.93,2.63,2.91,1179800,0,0
2015-06-04,2.95,3.22,2.8,3.19,1614200,0,0
2015-06-05,3.2,3.25,3.01,3.23,1857000,0,0
2015-06-08,3.26,3.42,3.13,3.15,1922100,0,0
2015-06-09,3.15,3.22,3.01,3.05,742800,0,0
2015-06-10,3.0,3.07,2.92,3.03,609400,0,0
2015-06-11,3.02,3.09,2.83,2.9,791700,0,0
2015-06-12,2.88,2.9,2.69,2.77,1232600,0,0
2015-06-15,2.73,2.86,2.71,2.8,626700,0,0
2015-06-16,2.78,2.83,2.52,2.6,990700,0,0
2015-06-17,2.57,2.62,2.39,2.4,887100,0,0
2015-06-18,2.32,2.38,2.12,2.35,2539000,0,0
2015-06-19,2.35,2.48,2.3,2.41,862400,0,0
2015-06-22,2.41,2.41,2.32,2.35,502700,0,0
2015-06-23,2.4,2.63,2.37,2.49,1333700,0,0
2015-06-24,2.46,2.59,2.46,2.49,1630400,0,0
2015-06-25,2.5,2.52,2.41,2.47,701200,0,0
2015-06-26,2.47,2.56,2.45,2.5,13058700,0,0
2015-06-29,2.41,2.46,2.26,2.26,1031600,0,0
2015-06-30,2.28,2.4,2.27,2.39,567800,0,0
2015-07-01,2.39,2.49,2.32,2.34,542500,0,0
2015-07-02,2.37,2.37,2.26,2.26,369100,0,0
2015-07-06,2.26,2.4,2.26,2.4,684900,0,0
2015-07-07,2.39,2.39,2.27,2.37,404000,0,0
2015-07-08,2.36,2.36,2.26,2.26,462100,0,0
2015-07-09,2.29,2.36,2.28,2.33,641800,0,0
2015-07-10,2.32,2.56,2.32,2.48,756800,0,0
2015-07-13,2.48,2.53,2.44,2.52,508300,0,0
2015-07-14,2.5,2.55,2.5,2.52,395800,0,0
2015-07-15,2.53,2.74,2.53,2.58,689100,0,0
2015-07-16,2.6,2.78,2.6,2.77,682200,0,0
2015-07-17,2.77,2.87,2.56,2.61,1308800,0,0
2015-07-20,2.64,2.64,2.43,2.5,947300,0,0
2015-07-21,2.5,2.58,2.46,2.5,779600,0,0
2015-07-22,2.52,2.68,2.47,2.58,537500,0,0
2015-07-23,2.61,2.62,2.53,2.56,520800,0,0
2015-07-24,2.52,2.63,2.49,2.59,641600,0,0
2015-07-27,2.56,2.57,2.45,2.49,635300,0,0
2015-07-28,2.5,2.52,2.36,2.49,685900,0,0
2015-07-29,2.49,2.49,2.19,2.3,871300,0,0
2015-07-30,2.24,2.39,2.24,2.39,411400,0,0
2015-07-31,2.37,2.39,2.32,2.35,344300,0,0
2015-08-03,2.3,2.43,2.29,2.41,311500,0,0
2015-08-04,2.35,2.43,2.35,2.36,180100,0,0
2015-08-05,2.42,2.42,2.3,2.3,232300,0,0
2015-08-06,2.33,2.38,2.21,2.24,411400,0,0
2015-08-07,2.2,2.27,2.08,2.08,593800,0,0
2015-08-10,2.11,2.19,2.1,2.13,499000,0,0
2015-08-11,2.08,2.18,1.88,2.08,1992400,0,0
2015-08-12,2.08,2.18,2.04,2.18,427700,0,0
2015-08-13,2.21,2.21,2.08,2.08,163100,0,0
2015-08-14,2.11,2.17,2.09,2.16,234000,0,0
2015-08-17,2.14,2.26,2.13,2.26,356400,0,0
2015-08-18,2.25,2.31,2.1,2.11,407900,0,0
2015-08-19,2.1,2.11,2.05,2.05,217300,0,0
2015-08-20,2.03,2.05,1.99,2.01,416600,0,0
2015-08-21,1.91,2.13,1.91,1.99,392100,0,0
2015-08-24,1.9,1.94,1.87,1.91,543800,0,0
2015-08-25,1.98,1.99,1.91,1.91,346700,0,0
2015-08-26,1.94,1.99,1.86,1.96,1022100,0,0
2015-08-27,1.96,2.06,1.96,2.02,225900,0,0
2015-08-28,2.01,2.1,1.96,2.1,244900,0,0
2015-08-31,2.07,2.14,2.04,2.06,244100,0,0
2015-09-01,2.01,2.14,2.01,2.06,250600,0,0
2015-09-02,2.09,2.09,2.05,2.07,363000,0,0
2015-09-03,2.08,2.13,2.01,2.02,227500,0,0
2015-09-04,2.02,2.11,2.01,2.06,349300,0,0
2015-09-08,2.1,2.23,2.07,2.18,269600,0,0
2015-09-09,2.22,2.25,2.06,2.07,219300,0,0
2015-09-10,2.08,2.3,2.07,2.26,374100,0,0
2015-09-11,2.23,2.43,2.21,2.39,591900,0,0
2015-09-14,2.39,2.52,2.28,2.5,590900,0,0
2015-09-15,2.52,2.71,2.44,2.48,634100,0,0
2015-09-16,2.49,2.53,2.36,2.46,218800,0,0
2015-09-17,2.49,2.61,2.4,2.58,287100,0,0
2015-09-18,2.54,2.61,2.47,2.47,446700,0,0
2015-09-21,2.52,2.59,2.34,2.41,360000,0,0
2015-09-22,2.39,2.45,2.28,2.41,345900,0,0
2015-09-23,2.42,2.5,2.39,2.48,250400,0,0
2015-09-24,2.43,2.46,2.23,2.28,449700,0,0
2015-09-25,2.33,2.33,2.11,2.13,254800,0,0
2015-09-28,2.12,2.15,1.83,1.84,747000,0,0
2015-09-29,1.86,1.98,1.74,1.86,3111500,0,0
2015-09-30,1.9,2.01,1.83,1.95,694000,0,0
2015-10-01,1.95,2.01,1.84,2.01,414500,0,0
2015-10-02,2.0,2.07,1.9,2.07,237900,0,0
2015-10-05,2.07,2.15,1.97,2.05,463300,0,0
2015-10-06,2.04,2.06,1.89,1.99,281300,0,0
2015-10-07,2.0,2.11,1.95,2.09,260000,0,0
2015-10-08,2.1,2.12,1.94,2.11,258700,0,0
2015-10-09,2.13,2.22,2.07,2.13,529100,0,0
2015-10-12,2.16,2.16,2.01,2.05,156300,0,0
2015-10-13,2.03,2.1,1.99,1.99,164400,0,0
2015-10-14,2.01,2.05,1.93,1.93,179900,0,0
2015-10-15,1.92,2.07,1.92,2.07,291800,0,0
2015-10-16,2.08,2.13,2.04,2.1,173400,0,0
2015-10-19,2.08,2.21,2.03,2.11,187700,0,0
2015-10-20,2.12,2.15,1.98,2.02,163300,0,0
2015-10-21,2.04,2.04,1.88,1.91,239200,0,0
2015-10-22,1.88,1.95,1.79,1.84,354800,0,0
2015-10-23,1.87,1.96,1.84,1.93,147700,0,0
2015-10-26,1.95,1.99,1.87,1.94,113100,0,0
2015-10-27,1.92,1.97,1.87,1.88,139600,0,0
2015-10-28,1.87,2.09,1.85,2.08,329600,0,0
2015-10-29,2.07,2.14,1.93,1.93,288800,0,0
2015-10-30,1.94,2.05,1.89,2.04,180900,0,0
2015-11-02,2.01,2.18,1.96,2.02,374900,0,0
2015-11-03,1.99,2.09,1.89,2.08,362000,0,0
2015-11-04,2.08,2.2,2.04,2.2,315400,0,0
2015-11-05,2.2,2.25,2.08,2.15,206500,0,0
2015-11-06,2.11,2.25,2.09,2.25,172700,0,0
2015-11-09,2.27,2.28,2.2,2.27,153800,0,0
2015-11-10,2.27,2.29,2.19,2.29,159800,0,0
2015-11-11,2.3,2.3,2.08,2.24,88000,0,0
2015-11-12,2.22,2.25,2.16,2.16,91300,0,0
2015-11-13,2.13,2.2,2.0,2.09,216000,0,0
2015-11-16,2.09,2.1,2.01,2.05,129900,0,0
2015-11-17,2.05,2.13,2.02,2.1,159200,0,0
2015-11-18,2.1,2.22,2.06,2.21,226900,0,0
2015-11-19,2.3,2.43,2.13,2.24,456800,0,0
2015-11-20,2.26,2.31,2.19,2.25,155100,0,0
2015-11-23,2.23,2.3,2.23,2.28,189500,0,0
2015-11-24,2.25,2.3,2.24,2.29,146000,0,0
2015-11-25,2.28,2.33,2.26,2.32,181300,0,0
2015-11-27,2.31,2.38,2.31,2.37,135600,0,0
2015-11-30,2.39,2.39,2.33,2.36,354300,0,0
2015-12-01,2.37,2.43,2.34,2.43,259700,0,0
2015-12-02,2.44,2.55,2.43,2.52,345500,0,0
2015-12-03,2.53,2.7,2.42,2.51,391700,0,0
2015-12-04,2.5,2.56,2.5,2.54,254900,0,0
2015-12-07,2.55,2.55,2.32,2.32,287000,0,0
2015-12-08,2.31,2.4,2.29,2.33,286200,0,0
2015-12-09,2.31,2.35,2.14,2.15,278200,0,0
2015-12-10,2.17,2.21,2.06,2.07,253900,0,0
2015-12-11,2.0,2.14,1.99,2.03,247000,0,0
2015-12-14,2.05,2.19,2.05,2.12,451500,0,0
2015-12-15,2.16,2.2,2.13,2.19,309400,0,0
2015-12-16,2.2,2.29,2.16,2.28,326700,0,0
2015-12-17,2.25,2.34,2.23,2.27,290500,0,0
2015-12-18,2.25,2.37,2.18,2.27,3632600,0,0
2015-12-21,2.28,2.33,2.09,2.27,185600,0,0
2015-12-22,2.27,2.27,2.13,2.23,134800,0,0
2015-12-23,2.24,2.24,2.19,2.23,94000,0,0
2015-12-24,2.22,2.24,2.18,2.22,69700,0,0
2015-12-28,2.2,2.24,2.1,2.23,144400,0,0
2015-12-29,2.24,2.27,2.15,2.26,269200,0,0
2015-12-30,2.27,2.34,2.12,2.22,188200,0,0
2015-12-31,2.22,2.29,2.19,2.21,299900,0,0
2016-01-04,2.13,2.29,2.0,2.04,477000,0,0
2016-01-05,2.04,2.13,2.01,2.03,319700,0,0
2016-01-06,2.0,2.03,1.88,1.91,343400,0,0
2016-01-07,1.88,1.96,1.75,1.76,345300,0,0
2016-01-08,1.8,1.82,1.6,1.6,702200,0,0
2016-01-11,1.6,1.64,1.33,1.47,1311600,0,0
2016-01-12,1.55,1.57,1.34,1.37,461600,0,0
2016-01-13,1.36,1.56,1.22,1.27,461400,0,0
2016-01-14,1.27,1.47,1.09,1.19,839700,0,0
2016-01-15,1.15,1.21,1.12,1.15,522500,0,0
2016-01-19,1.2,1.26,1.08,1.17,486100,0,0
2016-01-20,1.15,1.22,1.06,1.21,557100,0,0
2016-01-21,1.23,1.27,1.16,1.18,316100,0,0
2016-01-22,1.2,1.32,1.16,1.3,379300,0,0
2016-01-25,1.3,1.31,1.2,1.21,331500,0,0
2016-01-26,1.24,1.24,1.12,1.2,242000,0,0
2016-01-27,1.19,1.26,1.16,1.16,318800,0,0
2016-01-28,1.17,1.25,1.15,1.16,209600,0,0
2016-01-29,1.16,1.25,1.16,1.2,733900,0,0
2016-02-01,1.18,1.21,1.17,1.19,257100,0,0
2016-02-02,1.18,1.21,1.15,1.15,251400,0,0
2016-02-03,1.15,1.21,1.08,1.11,301400,0,0
2016-02-04,1.11,1.17,1.08,1.1,604300,0,0
2016-02-05,1.09,1.12,1.03,1.03,377400,0,0
2016-02-08,1.02,1.06,1.02,1.03,328400,0,0
2016-02-09,1.02,1.07,0.99,1.01,312500,0,0
2016-02-10,1.01,1.06,1.0,1.02,102400,0,0
2016-02-11,1.0,1.04,1.0,1.01,183100,0,0
2016-02-12,1.07,1.07,1.02,1.05,321300,0,0
2016-02-16,1.07,1.1,1.05,1.06,256300,0,0
2016-02-17,1.07,1.13,1.05,1.13,248100,0,0
2016-02-18,1.18,1.2,1.13,1.17,260500,0,0
2016-02-19,1.18,1.24,1.15,1.16,214600,0,0
2016-02-22,1.17,1.21,1.12,1.15,269200,0,0
2016-02-23,1.15,1.15,1.1,1.1,178600,0,0
2016-02-24,1.1,1.13,1.1,1.13,111200,0,0
2016-02-25,1.13,1.13,1.1,1.13,130100,0,0
2016-02-26,1.13,1.15,1.12,1.15,150800,0,0
2016-02-29,1.15,1.18,1.13,1.13,216700,0,0
2016-03-01,1.12,1.2,1.11,1.2,339100,0,0
2016-03-02,1.19,1.32,1.15,1.27,342500,0,0
2016-03-03,1.27,1.32,1.24,1.3,195400,0,0
2016-03-04,1.24,1.41,1.21,1.33,555100,0,0
2016-03-07,1.31,1.43,1.26,1.41,293000,0,0
2016-03-08,1.42,1.42,1.31,1.31,238100,0,0
2016-03-09,1.32,1.41,1.26,1.3,100100,0,0
2016-03-10,1.33,1.38,1.24,1.27,276100,0,0
2016-03-11,1.28,1.33,1.28,1.33,143500,0,0
2016-03-14,1.31,1.43,1.31,1.41,316900,0,0
2016-03-15,1.39,1.42,1.26,1.26,213700,0,0
2016-03-16,1.26,1.38,1.26,1.37,400700,0,0
2016-03-17,1.39,1.44,1.37,1.39,270000,0,0
2016-03-18,1.42,1.42,1.31,1.34,780500,0,0
2016-03-21,1.39,1.43,1.32,1.34,264600,0,0
2016-03-22,1.31,1.39,1.31,1.39,115800,0,0
2016-03-23,1.4,1.55,1.28,1.28,357200,0,0
2016-03-24,1.28,1.34,1.25,1.31,180400,0,0
2016-03-28,1.32,1.37,1.28,1.31,154500,0,0
2016-03-29,1.33,1.44,1.3,1.35,502500,0,0
2016-03-30,1.37,1.4,1.33,1.35,120200,0,0
2016-03-31,1.34,1.37,1.33,1.35,256800,0,0
2016-04-01,1.34,1.39,1.32,1.36,377400,0,0
2016-04-04,1.36,1.39,1.32,1.33,266900,0,0
2016-04-05,1.35,1.35,1.29,1.29,203600,0,0
2016-04-06,1.3,1.34,1.28,1.34,279300,0,0
2016-04-07,1.34,1.37,1.3,1.33,264500,0,0
2016-04-08,1.31,1.31,1.15,1.26,695700,0,0
2016-04-11,1.26,1.28,1.16,1.24,394100,0,0
2016-04-12,1.23,1.27,1.2,1.26,379000,0,0
2016-04-13,1.29,1.32,1.25,1.31,1534200,0,0
2016-04-14,1.35,1.42,1.34,1.41,931300,0,0
2016-04-15,1.4,1.43,1.29,1.4,605100,0,0
2016-04-18,1.41,1.41,1.34,1.4,331300,0,0
2016-04-19,1.41,1.41,1.36,1.37,237400,0,0
2016-04-20,1.38,1.38,1.32,1.34,223900,0,0
2016-04-21,1.35,1.36,1.32,1.33,308000,0,0
2016-04-22,1.35,1.4,1.34,1.38,299000,0,0
2016-04-25,1.43,1.47,1.4,1.42,571800,0,0
2016-04-26,1.3,1.39,1.28,1.34,3079800,0,0
2016-04-27,1.35,1.52,1.33,1.47,1508800,0,0
2016-04-28,1.5,1.51,1.4,1.4,813800,0,0
2016-04-29,1.43,1.46,1.32,1.34,813900,0,0
2016-05-02,1.35,1.4,1.31,1.36,472900,0,0
2016-05-03,1.34,1.46,1.33,1.46,646600,0,0
2016-05-04,1.43,1.52,1.39,1.42,1134100,0,0
2016-05-05,1.4,1.4,1.3,1.3,561800,0,0
2016-05-06,1.3,1.3,1.15,1.17,859200,0,0
2016-05-09,1.2,1.24,1.17,1.23,561000,0,0
2016-05-10,1.28,1.28,1.18,1.27,858600,0,0
2016-05-11,1.27,1.27,1.19,1.2,354700,0,0
2016-05-12,1.2,1.23,1.17,1.18,504700,0,0
2016-05-13,1.19,1.21,1.16,1.2,245000,0,0
2016-05-16,1.21,1.21,1.18,1.19,349900,0,0
2016-05-17,1.2,1.22,1.15,1.16,376100,0,0
2016-05-18,1.18,1.21,1.14,1.15,603800,0,0
2016-05-19,1.17,1.18,1.14,1.14,329300,0,0
2016-05-20,1.16,1.17,1.14,1.16,405700,0,0
2016-05-23,1.16,1.19,1.15,1.16,318300,0,0
2016-05-24,1.18,1.24,1.15,1.2,813400,0,0
2016-05-25,1.22,1.24,1.19,1.23,1229500,0,0
2016-05-26,1.21,1.27,1.17,1.2,1222000,0,0
2016-05-27,1.21,1.21,1.17,1.19,356600,0,0
2016-05-31,1.21,1.23,1.17,1.17,2432700,0,0
2016-06-01,1.18,1.29,1.16,1.29,544200,0,0
2016-06-02,1.29,1.38,1.28,1.36,769500,0,0
2016-06-03,1.36,1.4,1.31,1.39,910800,0,0
2016-06-06,1.4,1.41,1.34,1.39,688500,0,0
2016-06-07,1.4,1.42,1.37,1.38,368300,0,0
2016-06-08,1.38,1.4,1.34,1.39,340200,0,0
2016-06-09,1.4,1.41,1.31,1.32,488500,0,0
2016-06-10,1.32,1.37,1.26,1.29,406700,0,0
2016-06-13,1.28,1.33,1.26,1.28,334900,0,0
2016-06-14,1.27,1.31,1.24,1.27,239700,0,0
2016-06-15,1.29,1.3,1.26,1.29,211800,0,0
2016-06-16,1.28,1.32,1.21,1.24,350500,0,0
2016-06-17,1.25,1.25,1.2,1.2,740600,0,0
2016-06-20,1.23,1.26,1.22,1.25,303600,0,0
2016-06-21,1.23,1.26,1.18,1.19,312700,0,0
2016-06-22,1.2,1.24,1.17,1.19,398900,0,0
2016-06-23,1.22,1.24,1.17,1.24,470000,0,0
2016-06-24,1.15,1.34,1.14,1.27,1737100,0,0
2016-06-27,1.23,1.23,1.14,1.17,646400,0,0
2016-06-28,1.18,1.22,1.15,1.22,361700,0,0
2016-06-29,1.25,1.25,1.18,1.24,296000,0,0
2016-06-30,1.26,1.26,1.19,1.22,250800,0,0
2016-07-01,1.28,1.28,1.22,1.25,617700,0,0
2016-07-05,1.22,1.27,1.19,1.19,305500,0,0
2016-07-06,1.2,1.23,1.18,1.19,261400,0,0
2016-07-07,1.2,1.24,1.19,1.2,304000,0,0
2016-07-08,1.21,1.27,1.2,1.27,387400,0,0
2016-07-11,1.26,1.29,1.22,1.27,284200,0,0
2016-07-12,1.26,1.38,1.25,1.37,875300,0,0
2016-07-13,1.39,1.44,1.34,1.38,1211600,0,0
2016-07-14,1.41,1.48,1.36,1.42,1501200,0,0
2016-07-15,1.45,1.45,1.42,1.44,532400,0,0
2016-07-18,1.46,1.46,1.4,1.44,379300,0,0
2016-07-19,1.45,1.45,1.39,1.43,290900,0,0
2016-07-20,1.45,1.56,1.41,1.54,1109500,0,0
2016-07-21,1.57,1.7,1.54,1.65,1716900,0,0
2016-07-22,1.66,1.82,1.55,1.77,1359600,0,0
2016-07-25,1.79,1.8,1.7,1.78,655400,0,0
2016-07-26,1.8,1.8,1.71,1.76,523700,0,0
2016-07-27,1.72,1.86,1.72,1.83,564300,0,0
2016-07-28,1.81,1.9,1.77,1.86,769200,0,0
2016-07-29,1.88,1.95,1.82,1.94,1091900,0,0
2016-08-01,1.96,2.0,1.82,1.9,959900,0,0
2016-08-02,1.82,1.85,1.58,1.84,1408500,0,0
2016-08-03,1.8,1.89,1.77,1.88,659100,0,0
2016-08-04,1.89,1.91,1.84,1.88,535500,0,0
2016-08-05,1.89,1.9,1.78,1.88,607300,0,0
2016-08-08,1.86,1.86,1.79,1.81,512200,0,0
2016-08-09,1.81,1.82,1.73,1.82,620200,0,0
2016-08-10,1.82,1.84,1.77,1.8,392000,0,0
2016-08-11,1.8,1.81,1.75,1.81,367600,0,0
2016-08-12,1.8,1.86,1.77,1.81,380800,0,0
2016-08-15,1.84,1.9,1.78,1.88,819100,0,0
2016-08-16,1.88,1.94,1.81,1.91,1564000,0,0
2016-08-17,1.95,1.95,1.85,1.92,656200,0,0
2016-08-18,1.93,1.93,1.87,1.88,328800,0,0
2016-08-19,1.88,1.9,1.8,1.89,655000,0,0
2016-08-22,1.86,1.92,1.82,1.86,534300,0,0
2016-08-23,1.88,1.88,1.83,1.85,429100,0,0
2016-08-24,1.85,1.85,1.72,1.76,805000,0,0
2016-08-25,1.75,1.78,1.69,1.72,634100,0,0
2016-08-26,1.74,1.77,1.71,1.73,351900,0,0
2016-08-29,1.75,1.78,1.71,1.75,627000,0,0
2016-08-30,1.74,1.79,1.71,1.71,353800,0,0
2016-08-31,1.7,1.73,1.65,1.67,510700,0,0
2016-09-01,1.66,1.67,1.59,1.61,464300,0,0
2016-09-02,1.62,1.66,1.59,1.66,388100,0,0
2016-09-06,1.68,1.68,1.64,1.64,451900,0,0
2016-09-07,1.66,1.72,1.65,1.7,610500,0,0
2016-09-08,1.71,1.71,1.63,1.68,532300,0,0
2016-09-09,1.67,1.68,1.58,1.58,596800,0,0
2016-09-12,1.57,1.63,1.53,1.6,855300,0,0
2016-09-13,1.6,1.64,1.5,1.58,439700,0,0
2016-09-14,1.59,1.65,1.49,1.56,1059300,0,0
2016-09-15,1.55,1.6,1.5,1.59,1110800,0,0
2016-09-16,1.62,1.68,1.58,1.64,1285500,0,0
2016-09-19,1.66,1.69,1.65,1.68,595400,0,0
2016-09-20,1.74,1.76,1.68,1.75,1173400,0,0
2016-09-21,1.78,1.79,1.7,1.73,911100,0,0
2016-09-22,1.75,1.76,1.68,1.74,896200,0,0
2016-09-23,1.76,1.76,1.56,1.7,1409600,0,0
2016-09-26,1.2,1.22,1.08,1.16,11380000,0,0
2016-09-27,1.22,1.41,1.22,1.39,5890700,0,0
2016-09-28,1.38,1.42,1.25,1.4,3790300,0,0
2016-09-29,1.4,1.42,1.31,1.34,723700,0,0
2016-09-30,1.34,1.41,1.3,1.39,1088300,0,0
2016-10-03,1.4,1.45,1.33,1.36,674000,0,0
2016-10-04,1.36,1.4,1.32,1.35,354000,0,0
2016-10-05,1.35,1.39,1.3,1.36,277800,0,0
2016-10-06,1.35,1.39,1.28,1.3,367200,0,0
2016-10-07,1.31,1.35,1.3,1.3,370600,0,0
2016-10-10,1.3,1.37,1.29,1.33,462200,0,0
2016-10-11,1.32,1.35,1.22,1.25,565900,0,0
2016-10-12,1.25,1.26,1.18,1.23,471900,0,0
2016-10-13,1.2,1.26,1.2,1.23,480100,0,0
2016-10-14,1.22,1.25,1.2,1.21,354800,0,0
2016-10-17,1.21,1.36,1.18,1.28,773700,0,0
2016-10-18,1.29,1.3,1.25,1.28,227600,0,0
2016-10-19,1.28,1.28,1.17,1.21,512700,0,0
2016-10-20,1.19,1.24,1.17,1.23,404900,0,0
2016-10-21,1.2,1.25,1.2,1.22,345600,0,0
2016-10-24,1.23,1.26,1.18,1.19,420400,0,0
2016-10-25,1.18,1.2,1.13,1.14,499800,0,0
2016-10-26,1.14,1.18,1.13,1.15,262500,0,0
2016-10-27,1.16,1.23,1.15,1.19,298900,0,0
2016-10-28,1.2,1.2,1.14,1.14,280400,0,0
2016-10-31,1.14,1.16,1.11,1.12,380100,0,0
2016-11-01,1.27,1.34,1.18,1.22,897800,0,0
2016-11-02,1.24,1.24,1.16,1.18,372500,0,0
2016-11-03,1.19,1.19,1.12,1.12,482600,0,0
2016-11-04,1.13,1.2,1.11,1.13,495900,0,0
2016-11-07,1.14,1.19,1.12,1.15,374400,0,0
2016-11-08,1.14,1.17,1.12,1.15,154300,0,0
2016-11-09,1.16,1.25,1.16,1.25,815600,0,0
2016-11-10,1.28,1.29,1.23,1.28,801400,0,0
2016-11-11,1.28,1.36,1.22,1.35,942300,0,0
2016-11-14,1.38,1.4,1.32,1.36,400000,0,0
2016-11-15,1.36,1.45,1.3,1.4,1671700,0,0
2016-11-16,1.4,1.44,1.34,1.43,1676500,0,0
2016-11-17,1.42,1.45,1.38,1.4,446200,0,0
2016-11-18,1.41,1.41,1.34,1.39,317800,0,0
2016-11-21,1.41,1.44,1.37,1.42,412900,0,0
2016-11-22,1.42,1.42,1.29,1.4,365500,0,0
2016-11-23,1.39,1.45,1.33,1.43,405500,0,0
2016-11-25,1.42,1.45,1.37,1.38,157100,0,0
2016-11-28,1.39,1.43,1.33,1.36,343600,0,0
2016-11-29,1.37,1.37,1.29,1.3,316500,0,0
2016-11-30,1.33,1.36,1.29,1.31,372800,0,0
2016-12-01,1.3,1.35,1.25,1.27,298800,0,0
2016-12-02,1.28,1.31,1.25,1.25,249400,0,0
2016-12-05,1.25,1.31,1.25,1.3,229700,0,0
2016-12-06,1.31,1.33,1.26,1.32,289600,0,0
2016-12-07,1.3,1.34,1.27,1.29,200100,0,0
2016-12-08,1.27,1.4,1.25,1.38,1137500,0,0
2016-12-09,1.4,1.4,1.32,1.33,445600,0,0
2016-12-12,1.32,1.36,1.26,1.3,594200,0,0
2016-12-13,1.32,1.33,1.19,1.25,714800,0,0
2016-12-14,1.26,1.26,1.18,1.2,493500,0,0
2016-12-15,1.23,1.25,1.16,1.18,730500,0,0
2016-12-16,1.2,1.31,1.19,1.23,6049800,0,0
2016-12-19,1.22,1.28,1.21,1.26,741400,0,0
2016-12-20,1.29,1.32,1.26,1.32,511400,0,0
2016-12-21,1.32,1.35,1.26,1.31,615200,0,0
2016-12-22,1.3,1.31,1.22,1.24,566000,0,0
2016-12-23,1.25,1.29,1.25,1.28,374600,0,0
2016-12-27,1.27,1.32,1.27,1.3,385000,0,0
2016-12-28,1.3,1.32,1.28,1.3,324500,0,0
2016-12-29,1.31,1.34,1.29,1.33,494800,0,0
2016-12-30,1.31,1.35,1.28,1.34,437700,0,0
2017-01-03,1.36,1.36,1.3,1.34,219700,0,0
2017-01-04,1.35,1.37,1.34,1.37,374400,0,0
2017-01-05,1.36,1.36,1.33,1.34,193600,0,0
2017-01-06,1.36,1.36,1.3,1.31,219600,0,0
2017-01-09,1.33,1.33,1.27,1.31,366100,0,0
2017-01-10,1.31,1.32,1.25,1.3,159700,0,0
2017-01-11,1.29,1.3,1.26,1.28,131600,0,0
2017-01-12,1.27,1.28,1.23,1.26,205400,0,0
2017-01-13,1.26,1.28,1.26,1.27,176900,0,0
2017-01-17,1.26,1.26,1.22,1.23,590100,0,0
2017-01-18,1.22,1.25,1.16,1.2,454600,0,0
2017-01-19,1.2,1.27,1.18,1.23,651100,0,0
2017-01-20,1.22,1.24,1.18,1.18,327000,0,0
2017-01-23,1.18,1.21,1.17,1.17,112700,0,0
2017-01-24,1.17,1.23,1.14,1.21,406900,0,0
2017-01-25,1.23,1.23,1.19,1.22,250300,0,0
2017-01-26,1.21,1.22,1.19,1.2,119400,0,0
2017-01-27,1.19,1.22,1.17,1.18,221400,0,0
2017-01-30,1.15,1.18,1.03,1.07,1315800,0,0
2017-01-31,1.07,1.08,1.01,1.06,527200,0,0
2017-02-01,1.1,1.1,1.02,1.03,491100,0,0
2017-02-02,1.02,1.04,1.01,1.02,476200,0,0
2017-02-03,1.04,1.04,1.0,1.03,363700,0,0
2017-02-06,1.03,1.05,1.03,1.04,331600,0,0
2017-02-07,1.05,1.07,1.03,1.03,238900,0,0
2017-02-08,1.03,1.04,0.98,1.01,468400,0,0
2017-02-09,1.02,1.03,0.99,1.01,376300,0,0
2017-02-10,1.0,1.03,1.0,1.03,164200,0,0
2017-02-13,1.02,1.04,1.02,1.04,129400,0,0
2017-02-14,1.03,1.05,1.0,1.02,206500,0,0
2017-02-15,1.01,1.02,0.99,1.0,181800,0,0
2017-02-16,0.99,1.01,0.97,0.99,246900,0,0
2017-02-17,1.07,1.07,0.98,1.01,281000,0,0
2017-02-21,1.03,1.03,0.97,0.99,214000,0,0
2017-02-22,0.99,1.0,0.96,0.99,199300,0,0
2017-02-23,0.99,1.0,0.97,0.97,110000,0,0
2017-02-24,0.97,0.98,0.97,0.98,155400,0,0
2017-02-27,0.98,1.03,0.98,1.02,275800,0,0
2017-02-28,1.04,1.06,0.99,1.03,507100,0,0
2017-03-01,1.04,1.06,1.01,1.03,311800,0,0
2017-03-02,1.03,1.05,1.02,1.02,184200,0,0
2017-03-03,1.02,1.02,0.98,0.98,225900,0,0
2017-03-06,0.99,1.0,0.92,0.95,208100,0,0
2017-03-07,0.93,0.98,0.93,0.96,191100,0,0
2017-03-08,0.97,0.99,0.92,0.97,545200,0,0
2017-03-09,0.96,0.98,0.95,0.97,323700,0,0
2017-03-10,0.96,0.98,0.95,0.96,410700,0,0
2017-03-13,0.96,1.03,0.95,1.01,281300,0,0
2017-03-14,1.01,1.02,1.0,1.0,187100,0,0
2017-03-15,1.03,1.03,0.93,0.98,724000,0,0
2017-03-16,0.99,1.0,0.93,0.97,427700,0,0
2017-03-17,0.92,0.96,0.92,0.95,497600,0,0
2017-03-20,0.95,0.97,0.92,0.92,330600,0,0
2017-03-21,0.95,1.06,0.91,0.91,942700,0,0
2017-03-22,0.93,0.96,0.91,0.92,262600,0,0
2017-03-23,0.95,0.98,0.93,0.95,177200,0,0
2017-03-24,0.96,0.99,0.94,0.94,224400,0,0
2017-03-27,0.93,0.97,0.92,0.95,101800,0,0
2017-03-28,0.94,0.96,0.93,0.95,129700,0,0
2017-03-29,0.94,0.99,0.94,0.97,244800,0,0
2017-03-30,0.99,1.03,0.95,1.01,360100,0,0
2017-03-31,0.97,1.06,0.97,1.05,495000,0,0
2017-04-03,1.04,1.06,1.01,1.02,235400,0,0
2017-04-04,1.02,1.03,0.96,0.98,182200,0,0
2017-04-05,0.98,1.01,0.95,0.95,207600,0,0
2017-04-06,0.94,0.98,0.93,0.95,330500,0,0
2017-04-07,0.96,1.01,0.94,0.95,243900,0,0
2017-04-10,0.95,1.0,0.95,0.98,232100,0,0
2017-04-11,0.98,0.98,0.94,0.94,328700,0,0
2017-04-12,0.94,0.96,0.92,0.93,193300,0,0
2017-04-13,0.91,0.94,0.89,0.9,277500,0,0
2017-04-17,0.89,0.9,0.85,0.87,340500,0,0
2017-04-18,0.88,0.94,0.85,0.89,372500,0,0
2017-04-19,0.88,0.94,0.88,0.88,300000,0,0
2017-04-20,0.88,0.92,0.88,0.9,285900,0,0
2017-04-21,0.9,0.93,0.88,0.89,241200,0,0
2017-04-24,0.94,0.94,0.88,0.89,536700,0,0
2017-04-25,0.9,0.9,0.82,0.84,732000,0,0
2017-04-26,0.84,0.88,0.83,0.86,307500,0,0
2017-04-27,0.88,0.91,0.87,0.88,641900,0,0
2017-04-28,0.88,0.88,0.85,0.88,269100,0,0
2017-05-01,0.91,0.91,0.83,0.87,519300,0,0
2017-05-02,0.86,0.86,0.82,0.83,241100,0,0
2017-05-03,0.82,0.83,0.74,0.79,1088300,0,0
2017-05-04,0.8,0.82,0.76,0.78,860900,0,0
2017-05-05,0.78,0.82,0.76,0.8,1589300,0,0
2017-05-08,1.12,1.17,0.96,0.97,10803900,0,0
2017-05-09,0.99,1.06,0.94,1.01,3658800,0,0
2017-05-10,1.0,1.05,0.98,1.0,969900,0,0
2017-05-11,1.02,1.18,0.95,1.1,7145800,0,0
2017-05-12,1.12,1.29,1.08,1.21,3768900,0,0
2017-05-15,1.23,1.32,1.21,1.28,2401000,0,0
2017-05-16,1.3,1.3,1.16,1.24,963800,0,0
2017-05-17,1.23,1.23,1.13,1.16,1425400,0,0
2017-05-18,1.15,1.25,1.14,1.21,807300,0,0
2017-05-19,1.2,1.24,1.18,1.23,647100,0,0
2017-05-22,1.22,1.24,1.19,1.24,439500,0,0
2017-05-23,1.19,1.24,1.18,1.22,262000,0,0
2017-05-24,1.21,1.26,1.2,1.25,349600,0,0
2017-05-25,1.26,1.27,1.21,1.26,359000,0,0
2017-05-26,1.25,1.34,1.25,1.28,1157600,0,0
2017-05-30,1.27,1.3,1.25,1.25,494400,0,0
2017-05-31,1.25,1.28,1.22,1.23,435700,0,0
2017-06-01,1.24,1.53,1.24,1.33,1307200,0,0
2017-06-02,1.32,1.36,1.29,1.32,374700,0,0
2017-06-05,1.27,1.35,1.23,1.23,321900,0,0
2017-06-06,1.21,1.25,1.2,1.21,461600,0,0
2017-06-07,1.22,1.23,1.2,1.21,184400,0,0
2017-06-08,1.2,1.24,1.16,1.21,688000,0,0
2017-06-09,1.2,1.23,1.19,1.23,796100,0,0
2017-06-12,1.22,1.27,1.22,1.25,395100,0,0
2017-06-13,1.25,1.32,1.25,1.3,724500,0,0
2017-06-14,1.3,1.33,1.28,1.29,359900,0,0
2017-06-15,1.3,1.32,1.27,1.3,365000,0,0
2017-06-16,1.27,1.33,1.27,1.31,709200,0,0
2017-06-19,1.32,1.41,1.3,1.4,1813500,0,0
2017-06-20,1.41,1.48,1.41,1.44,1209500,0,0
2017-06-21,1.47,1.47,1.31,1.45,846000,0,0
2017-06-22,1.45,1.49,1.41,1.48,900700,0,0
2017-06-23,1.48,1.53,1.42,1.53,2188300,0,0
2017-06-26,1.54,1.59,1.49,1.5,680000,0,0
2017-06-27,1.52,1.56,1.5,1.54,668500,0,0
2017-06-28,1.56,1.58,1.51,1.56,507700,0,0
2017-06-29,1.56,1.58,1.53,1.56,540000,0,0
2017-06-30,1.55,1.56,1.49,1.56,618900,0,0
2017-07-03,1.56,1.59,1.55,1.58,350700,0,0
2017-07-05,1.57,1.59,1.54,1.56,183800,0,0
2017-07-06,1.57,1.59,1.51,1.54,405300,0,0
2017-07-07,1.54,1.63,1.54,1.6,981800,0,0
2017-07-10,1.58,1.62,1.56,1.59,492300,0,0
2017-07-11,1.6,1.65,1.58,1.59,703500,0,0
2017-07-12,1.69,1.72,1.65,1.68,1886500,0,0
2017-07-13,1.72,1.73,1.69,1.72,737800,0,0
2017-07-14,1.75,1.75,1.69,1.7,1013000,0,0
2017-07-17,1.72,1.77,1.69,1.73,660900,0,0
2017-07-18,1.72,1.89,1.72,1.84,1443500,0,0
2017-07-19,1.82,1.89,1.8,1.87,617000,0,0
2017-07-20,1.86,1.89,1.82,1.85,519800,0,0
2017-07-21,1.89,1.89,1.83,1.87,494100,0,0
2017-07-24,1.87,1.88,1.82,1.84,682100,0,0
2017-07-25,1.85,1.9,1.83,1.84,791000,0,0
2017-07-26,1.84,1.9,1.82,1.87,696400,0,0
2017-07-27,1.87,1.87,1.79,1.81,662700,0,0
2017-07-28,1.82,1.82,1.69,1.76,590900,0,0
2017-07-31,1.76,1.76,1.69,1.73,591600,0,0
2017-08-01,1.73,1.78,1.7,1.76,525400,0,0
2017-08-02,1.75,1.76,1.7,1.73,240900,0,0
2017-08-03,1.7,1.73,1.68,1.7,174100,0,0
2017-08-04,1.71,1.73,1.69,1.69,192700,0,0
2017-08-07,1.7,1.73,1.67,1.68,292900,0,0
2017-08-08,1.68,1.78,1.68,1.75,1188700,0,0
2017-08-09,1.76,1.76,1.5,1.61,1016700,0,0
2017-08-10,1.62,1.65,1.51,1.58,640300,0,0
2017-08-11,1.63,1.74,1.6,1.65,781100,0,0
2017-08-14,1.68,1.69,1.6,1.65,361100,0,0
2017-08-15,1.65,1.66,1.6,1.64,356900,0,0
2017-08-16,1.64,1.71,1.63,1.68,909200,0,0
2017-08-17,1.66,1.73,1.63,1.64,313400,0,0
2017-08-18,1.6,1.68,1.6,1.63,322400,0,0
2017-08-21,1.64,1.65,1.56,1.61,368500,0,0
2017-08-22,1.63,1.63,1.59,1.6,200500,0,0
2017-08-23,1.6,1.62,1.57,1.59,368500,0,0
2017-08-24,1.61,1.62,1.59,1.6,240900,0,0
2017-08-25,1.6,1.63,1.59,1.61,185400,0,0
2017-08-28,1.61,1.62,1.58,1.6,308400,0,0
2017-08-29,1.6,1.62,1.57,1.6,235400,0,0
2017-08-30,1.6,1.6,1.54,1.55,309100,0,0
2017-08-31,1.57,1.6,1.56,1.59,193600,0,0
2017-09-01,1.6,1.6,1.58,1.6,215800,0,0
2017-09-05,1.6,1.65,1.59,1.6,366600,0,0
2017-09-06,1.6,1.66,1.58,1.63,426400,0,0
2017-09-07,1.62,1.66,1.6,1.6,208500,0,0
2017-09-08,1.61,1.65,1.6,1.61,350300,0,0
2017-09-11,1.63,1.66,1.6,1.64,416200,0,0
2017-09-12,1.65,1.67,1.6,1.61,208600,0,0
2017-09-13,1.61,1.65,1.61,1.62,303600,0,0
2017-09-14,1.61,1.65,1.59,1.6,416900,0,0
2017-09-15,1.61,1.62,1.59,1.61,680700,0,0
2017-09-18,1.59,1.72,1.59,1.65,434000,0,0
2017-09-19,1.67,1.67,1.6,1.63,278300,0,0
2017-09-20,1.61,1.65,1.6,1.65,269300,0,0
2017-09-21,1.65,1.72,1.61,1.69,274900,0,0
2017-09-22,1.69,1.77,1.66,1.73,315300,0,0
2017-09-25,1.72,1.76,1.68,1.68,239000,0,0
2017-09-26,1.69,1.75,1.65,1.74,164300,0,0
2017-09-27,1.76,1.85,1.73,1.82,650700,0,0
2017-09-28,1.81,1.82,1.73,1.76,262300,0,0
2017-09-29,1.75,1.8,1.74,1.77,354600,0,0
2017-10-02,1.85,1.87,1.79,1.87,615600,0,0
2017-10-03,1.87,2.17,1.86,2.1,1515100,0,0
2017-10-04,2.09,2.12,1.97,1.99,921000,0,0
2017-10-05,2.05,2.09,1.91,2.08,956100,0,0
2017-10-06,2.1,2.17,2.03,2.04,453100,0,0
2017-10-09,2.05,2.09,2.0,2.01,205200,0,0
2017-10-10,2.05,2.15,1.98,2.04,379100,0,0
2017-10-11,2.07,2.07,1.96,1.98,274800,0,0
2017-10-12,1.97,1.97,1.89,1.91,322000,0,0
2017-10-13,1.91,1.94,1.73,1.82,431400,0,0
2017-10-16,1.87,2.01,1.83,1.99,488700,0,0
2017-10-17,1.98,2.01,1.8,1.81,443800,0,0
2017-10-18,1.85,1.95,1.79,1.94,693900,0,0
2017-10-19,1.92,1.99,1.85,1.97,379400,0,0
2017-10-20,0.84,0.9,0.75,0.78,8671000,0,0
2017-10-23,0.8,0.94,0.8,0.88,3239400,0,0
2017-10-24,0.88,0.92,0.82,0.82,2043000,0,0
2017-10-25,0.82,0.82,0.79,0.8,1287700,0,0
2017-10-26,0.81,0.82,0.76,0.78,1049300,0,0
2017-10-27,0.78,0.79,0.76,0.78,504700,0,0
2017-10-30,0.78,0.83,0.78,0.78,919000,0,0
2017-10-31,0.79,0.81,0.76,0.8,800100,0,0
2017-11-01,0.8,0.81,0.78,0.79,395500,0,0
2017-11-02,0.83,1.12,0.8,0.87,6201500,0,0
2017-11-03,0.83,0.98,0.82,0.95,2062200,0,0
2017-11-06,0.95,0.97,0.9,0.9,684100,0,0
2017-11-07,0.92,1.04,0.9,0.99,1994900,0,0
2017-11-08,0.99,0.99,0.91,0.92,660700,0,0
2017-11-09,0.93,0.95,0.89,0.91,514400,0,0
2017-11-10,0.92,0.99,0.9,0.96,597700,0,0
2017-11-13,0.94,0.97,0.9,0.91,375800,0,0
2017-11-14,0.91,0.92,0.87,0.9,570500,0,0
2017-11-15,0.87,0.95,0.87,0.93,282500,0,0
2017-11-16,0.94,1.01,0.93,0.96,668400,0,0
2017-11-17,0.99,1.03,0.94,1.01,689700,0,0
2017-11-20,1.0,1.1,0.99,1.09,861300,0,0
2017-11-21,1.05,1.1,1.05,1.09,1798800,0,0
2017-11-22,1.1,1.18,1.09,1.15,1818500,0,0
2017-11-24,1.16,1.19,1.11,1.12,315800,0,0
2017-11-27,1.12,1.15,1.07,1.11,603500,0,0
2017-11-28,1.09,1.14,1.06,1.12,402700,0,0
2017-11-29,1.11,1.15,1.11,1.14,347500,0,0
2017-11-30,1.15,1.18,1.02,1.05,1260200,0,0
2017-12-01,1.04,1.1,0.95,1.08,3498600,0,0
2017-12-04,1.09,1.1,1.03,1.08,445200,0,0
2017-12-05,1.07,1.09,1.04,1.06,408400,0,0
2017-12-06,1.05,1.06,1.0,1.01,391500,0,0
2017-12-07,1.02,1.04,0.99,1.02,427200,0,0
2017-12-08,1.01,1.03,1.0,1.01,328400,0,0
2017-12-11,1.02,1.04,1.0,1.01,433800,0,0
2017-12-12,1.02,1.03,0.96,0.98,333700,0,0
2017-12-13,1.01,1.02,0.99,1.02,416300,0,0
2017-12-14,1.03,1.03,0.99,0.99,347800,0,0
2017-12-15,0.97,1.05,0.97,1.01,960100,0,0
2017-12-18,1.03,1.05,1.0,1.02,576100,0,0
2017-12-19,1.02,1.03,1.0,1.01,258700,0,0
2017-12-20,1.0,1.02,0.97,1.0,482600,0,0
2017-12-21,1.0,1.05,0.98,1.01,791600,0,0
2017-12-22,1.0,1.02,0.95,0.98,481900,0,0
2017-12-26,0.98,1.0,0.95,0.96,424500,0,0
2017-12-27,0.95,0.98,0.92,0.93,597800,0,0
2017-12-28,0.93,0.96,0.91,0.94,364300,0,0
2017-12-29,0.94,0.95,0.9,0.92,608600,0,0
2018-01-02,0.91,0.95,0.9,0.92,312000,0,0
2018-01-03,0.93,0.94,0.9,0.91,286000,0,0
2018-01-04,0.94,0.94,0.88,0.92,650900,0,0
2018-01-05,0.93,0.96,0.92,0.96,169500,0,0
2018-01-08,0.96,0.97,0.9,0.93,386300,0,0
2018-01-09,0.91,1.09,0.91,1.08,4262700,0,0
2018-01-10,1.08,1.45,1.03,1.25,4755800,0,0
2018-01-11,1.26,1.3,1.23,1.24,965200,0,0
2018-01-12,1.24,1.27,1.13,1.17,452200,0,0
2018-01-16,1.18,1.21,1.11,1.15,501900,0,0
2018-01-17,1.15,1.18,1.1,1.16,452800,0,0
2018-01-18,1.17,1.2,1.15,1.17,187200,0,0
2018-01-19,1.17,1.2,1.15,1.2,468900,0,0
2018-01-22,1.2,1.26,1.2,1.25,506300,0,0
2018-01-23,1.25,1.27,1.23,1.25,418100,0,0
2018-01-24,1.27,1.28,1.24,1.24,471700,0,0
2018-01-25,1.24,1.26,1.18,1.21,619300,0,0
2018-01-26,1.23,1.24,1.22,1.24,374900,0,0
2018-01-29,1.21,1.24,1.18,1.18,234000,0,0
2018-01-30,1.15,1.21,1.14,1.2,237200,0,0
2018-01-31,1.2,1.23,1.17,1.19,200300,0,0
2018-02-01,1.19,1.2,1.17,1.19,203000,0,0
2018-02-02,1.18,1.23,1.12,1.13,385900,0,0
2018-02-05,1.12,1.17,1.07,1.08,350100,0,0
2018-02-06,1.03,1.13,1.01,1.11,409200,0,0
2018-02-07,1.12,1.15,1.1,1.12,236600,0,0
2018-02-08,1.12,1.14,1.09,1.09,224500,0,0
2018-02-09,1.09,1.13,1.04,1.09,245400,0,0
2018-02-12,1.08,1.12,1.07,1.09,217300,0,0
2018-02-13,1.07,1.11,1.07,1.1,149200,0,0
2018-02-14,1.1,1.14,1.04,1.05,520100,0,0
2018-02-15,1.09,1.09,1.05,1.09,267800,0,0
2018-02-16,1.07,1.14,1.07,1.12,241800,0,0
2018-02-20,1.12,1.14,1.08,1.09,316500,0,0
2018-02-21,1.1,1.13,1.1,1.12,216800,0,0
2018-02-22,1.12,1.16,1.1,1.12,181400,0,0
2018-02-23,1.15,1.18,1.1,1.13,1204900,0,0
2018-02-26,1.14,1.2,1.13,1.2,465600,0,0
2018-02-27,1.2,1.23,1.17,1.2,356500,0,0
2018-02-28,1.22,1.32,1.2,1.22,985800,0,0
2018-03-01,1.24,1.32,1.23,1.32,416200,0,0
2018-03-02,1.4,1.67,1.37,1.45,4637500,0,0
2018-03-05,1.46,1.51,1.41,1.5,826100,0,0
2018-03-06,1.63,1.67,1.56,1.63,2232700,0,0
2018-03-07,1.63,1.75,1.6,1.74,1881200,0,0
2018-03-08,1.76,1.76,1.68,1.75,1702500,0,0
2018-03-09,1.76,1.85,1.73,1.85,1503700,0,0
2018-03-12,1.87,1.88,1.81,1.87,911500,0,0
2018-03-13,1.88,1.9,1.87,1.89,879500,0,0
2018-03-14,1.89,1.94,1.85,1.87,806800,0,0
2018-03-15,1.89,1.94,1.85,1.94,913300,0,0
2018-03-16,1.94,1.95,1.88,1.94,1515100,0,0
2018-03-19,1.92,2.03,1.89,2.02,1826900,0,0
2018-03-20,2.07,2.2,2.04,2.14,2582800,0,0
2018-03-21,2.15,2.2,2.12,2.19,1658800,0,0
2018-03-22,2.19,2.3,2.16,2.23,2195900,0,0
2018-03-23,2.22,2.34,2.2,2.24,1953300,0,0
2018-03-26,2.26,2.26,1.71,2.11,2611300,0,0
2018-03-27,2.1,2.15,2.05,2.1,950800,0,0
2018-03-28,2.1,2.17,1.97,2.14,1264300,0,0
2018-03-29,2.15,2.22,2.1,2.14,1053400,0,0
2018-04-02,2.14,2.18,2.11,2.14,673600,0,0
2018-04-03,2.15,2.29,2.13,2.25,1282700,0,0
2018-04-04,2.23,2.3,2.23,2.28,828800,0,0
2018-04-05,2.3,2.4,2.24,2.37,1575800,0,0
2018-04-06,2.37,2.39,2.33,2.36,765600,0,0
2018-04-09,2.36,2.52,2.28,2.48,1566300,0,0
2018-04-10,2.52,2.55,2.45,2.46,639600,0,0
2018-04-11,2.45,2.53,2.42,2.48,639300,0,0
2018-04-12,2.5,2.52,2.46,2.49,492200,0,0
2018-04-13,2.49,2.49,2.39,2.44,442300,0,0
2018-04-16,2.46,2.52,2.42,2.51,529400,0,0
2018-04-17,2.48,2.53,2.41,2.49,911400,0,0
2018-04-18,2.48,2.53,2.46,2.47,793100,0,0
2018-04-19,2.45,2.5,1.93,2.14,2059600,0,0
2018-04-20,2.05,2.19,2.04,2.11,892600,0,0
2018-04-23,2.11,2.16,1.96,2.07,879000,0,0
2018-04-24,2.05,2.15,2.04,2.06,443900,0,0
2018-04-25,2.04,2.16,1.99,2.08,502500,0,0
2018-04-26,2.07,2.14,2.04,2.09,324600,0,0
2018-04-27,2.08,2.09,2.02,2.09,440600,0,0
2018-04-30,2.08,2.17,2.02,2.03,539100,0,0
2018-05-01,2.01,2.08,2.01,2.07,300000,0,0
2018-05-02,2.05,2.14,2.03,2.03,517300,0,0
2018-05-03,2.03,2.06,1.8,1.82,1089300,0,0
2018-05-04,1.78,1.85,1.78,1.82,506000,0,0
2018-05-07,1.81,1.82,1.78,1.79,713000,0,0
2018-05-08,1.79,1.81,1.66,1.8,957900,0,0
2018-05-09,1.85,1.93,1.82,1.93,574500,0,0
2018-05-10,1.92,1.97,1.75,1.75,636700,0,0
2018-05-11,1.77,1.83,1.62,1.75,553200,0,0
2018-05-14,1.75,1.8,1.73,1.76,297800,0,0
2018-05-15,1.76,1.87,1.73,1.86,616400,0,0
2018-05-16,1.88,1.97,1.86,1.95,762700,0,0
2018-05-17,2.0,2.03,1.95,1.97,526500,0,0
2018-05-18,1.99,2.01,1.92,1.94,828100,0,0
2018-05-21,1.94,1.99,1.87,1.95,465800,0,0
2018-05-22,1.95,1.99,1.87,1.89,527400,0,0
2018-05-23,1.89,1.95,1.87,1.9,314000,0,0
2018-05-24,1.89,1.95,1.85,1.88,502300,0,0
2018-05-25,1.88,2.1,1.86,1.97,1829500,0,0
2018-05-29,1.97,2.1,1.92,1.96,582000,0,0
2018-05-30,1.97,2.04,1.94,1.96,412600,0,0
2018-05-31,1.93,2.0,1.9,1.92,623600,0,0
2018-06-01,1.93,2.04,1.9,2.03,599400,0,0
2018-06-04,2.05,2.05,1.95,1.98,511400,0,0
2018-06-05,1.99,2.09,1.99,2.07,446800,0,0
2018-06-06,2.07,2.1,2.01,2.06,665400,0,0
2018-06-07,2.06,2.1,2.01,2.05,352700,0,0
2018-06-08,2.05,2.17,2.04,2.09,546600,0,0
2018-06-11,2.12,2.25,2.12,2.14,649900,0,0
2018-06-12,2.13,2.18,2.11,2.14,558000,0,0
2018-06-13,2.15,2.16,2.06,2.1,628200,0,0
2018-06-14,2.11,2.15,2.09,2.11,580500,0,0
2018-06-15,2.1,2.2,2.09,2.2,1005100,0,0
2018-06-18,2.22,2.24,2.15,2.17,824900,0,0
2018-06-19,2.18,2.19,2.03,2.1,674600,0,0
2018-06-20,2.1,2.12,2.03,2.05,444700,0,0
2018-06-21,2.06,2.08,1.92,1.98,682800,0,0
2018-06-22,1.98,2.02,1.85,1.95,2441900,0,0
2018-06-25,1.97,1.99,1.88,1.92,459000,0,0
2018-06-26,1.91,1.98,1.72,1.74,1525200,0,0
2018-06-27,1.55,1.73,1.3,1.7,4795300,0,0
2018-06-28,1.7,1.7,1.51,1.58,1015300,0,0
2018-06-29,1.59,1.66,1.55,1.56,741800,0,0
2018-07-02,1.54,1.58,1.5,1.56,360300,0,0
2018-07-03,1.58,1.58,1.56,1.57,357300,0,0
2018-07-05,1.55,1.75,1.55,1.69,1685900,0,0
2018-07-06,1.7,1.74,1.61,1.63,806800,0,0
2018-07-09,1.65,1.71,1.57,1.59,701700,0,0
2018-07-10,1.59,1.64,1.57,1.58,366800,0,0
2018-07-11,1.58,1.62,1.55,1.6,580800,0,0
2018-07-12,1.62,1.68,1.58,1.64,1061900,0,0
2018-07-13,1.65,1.68,1.64,1.67,290100,0,0
2018-07-16,1.68,1.68,1.55,1.57,579400,0,0
2018-07-17,1.57,1.62,1.55,1.56,389100,0,0
2018-07-18,1.57,1.61,1.42,1.5,1229200,0,0
2018-07-19,1.47,1.55,1.45,1.51,461700,0,0
2018-07-20,1.5,1.54,1.47,1.51,518800,0,0
2018-07-23,1.52,1.55,1.49,1.52,411000,0,0
2018-07-24,1.53,1.57,1.5,1.5,355900,0,0
2018-07-25,1.51,1.53,1.48,1.49,493700,0,0
2018-07-26,1.51,1.52,1.48,1.5,348700,0,0
2018-07-27,1.51,1.51,1.36,1.41,806300,0,0
2018-07-30,1.6,1.66,1.46,1.55,3513300,0,0
2018-07-31,1.55,1.58,1.43,1.47,682100,0,0
2018-08-01,1.49,1.52,1.45,1.5,501600,0,0
2018-08-02,1.47,1.52,1.47,1.51,504800,0,0
2018-08-03,1.5,1.52,1.4,1.41,552800,0,0
2018-08-06,1.34,1.44,1.21,1.44,950300,0,0
2018-08-07,1.43,1.47,1.37,1.42,263400,0,0
2018-08-08,1.41,1.42,1.37,1.39,354700,0,0
2018-08-09,1.38,1.41,1.36,1.37,180000,0,0
2018-08-10,1.37,1.41,1.34,1.4,275800,0,0
2018-08-13,1.4,1.42,1.31,1.32,291600,0,0
2018-08-14,1.33,1.39,1.29,1.31,367400,0,0
2018-08-15,1.3,1.34,1.27,1.3,333000,0,0
2018-08-16,1.31,1.35,1.3,1.34,305800,0,0
2018-08-17,1.33,1.33,1.28,1.31,155600,0,0
2018-08-20,1.32,1.33,1.27,1.27,261800,0,0
2018-08-21,1.28,1.29,1.23,1.27,600300,0,0
2018-08-22,1.27,1.32,1.23,1.31,458900,0,0
2018-08-23,1.29,1.34,1.28,1.29,286600,0,0
2018-08-24,1.29,1.34,1.27,1.29,170800,0,0
2018-08-27,1.29,1.32,1.26,1.26,194400,0,0
2018-08-28,1.26,1.29,1.25,1.28,287400,0,0
2018-08-29,1.27,1.29,1.26,1.27,250500,0,0
2018-08-30,1.29,1.32,1.27,1.29,210600,0,0
2018-08-31,1.28,1.34,1.28,1.31,287800,0,0
2018-09-04,1.31,1.33,1.28,1.29,205000,0,0
2018-09-05,1.29,1.31,1.27,1.28,213900,0,0
2018-09-06,1.28,1.29,1.2,1.21,276000,0,0
2018-09-07,1.22,1.24,1.16,1.2,242900,0,0
2018-09-10,1.22,1.29,1.22,1.27,310200,0,0
2018-09-11,1.26,1.26,1.21,1.24,190300,0,0
2018-09-12,1.25,1.27,1.21,1.22,269500,0,0
2018-09-13,1.21,1.23,1.14,1.17,256600,0,0
2018-09-14,1.16,1.21,1.14,1.14,195900,0,0
2018-09-17,1.15,1.17,1.1,1.11,217600,0,0
2018-09-18,1.19,1.24,1.11,1.13,286000,0,0
2018-09-19,1.12,1.18,1.09,1.1,184900,0,0
2018-09-20,1.1,1.13,1.07,1.1,300900,0,0
2018-09-21,1.08,1.1,1.02,1.07,893000,0,0
2018-09-24,1.07,1.09,1.06,1.06,290800,0,0
2018-09-25,1.07,1.14,1.06,1.12,440500,0,0
2018-09-26,1.15,1.23,1.15,1.2,390200,0,0
2018-09-27,1.23,1.23,1.08,1.11,389300,0,0
2018-09-28,1.12,1.15,1.09,1.1,268600,0,0
2018-10-01,1.1,1.15,1.06,1.08,225100,0,0
2018-10-02,1.11,1.12,1.05,1.05,248600,0,0
2018-10-03,1.05,1.1,1.02,1.1,366300,0,0
2018-10-04,1.11,1.12,1.05,1.06,245900,0,0
2018-10-05,1.06,1.09,1.04,1.05,258200,0,0
2018-10-08,1.06,1.08,1.04,1.07,192800,0,0
2018-10-09,1.06,1.08,1.04,1.04,181900,0,0
2018-10-10,1.04,1.06,0.95,0.95,382200,0,0
2018-10-11,0.95,1.0,0.92,0.96,298900,0,0
2018-10-12,0.98,1.02,0.96,0.97,216300,0,0
2018-10-15,0.99,1.0,0.94,0.97,209500,0,0
2018-10-16,0.97,1.0,0.93,0.96,371800,0,0
2018-10-17,0.95,1.08,0.93,1.05,311600,0,0
2018-10-18,1.04,1.07,1.01,1.02,188200,0,0
2018-10-19,0.98,1.07,0.98,1.04,402000,0,0
2018-10-22,1.04,1.05,0.96,0.98,236700,0,0
2018-10-23,0.97,1.01,0.95,1.0,204100,0,0
2018-10-24,1.01,1.01,0.94,0.94,203000,0,0
2018-10-25,0.97,1.04,0.97,1.01,324300,0,0
2018-10-26,1.01,1.03,0.97,0.99,151800,0,0
2018-10-29,1.01,1.05,0.98,1.01,186500,0,0
2018-10-30,1.01,1.09,0.95,1.07,335000,0,0
2018-10-31,1.09,1.1,0.98,1.0,325100,0,0
2018-11-01,1.02,1.06,0.98,1.04,134500,0,0
2018-11-02,1.04,1.05,0.95,1.0,277200,0,0
2018-11-05,1.0,1.06,0.97,0.98,226800,0,0
2018-11-06,0.97,1.0,0.95,0.97,185200,0,0
2018-11-07,0.97,1.02,0.97,1.02,395600,0,0
2018-11-08,1.0,1.02,0.88,0.94,505500,0,0
2018-11-09,0.95,0.97,0.91,0.91,517400,0,0
2018-11-12,0.93,0.93,0.88,0.91,365800,0,0
2018-11-13,0.93,0.93,0.84,0.86,326000,0,0
2018-11-14,0.89,0.91,0.86,0.89,161800,0,0
2018-11-15,0.88,0.93,0.85,0.92,262000,0,0
2018-11-16,0.91,0.93,0.87,0.89,138400,0,0
2018-11-19,0.9,0.95,0.85,0.85,300100,0,0
2018-11-20,0.9,0.9,0.82,0.83,287100,0,0
2018-11-21,0.84,0.87,0.82,0.85,177300,0,0
2018-11-23,0.83,0.85,0.8,0.84,275700,0,0
2018-11-26,0.82,0.91,0.8,0.8,408200,0,0
2018-11-27,0.8,0.83,0.79,0.81,246200,0,0
2018-11-28,0.83,0.89,0.81,0.87,220400,0,0
2018-11-29,0.86,0.98,0.86,0.94,388500,0,0
2018-11-30,0.97,0.98,0.87,0.89,320500,0,0
2018-12-03,0.94,0.94,0.82,0.84,290700,0,0
2018-12-04,0.86,0.87,0.84,0.84,210100,0,0
2018-12-06,0.84,0.88,0.8,0.8,421300,0,0
2018-12-07,0.81,0.84,0.78,0.78,326100,0,0
2018-12-10,0.8,0.8,0.76,0.77,321500,0,0
2018-12-11,0.81,0.81,0.74,0.75,311300,0,0
2018-12-12,0.75,0.77,0.74,0.76,493400,0,0
2018-12-13,0.75,0.8,0.7,0.73,361500,0,0
2018-12-14,0.73,0.75,0.69,0.69,564800,0,0
2018-12-17,0.71,0.71,0.65,0.67,471800,0,0
2018-12-18,0.68,0.68,0.64,0.64,377400,0,0
2018-12-19,0.64,0.68,0.62,0.64,324100,0,0
2018-12-20,0.65,0.65,0.58,0.59,639600,0,0
2018-12-21,0.58,0.62,0.52,0.53,903400,0,0
2018-12-24,0.53,0.56,0.5,0.52,720900,0,0
2018-12-26,0.52,0.55,0.5,0.52,708600,0,0
2018-12-27,0.53,0.55,0.52,0.53,567500,0,0
2018-12-28,0.53,0.53,0.46,0.5,794600,0,0
2018-12-31,0.5,0.51,0.48,0.48,1074300,0,0
2019-01-02,0.48,0.56,0.48,0.54,558200,0,0
2019-01-03,0.53,0.56,0.51,0.51,192600,0,0
2019-01-04,0.53,0.69,0.51,0.65,1115300,0,0
2019-01-07,0.55,0.64,0.55,0.57,921700,0,0
2019-01-08,0.57,0.59,0.55,0.56,334200,0,0
2019-01-09,0.56,0.63,0.56,0.63,462300,0,0
2019-01-10,0.63,0.63,0.6,0.62,273300,0,0
2019-01-11,0.62,0.65,0.62,0.63,234800,0,0
2019-01-14,0.64,0.64,0.6,0.62,174500,0,0
2019-01-15,0.61,0.65,0.59,0.63,467600,0,0
2019-01-16,0.62,0.7,0.62,0.63,700800,0,0
2019-01-17,0.62,0.63,0.6,0.6,627400,0,0
2019-01-18,0.6,0.62,0.57,0.58,486400,0,0
2019-01-22,0.6,0.62,0.58,0.59,391100,0,0
2019-01-23,0.6,0.62,0.56,0.58,356100,0,0
2019-01-24,0.6,0.6,0.58,0.59,176000,0,0
2019-01-25,0.59,0.62,0.59,0.61,243500,0,0
2019-01-28,0.6,0.62,0.56,0.57,455100,0,0
2019-01-29,0.58,0.61,0.57,0.59,421900,0,0
2019-01-30,0.6,0.62,0.59,0.61,269100,0,0
2019-01-31,0.59,0.63,0.59,0.61,393600,0,0
2019-02-01,0.62,0.63,0.61,0.61,142900,0,0
2019-02-04,0.61,0.65,0.61,0.63,328800,0,0
2019-02-05,0.65,0.66,0.63,0.63,238600,0,0
2019-02-06,0.62,0.64,0.61,0.63,156400,0,0
2019-02-07,0.63,0.64,0.63,0.63,186300,0,0
2019-02-08,0.65,0.65,0.61,0.61,189800,0,0
2019-02-11,0.64,0.64,0.61,0.61,150800,0,0
2019-02-12,0.65,0.68,0.64,0.68,348600,0,0
2019-02-13,0.66,0.69,0.65,0.67,188000,0,0
2019-02-14,0.69,0.71,0.66,0.69,235800,0,0
2019-02-15,0.7,0.76,0.69,0.74,781100,0,0
2019-02-19,0.9,0.9,0.77,0.78,480400,0,0
2019-02-20,0.78,0.8,0.72,0.73,464000,0,0
2019-02-21,0.73,0.77,0.73,0.75,230500,0,0
2019-02-22,0.78,0.8,0.75,0.79,240500,0,0
2019-02-25,0.79,0.8,0.75,0.78,260300,0,0
2019-02-26,0.8,0.82,0.78,0.8,314100,0,0
2019-02-27,0.82,0.84,0.8,0.81,487500,0,0
2019-02-28,0.8,0.81,0.78,0.79,210300,0,0
2019-03-01,0.8,0.83,0.78,0.82,258700,0,0
2019-03-04,0.83,0.83,0.78,0.78,201000,0,0
2019-03-05,0.79,0.79,0.76,0.77,207700,0,0
2019-03-06,0.78,0.78,0.71,0.71,364300,0,0
2019-03-07,0.7,0.73,0.67,0.67,302200,0,0
2019-03-08,0.75,0.77,0.65,0.69,772200,0,0
2019-03-11,0.71,0.76,0.68,0.75,520900,0,0
2019-03-12,0.75,0.81,0.75,0.8,566700,0,0
2019-03-13,0.8,0.83,0.78,0.82,602300,0,0
2019-03-14,0.84,0.84,0.77,0.78,333300,0,0
2019-03-15,0.79,0.79,0.72,0.75,728000,0,0
2019-03-18,0.78,0.78,0.75,0.75,234900,0,0
2019-03-19,0.76,0.8,0.74,0.75,242500,0,0
2019-03-20,0.76,0.79,0.73,0.75,201800,0,0
2019-03-21,0.76,0.78,0.71,0.73,309700,0,0
2019-03-22,0.73,0.76,0.69,0.7,335100,0,0
2019-03-25,0.7,0.7,0.68,0.68,253200,0,0
2019-03-26,0.71,0.71,0.62,0.64,421200,0,0
2019-03-27,0.65,0.68,0.6,0.63,297700,0,0
2019-03-28,0.64,0.67,0.63,0.65,140800,0,0
2019-03-29,0.67,0.68,0.62,0.63,277200,0,0
2019-04-01,0.64,0.66,0.61,0.61,423600,0,0
2019-04-02,0.63,0.63,0.61,0.62,223200,0,0
2019-04-03,0.62,0.65,0.61,0.65,760800,0,0
2019-04-04,0.65,0.7,0.65,0.66,191200,0,0
2019-04-05,0.65,0.68,0.65,0.68,200100,0,0
2019-04-08,0.68,0.68,0.64,0.66,134900,0,0
2019-04-09,0.66,0.68,0.65,0.66,93400,0,0
2019-04-10,0.66,0.68,0.66,0.68,275500,0,0
2019-04-11,0.67,0.7,0.67,0.67,216400,0,0
2019-04-12,0.67,0.69,0.66,0.66,296400,0,0
2019-04-15,0.66,0.66,0.61,0.61,436200,0,0
2019-04-16,0.63,0.64,0.6,0.6,200200,0,0
2019-04-17,0.61,0.62,0.57,0.58,282100,0,0
2019-04-18,0.57,0.59,0.57,0.57,273000,0,0
2019-04-22,0.59,0.6,0.55,0.57,211300,0,0
2019-04-23,0.56,0.58,0.56,0.57,215500,0,0
2019-04-24,0.58,0.6,0.56,0.56,145400,0,0
2019-04-25,0.56,0.59,0.55,0.56,171200,0,0
2019-04-26,0.59,0.59,0.52,0.55,746700,0,0
2019-04-29,0.54,0.58,0.54,0.56,229700,0,0
2019-04-30,0.57,0.57,0.55,0.55,478800,0,0
2019-05-01,0.57,0.57,0.55,0.55,293400,0,0
2019-05-02,0.56,0.56,0.52,0.53,299500,0,0
2019-05-03,0.55,0.84,0.53,0.79,4335800,0,0
2019-05-06,0.82,0.9,0.76,0.78,2969600,0,0
2019-05-07,0.79,0.88,0.71,0.8,2466600,0,0
2019-05-08,0.75,0.87,0.72,0.86,2359900,0,0
2019-05-09,0.85,0.87,0.72,0.77,993500,0,0
2019-05-10,0.83,0.83,0.72,0.72,329900,0,0
2019-05-13,0.72,0.72,0.65,0.7,491900,0,0
2019-05-14,0.73,0.73,0.67,0.67,399600,0,0
2019-05-15,0.69,0.71,0.64,0.69,348600,0,0
2019-05-16,0.7,0.77,0.69,0.74,343700,0,0
2019-05-17,0.74,0.77,0.69,0.75,359700,0,0
2019-05-20,0.71,0.75,0.71,0.73,161200,0,0
2019-05-21,0.73,0.75,0.7,0.72,251500,0,0
2019-05-22,0.71,0.73,0.7,0.72,377100,0,0
2019-05-23,0.7,0.7,0.6,0.6,749300,0,0
2019-05-24,0.64,0.68,0.6,0.6,1039600,0,0
2019-05-28,0.6,0.6,0.56,0.56,530700,0,0
2019-05-29,0.58,0.58,0.53,0.54,604400,0,0
2019-05-30,0.54,0.58,0.52,0.53,1187200,0,0
2019-05-31,0.52,0.58,0.5,0.55,568900,0,0
2019-06-03,0.55,0.58,0.53,0.57,246300,0,0
2019-06-04,0.58,0.65,0.56,0.63,721300,0,0
2019-06-05,0.62,0.64,0.55,0.55,325000,0,0
2019-06-06,0.56,0.57,0.55,0.55,236900,0,0
2019-06-07,0.57,0.58,0.51,0.52,473400,0,0
2019-06-10,0.53,0.56,0.53,0.53,431400,0,0
2019-06-11,0.55,0.55,0.5,0.52,676900,0,0
2019-06-12,0.53,0.55,0.5,0.53,768100,0,0
2019-06-13,0.55,0.55,0.52,0.52,506300,0,0
2019-06-14,0.54,0.55,0.51,0.52,347800,0,0
2019-06-17,0.52,0.53,0.51,0.51,501100,0,0
2019-06-18,0.53,0.58,0.53,0.56,723800,0,0
2019-06-19,0.56,0.6,0.56,0.58,641600,0,0
2019-06-20,0.6,0.62,0.54,0.58,1549300,0,0
2019-06-21,0.57,0.62,0.55,0.61,1252800,0,0
2019-06-24,0.62,0.76,0.61,0.63,1950600,0,0
2019-06-25,0.66,0.7,0.65,0.66,997100,0,0
2019-06-26,0.68,0.71,0.66,0.68,1689000,0,0
2019-06-27,0.7,0.74,0.65,0.66,1211500,0,0
2019-06-28,0.7,0.7,0.63,0.65,16317500,0,0
2019-07-01,0.67,0.7,0.6,0.61,668500,0,0
2019-07-02,0.64,0.68,0.61,0.67,471700,0,0
2019-07-03,0.67,0.7,0.65,0.68,246500,0,0
2019-07-05,0.71,0.71,0.67,0.67,254300,0,0
2019-07-08,0.68,0.7,0.67,0.68,204900,0,0
2019-07-09,0.69,0.69,0.67,0.67,305900,0,0
2019-07-10,0.7,0.7,0.67,0.68,259800,0,0
2019-07-11,0.67,0.67,0.64,0.66,394800,0,0
2019-07-12,0.66,0.68,0.64,0.66,1072700,0,0
2019-07-15,0.68,0.69,0.67,0.68,381100,0,0
2019-07-16,0.68,0.69,0.68,0.69,168000,0,0
2019-07-17,0.69,0.75,0.69,0.7,661100,0,0
2019-07-18,0.7,0.71,0.67,0.67,266500,0,0
2019-07-19,0.69,0.73,0.69,0.73,363000,0,0
2019-07-22,0.8,1.05,0.8,0.97,13165100,0,0
2019-07-23,1.02,1.11,0.9,0.96,2802300,0,0
2019-07-24,1.0,1.01,0.93,1.0,583400,0,0
2019-07-25,0.96,0.99,0.93,0.96,627700,0,0
2019-07-26,0.97,0.99,0.93,0.98,1349100,0,0
2019-07-29,0.95,1.01,0.94,0.98,686600,0,0
2019-07-30,0.99,1.04,0.98,1.04,467000,0,0
2019-07-31,1.06,1.19,1.01,1.04,3419300,0,0
2019-08-01,1.04,1.18,1.04,1.09,1275100,0,0
2019-08-02,1.1,1.25,1.08,1.25,1511700,0,0
2019-08-05,1.25,1.28,1.2,1.27,970200,0,0
2019-08-06,1.29,1.49,1.29,1.44,2846600,0,0
2019-08-07,1.42,1.44,1.25,1.34,1311800,0,0
2019-08-08,1.34,1.48,1.34,1.43,804300,0,0
2019-08-09,1.41,1.46,1.3,1.44,827700,0,0
2019-08-12,1.42,1.44,1.37,1.44,653800,0,0
2019-08-13,1.42,1.44,1.35,1.36,729100,0,0
2019-08-14,1.34,1.36,1.3,1.31,541000,0,0
2019-08-15,1.31,1.35,1.22,1.3,1809900,0,0
2019-08-16,1.3,1.4,1.29,1.36,307600,0,0
2019-08-19,1.39,1.39,1.32,1.36,406200,0,0
2019-08-20,1.35,1.41,1.33,1.37,756600,0,0
2019-08-21,1.37,1.41,1.36,1.39,499600,0,0
2019-08-22,1.39,1.6,1.38,1.54,1881600,0,0
2019-08-23,1.51,1.63,1.49,1.57,717200,0,0
2019-08-26,1.61,1.66,1.57,1.64,867200,0,0
2019-08-27,1.67,1.68,1.5,1.61,1047800,0,0
2019-08-28,1.6,1.61,1.54,1.59,467800,0,0
2019-08-29,1.59,1.62,1.57,1.59,199600,0,0
2019-08-30,1.59,1.67,1.57,1.66,404400,0,0
2019-09-03,1.67,1.75,1.63,1.72,745700,0,0
2019-09-04,1.72,1.74,1.66,1.68,683300,0,0
2019-09-05,1.65,1.7,1.56,1.66,523500,0,0
2019-09-06,1.76,1.86,1.73,1.78,1300000,0,0
2019-09-09,1.82,1.88,1.8,1.83,1104100,0,0
2019-09-10,1.86,1.88,1.78,1.8,812100,0,0
2019-09-11,1.8,1.83,1.71,1.72,737600,0,0
2019-09-12,1.74,1.77,1.66,1.7,546800,0,0
2019-09-13,1.69,1.76,1.67,1.75,474500,0,0
2019-09-16,1.75,1.79,1.72,1.75,359900,0,0
2019-09-17,1.95,2.0,1.86,1.9,2340600,0,0
2019-09-18,1.94,1.96,1.83,1.94,930000,0,0
2019-09-19,1.94,1.96,1.89,1.9,680300,0,0
2019-09-20,1.92,2.19,1.9,2.14,2319300,0,0
2019-09-23,2.17,2.46,2.17,2.21,3169000,0,0
2019-09-24,2.25,2.3,2.07,2.19,1237400,0,0
2019-09-25,2.17,2.35,2.13,2.14,1147100,0,0
2019-09-26,2.16,2.24,2.08,2.18,935100,0,0
2019-09-27,2.18,2.24,1.96,1.98,1148700,0,0
2019-09-30,1.96,1.96,1.68,1.84,1656500,0,0
2019-10-01,1.81,1.87,1.69,1.69,1129200,0,0
2019-10-02,1.68,1.92,1.6,1.8,1554300,0,0
2019-10-03,1.79,1.85,1.72,1.83,759700,0,0
2019-10-04,1.82,1.88,1.8,1.87,399500,0,0
2019-10-07,1.84,1.91,1.81,1.85,204900,0,0
2019-10-08,1.85,1.85,1.79,1.82,435200,0,0
2019-10-09,1.81,1.85,1.77,1.77,806800,0,0
2019-10-10,1.77,1.81,1.76,1.78,282800,0,0
2019-10-11,1.79,1.82,1.68,1.7,689300,0,0
2019-10-14,1.68,1.82,1.61,1.8,996400,0,0
2019-10-15,1.79,1.89,1.79,1.85,359800,0,0
2019-10-16,1.85,1.89,1.82,1.87,216000,0,0
2019-10-17,1.86,2.04,1.86,1.96,567600,0,0
2019-10-18,1.95,2.03,1.93,1.99,563500,0,0
2019-10-21,2.0,2.02,1.88,1.98,689600,0,0
2019-10-22,1.96,2.09,1.91,1.98,671500,0,0
2019-10-23,1.94,1.97,1.91,1.95,324400,0,0
2019-10-24,1.92,1.95,1.86,1.92,279100,0,0
2019-10-25,1.89,1.91,1.83,1.88,290200,0,0
2019-10-28,1.87,1.94,1.86,1.88,305500,0,0
2019-10-29,1.88,1.94,1.86,1.9,273000,0,0
2019-10-30,1.9,1.93,1.77,1.82,508200,0,0
2019-10-31,1.81,1.85,1.81,1.84,234600,0,0
2019-11-01,1.84,1.88,1.83,1.84,227500,0,0
2019-11-04,1.86,1.94,1.86,1.92,389500,0,0
2019-11-05,1.94,1.94,1.81,1.9,466200,0,0
2019-11-06,1.9,1.92,1.88,1.9,284500,0,0
2019-11-07,1.9,1.93,1.83,1.86,383600,0,0
2019-11-08,1.86,1.94,1.85,1.9,651600,0,0
2019-11-11,1.92,2.16,1.89,2.1,2213300,0,0
2019-11-12,2.05,2.14,1.95,2.0,2515700,0,0
2019-11-13,2.03,2.08,1.99,2.03,503500,0,0
2019-11-14,2.04,2.04,1.89,1.91,652400,0,0
2019-11-15,1.91,1.95,1.81,1.94,721300,0,0
2019-11-18,1.96,1.99,1.86,1.89,493400,0,0
2019-11-19,1.91,1.94,1.86,1.87,532600,0,0
2019-11-20,1.9,1.9,1.78,1.81,683800,0,0
2019-11-21,1.81,1.84,1.72,1.78,603700,0,0
2019-11-22,1.8,1.93,1.77,1.91,679100,0,0
2019-11-25,1.95,1.97,1.88,1.95,674400,0,0
2019-11-26,1.95,1.98,1.9,1.96,552700,0,0
2019-11-27,1.98,2.09,1.96,2.09,692000,0,0
2019-11-29,2.06,2.14,2.05,2.13,431400,0,0
2019-12-02,2.12,2.22,2.11,2.19,1066600,0,0
2019-12-03,2.19,2.24,2.13,2.2,763200,0,0
2019-12-04,2.18,2.2,2.0,2.06,740900,0,0
2019-12-05,2.06,2.07,1.96,1.99,565900,0,0
2019-12-06,2.01,2.02,1.95,1.96,525400,0,0
2019-12-09,1.95,1.96,1.88,1.91,573200,0,0
2019-12-10,1.89,1.95,1.85,1.89,544800,0,0
2019-12-11,1.89,1.94,1.86,1.91,716000,0,0
2019-12-12,1.93,1.99,1.89,1.93,435700,0,0
2019-12-13,1.94,1.98,1.9,1.94,367100,0,0
2019-12-16,1.95,1.97,1.87,1.88,566200,0,0
2019-12-17,1.9,2.03,1.86,1.99,597500,0,0
2019-12-18,1.97,2.21,1.96,2.13,1203200,0,0
2019-12-19,2.13,2.34,2.1,2.26,1252300,0,0
2019-12-20,2.29,2.42,2.26,2.41,1610600,0,0
2019-12-23,2.45,3.0,2.45,2.97,3624700,0,0
2019-12-24,3.02,3.19,2.83,3.0,1785100,0,0
2019-12-26,3.05,3.45,3.02,3.27,2654800,0,0
2019-12-27,3.27,3.33,3.0,3.26,1938100,0,0
2019-12-30,3.3,3.73,3.23,3.53,3292700,0,0
2019-12-31,3.75,3.95,3.45,3.8,3055900,0,0
2020-01-02,2.5,2.88,2.05,2.62,7772100,0,0
2020-01-03,2.6,3.04,2.59,2.8,3885100,0,0
2020-01-06,2.85,3.03,2.8,2.85,2336000,0,0
2020-01-07,2.87,2.97,2.62,2.66,2238700,0,0
2020-01-08,2.67,2.82,2.67,2.76,1764000,0,0
2020-01-09,2.71,2.75,2.48,2.57,1727800,0,0
2020-01-10,2.58,2.7,2.42,2.68,1675800,0,0
2020-01-13,2.75,2.77,2.4,2.44,1993200,0,0
2020-01-14,2.38,2.61,2.32,2.46,2695100,0,0
2020-01-15,2.55,2.69,2.44,2.54,3933500,0,0
2020-01-16,2.54,2.54,2.54,2.54,0,0,0
2020-01-17,2.09,2.6,1.9,2.51,5649000,0,0
2020-01-21,2.39,2.49,2.05,2.11,2764800,0,0
2020-01-22,2.17,2.18,2.07,2.13,1945500,0,0
2020-01-23,2.15,2.16,2.06,2.1,1201000,0,0
2020-01-24,2.11,2.13,1.93,2.0,1593300,0,0
2020-01-27,1.88,2.01,1.81,1.98,1682300,0,0
2020-01-28,2.0,2.12,1.97,2.0,911400,0,0
2020-01-29,2.02,2.15,1.99,2.12,1254100,0,0
2020-01-30,2.07,2.09,1.91,1.94,1184200,0,0
2020-01-31,1.97,2.01,1.89,1.92,1597700,0,0
2020-02-03,1.88,1.98,1.86,1.89,930900,0,0
2020-02-04,1.92,1.96,1.68,1.72,2053300,0,0
2020-02-05,1.73,1.76,1.67,1.7,959600,0,0
2020-02-06,1.7,1.72,1.57,1.63,1239800,0,0
2020-02-07,1.68,1.69,1.57,1.59,1592900,0,0
2020-02-10,1.6,1.81,1.59,1.77,1031500,0,0
2020-02-11,1.83,2.18,1.81,2.12,3109900,0,0
2020-02-12,2.15,2.2,2.0,2.06,1317800,0,0
2020-02-13,2.04,2.17,2.0,2.1,896700,0,0
2020-02-14,2.1,2.14,1.91,1.96,939400,0,0
2020-02-18,1.99,2.07,1.97,2.0,550800,0,0
2020-02-19,2.01,2.11,1.96,2.06,606100,0,0
2020-02-20,2.07,2.16,2.05,2.08,620800,0,0
2020-02-21,2.07,2.25,2.05,2.17,976200,0,0
2020-02-24,2.12,2.23,2.06,2.09,1201200,0,0
2020-02-25,2.05,2.13,1.86,1.86,1232600,0,0
2020-02-26,1.9,1.95,1.85,1.92,507100,0,0
2020-02-27,1.87,1.88,1.76,1.78,1024000,0,0
2020-02-28,1.67,1.82,1.6,1.77,968400,0,0
2020-03-02,1.78,1.95,1.75,1.91,584000,0,0
2020-03-03,1.97,2.03,1.66,1.72,1046700,0,0
2020-03-04,2.0,2.04,1.85,1.94,1045800,0,0
2020-03-05,1.96,1.98,1.86,1.89,865700,0,0
2020-03-06,1.88,2.21,1.81,2.05,1686700,0,0
2020-03-09,1.93,2.01,1.83,1.95,1048000,0,0
2020-03-10,2.01,2.06,1.86,1.88,609800,0,0
2020-03-11,1.89,1.9,1.63,1.65,1283300,0,0
2020-03-12,1.5,1.58,1.33,1.5,1465300,0,0
2020-03-13,1.55,1.57,1.36,1.5,1845400,0,0
2020-03-16,1.39,1.39,1.11,1.11,1865400,0,0
2020-03-17,1.19,1.25,1.07,1.13,1581600,0,0
2020-03-18,1.11,1.12,0.95,0.97,1599100,0,0
2020-03-19,1.0,1.15,0.96,1.0,1650400,0,0
2020-03-20,1.07,1.4,1.0,1.19,1960100,0,0
2020-03-23,1.25,1.3,1.19,1.27,994200,0,0
2020-03-24,1.33,1.43,1.3,1.4,744800,0,0
2020-03-25,1.49,1.49,1.27,1.29,993100,0,0
2020-03-26,1.29,1.54,1.29,1.5,927100,0,0
2020-03-27,1.42,1.57,1.38,1.56,560500,0,0
2020-03-30,1.58,1.58,1.39,1.5,657500,0,0
2020-03-31,1.46,1.59,1.46,1.55,576700,0,0
2020-04-01,1.49,1.61,1.41,1.54,627900,0,0
2020-04-02,1.55,1.64,1.4,1.43,572900,0,0
2020-04-03,1.45,1.46,1.25,1.33,661400,0,0
2020-04-06,1.42,1.54,1.4,1.45,586200,0,0
2020-04-07,1.47,1.55,1.44,1.53,545400,0,0
2020-04-08,1.53,1.57,1.46,1.57,415700,0,0
2020-04-09,1.6,1.83,1.56,1.75,1166200,0,0
2020-04-13,1.78,1.94,1.67,1.9,594100,0,0
2020-04-14,1.95,2.12,1.93,2.02,1176300,0,0
2020-04-15,1.97,1.98,1.83,1.94,728300,0,0
2020-04-16,1.96,2.04,1.85,1.87,673700,0,0
2020-04-17,1.97,2.0,1.9,1.95,606400,0,0
2020-04-20,1.9,2.08,1.9,1.97,688800,0,0
2020-04-21,1.96,1.97,1.82,1.84,657600,0,0
2020-04-22,1.86,1.97,1.83,1.93,363900,0,0
2020-04-23,1.92,2.03,1.92,1.97,378400,0,0
2020-04-24,1.96,2.07,1.96,2.04,614900,0,0
2020-04-27,2.06,2.12,2.04,2.1,780100,0,0
2020-04-28,2.16,2.26,2.08,2.2,895900,0,0
2020-04-29,2.21,2.34,2.18,2.23,776800,0,0
2020-04-30,2.22,2.29,2.09,2.13,853900,0,0
2020-05-01,2.11,2.16,1.93,1.97,693500,0,0
2020-05-04,1.99,2.09,1.93,2.04,472200,0,0
2020-05-05,2.08,2.2,2.08,2.15,603300,0,0
2020-05-06,2.15,2.19,2.0,2.02,490400,0,0
2020-05-07,2.05,2.17,1.92,2.16,869200,0,0
2020-05-08,2.15,2.23,2.1,2.22,728200,0,0
2020-05-11,2.25,2.5,2.24,2.25,1390700,0,0
2020-05-12,2.47,2.86,2.31,2.73,3443000,0,0
2020-05-13,2.75,2.96,2.43,2.56,2259000,0,0
2020-05-14,2.48,2.59,2.39,2.46,918300,0,0
2020-05-15,2.45,2.52,2.38,2.42,760500,0,0
2020-05-18,2.44,2.51,2.29,2.46,786900,0,0
2020-05-19,2.47,2.58,2.41,2.42,715500,0,0
2020-05-20,2.46,2.53,2.46,2.51,953800,0,0
2020-05-21,2.54,2.63,2.49,2.52,754800,0,0
2020-05-22,2.5,2.6,2.45,2.47,977000,0,0
2020-05-26,2.53,2.79,2.47,2.66,2153900,0,0
2020-05-27,2.74,2.75,2.5,2.6,1271100,0,0
2020-05-28,2.41,2.55,2.36,2.38,1364700,0,0
2020-05-29,2.37,2.47,2.17,2.34,3289100,0,0
2020-06-01,2.49,2.54,2.28,2.45,1396000,0,0
2020-06-02,2.49,2.5,2.36,2.44,882200,0,0
2020-06-03,2.5,2.51,2.41,2.45,1209100,0,0
2020-06-04,2.4,2.42,2.23,2.27,1601700,0,0
2020-06-05,2.33,2.45,2.29,2.41,1400500,0,0
2020-06-08,2.41,2.46,2.37,2.38,1244900,0,0
2020-06-09,2.39,2.57,2.36,2.52,1439300,0,0
2020-06-10,2.5,2.59,2.3,2.33,1413900,0,0
2020-06-11,2.3,2.35,2.08,2.14,1353500,0,0
2020-06-12,2.19,2.36,2.19,2.24,1059600,0,0
2020-06-15,2.21,2.37,2.16,2.33,1461600,0,0
2020-06-16,2.37,2.42,2.32,2.36,754200,0,0
2020-06-17,2.36,2.4,2.31,2.33,523700,0,0
2020-06-18,2.35,2.4,2.25,2.26,857600,0,0
2020-06-19,2.28,2.43,2.25,2.4,1182700,0,0
2020-06-22,2.44,2.44,2.29,2.42,1044700,0,0
2020-06-23,2.43,2.55,2.38,2.39,1063100,0,0
2020-06-24,2.39,2.47,2.22,2.3,1693600,0,0
2020-06-25,2.31,2.88,2.29,2.76,5307200,0,0
2020-06-26,2.77,2.78,2.41,2.45,25420600,0,0
2020-06-29,2.35,2.51,2.3,2.5,2431800,0,0
2020-06-30,2.47,2.47,2.25,2.32,2867800,0,0
2020-07-01,2.39,2.41,2.21,2.25,2429400,0,0
2020-07-02,2.3,2.3,2.18,2.24,1450000,0,0
2020-07-06,2.24,2.29,2.12,2.13,1264700,0,0
2020-07-07,2.14,2.25,2.09,2.17,1136100,0,0
2020-07-08,2.17,2.23,2.14,2.21,1296600,0,0
2020-07-09,2.21,2.24,2.06,2.17,1666600,0,0
2020-07-10,2.18,2.18,2.02,2.1,1032700,0,0
2020-07-13,2.14,2.15,2.01,2.01,1076200,0,0
2020-07-14,2.02,2.15,1.92,2.14,1258800,0,0
2020-07-15,2.2,2.29,2.14,2.23,1153400,0,0
2020-07-16,2.2,2.22,2.11,2.19,646500,0,0
2020-07-17,2.14,2.22,2.14,2.19,723100,0,0
2020-07-20,2.2,2.29,2.12,2.17,1495900,0,0
2020-07-21,2.2,2.22,2.08,2.1,1235700,0,0
2020-07-22,2.1,2.11,2.04,2.09,828600,0,0
2020-07-23,2.09,2.11,2.01,2.05,878600,0,0
2020-07-24,2.04,2.07,2.01,2.01,680900,0,0
2020-07-27,2.04,2.09,2.01,2.06,559500,0,0
2020-07-28,2.03,2.08,1.97,1.98,610800,0,0
2020-07-29,1.99,2.0,1.9,1.97,851200,0,0
2020-07-30,1.96,1.99,1.92,1.94,856600,0,0
2020-07-31,2.09,2.11,1.93,1.96,1621400,0,0
2020-08-03,2.04,2.35,2.01,2.35,5255200,0,0
2020-08-04,2.49,2.49,2.2,2.32,3005500,0,0
2020-08-05,2.29,2.39,2.25,2.33,1818100,0,0
2020-08-06,2.4,2.44,2.23,2.33,2430300,0,0
2020-08-07,2.31,2.49,2.3,2.33,2345900,0,0
2020-08-10,2.39,2.39,2.25,2.34,1308600,0,0
2020-08-11,2.4,2.41,2.28,2.3,1125900,0,0
2020-08-12,2.37,2.37,2.27,2.31,894500,0,0
2020-08-13,2.28,2.33,2.27,2.3,699400,0,0
2020-08-14,2.28,2.31,2.24,2.27,615300,0,0
2020-08-17,2.29,2.38,2.26,2.34,980200,0,0
2020-08-18,2.36,2.37,2.29,2.29,815900,0,0
2020-08-19,2.31,2.34,2.27,2.3,733300,0,0
2020-08-20,2.3,2.31,2.2,2.21,543700,0,0
2020-08-21,2.22,2.24,2.03,2.07,1176900,0,0
2020-08-24,2.11,2.11,1.96,2.05,1575100,0,0
2020-08-25,2.06,2.07,1.94,1.96,959400,0,0
2020-08-26,1.97,2.06,1.95,1.99,1043700,0,0
2020-08-27,2.03,2.03,1.85,1.89,1284800,0,0
2020-08-28,1.9,1.92,1.81,1.82,1036000,0,0
2020-08-31,1.84,1.85,1.73,1.74,1176000,0,0
2020-09-01,1.74,1.76,1.65,1.67,1246100,0,0
2020-09-02,1.65,1.79,1.57,1.79,1821200,0,0
2020-09-03,1.79,1.79,1.65,1.7,1040900,0,0
2020-09-04,1.73,1.74,1.52,1.62,1082400,0,0
2020-09-08,1.65,1.76,1.57,1.68,908000,0,0
2020-09-09,1.69,1.69,1.62,1.64,890800,0,0
2020-09-10,1.66,1.7,1.6,1.61,648300,0,0
2020-09-11,1.61,1.65,1.57,1.6,654100,0,0
2020-09-14,1.61,1.78,1.59,1.76,699200,0,0
2020-09-15,1.78,1.84,1.74,1.77,647200,0,0
2020-09-16,1.78,1.84,1.75,1.77,743000,0,0
2020-09-17,1.77,1.83,1.74,1.76,493000,0,0
2020-09-18,1.82,1.85,1.71,1.85,1316600,0,0
2020-09-21,1.81,1.81,1.7,1.75,960500,0,0
2020-09-22,1.76,1.77,1.69,1.76,585100,0,0
2020-09-23,1.74,1.8,1.69,1.69,1057000,0,0
2020-09-24,1.67,1.72,1.62,1.65,628700,0,0
2020-09-25,1.65,1.8,1.65,1.77,893300,0,0
2020-09-28,1.77,1.78,1.68,1.74,871800,0,0
2020-09-29,1.72,1.76,1.67,1.75,558400,0,0
2020-09-30,1.73,1.78,1.69,1.71,735000,0,0
2020-10-01,1.73,1.81,1.72,1.75,780400,0,0
2020-10-02,1.71,1.82,1.71,1.81,543600,0,0
2020-10-05,1.84,1.91,1.83,1.89,807300,0,0
2020-10-06,1.9,1.95,1.75,1.75,768800,0,0
2020-10-07,1.78,2.06,1.78,1.97,1654800,0,0
2020-10-08,2.08,2.1,1.92,1.93,952100,0,0
2020-10-09,1.97,2.0,1.87,1.89,491300,0,0
2020-10-12,1.94,2.02,1.89,1.96,822300,0,0
2020-10-13,1.96,2.02,1.88,2.01,776500,0,0
2020-10-14,2.02,2.02,1.9,1.91,652900,0,0
2020-10-15,1.91,1.93,1.79,1.81,1228100,0,0
2020-10-16,1.8,1.92,1.78,1.86,778400,0,0
2020-10-19,1.86,1.89,1.77,1.81,644400,0,0
2020-10-20,1.85,1.87,1.81,1.87,482200,0,0
2020-10-21,1.85,1.91,1.84,1.87,605400,0,0
2020-10-22,1.88,1.9,1.84,1.88,516500,0,0
2020-10-23,1.9,1.97,1.87,1.93,540800,0,0
2020-10-26,1.91,1.95,1.84,1.87,520900,0,0
2020-10-27,1.84,1.86,1.77,1.79,601400,0,0
2020-10-28,1.78,1.79,1.69,1.78,845000,0,0
2020-10-29,1.76,1.79,1.71,1.76,530800,0,0
2020-10-30,1.85,1.85,1.75,1.81,660900,0,0
2020-11-02,1.8,1.82,1.68,1.77,718700,0,0
2020-11-03,1.67,1.72,1.59,1.65,1237600,0,0
2020-11-04,1.69,1.77,1.66,1.75,549900,0,0
2020-11-05,1.76,1.77,1.67,1.69,566700,0,0
2020-11-06,1.68,1.76,1.62,1.71,898700,0,0
2020-11-09,1.74,1.85,1.71,1.78,795000,0,0
2020-11-10,1.78,1.82,1.72,1.8,874700,0,0
2020-11-11,1.82,1.84,1.74,1.77,778500,0,0
2020-11-12,1.75,1.77,1.68,1.71,624900,0,0
2020-11-13,1.73,1.82,1.69,1.79,1488000,0,0
2020-11-16,1.81,1.83,1.8,1.82,853700,0,0
2020-11-17,1.82,1.84,1.72,1.8,949300,0,0
2020-11-18,1.79,1.83,1.72,1.72,802600,0,0
2020-11-19,1.76,1.78,1.7,1.71,513100,0,0
2020-11-20,1.7,1.72,1.68,1.7,627300,0,0
2020-11-23,1.72,1.74,1.66,1.72,765200,0,0
2020-11-24,1.72,1.83,1.72,1.83,1039100,0,0
2020-11-25,1.81,1.91,1.77,1.86,621600,0,0
2020-11-27,1.8,1.87,1.77,1.82,358300,0,0
2020-11-30,1.82,1.91,1.78,1.85,919400,0,0
2020-12-01,1.85,1.87,1.8,1.83,445600,0,0
2020-12-02,1.82,1.84,1.76,1.83,395300,0,0
2020-12-03,1.82,1.84,1.79,1.82,350500,0,0
2020-12-04,1.81,1.94,1.79,1.92,887300,0,0
2020-12-07,1.92,2.03,1.86,1.93,2154200,0,0
2020-12-08,1.94,2.03,1.92,2.02,1028500,0,0
2020-12-09,2.04,2.07,1.92,1.98,797100,0,0
2020-12-10,1.99,2.04,1.93,2.01,611500,0,0
2020-12-11,2.0,2.03,1.96,2.0,414400,0,0
2020-12-14,2.03,2.1,2.0,2.03,736600,0,0
2020-12-15,2.05,2.17,2.01,2.12,767700,0,0
2020-12-16,2.13,2.17,2.05,2.13,1644800,0,0
2020-12-17,2.15,2.47,2.12,2.43,2409200,0,0
2020-12-18,2.35,2.42,2.27,2.29,2513100,0,0
2020-12-21,2.26,2.35,2.2,2.24,995500,0,0
2020-12-22,2.24,2.31,2.22,2.23,505600,0,0
2020-12-23,2.24,2.27,2.18,2.22,636600,0,0
2020-12-24,2.22,2.24,2.13,2.15,289200,0,0
2020-12-28,2.2,2.24,2.1,2.1,491300,0,0
2020-12-29,2.12,2.13,1.98,2.08,833900,0,0
2020-12-30,2.07,2.17,2.07,2.14,348100,0,0
2020-12-31,2.14,2.14,2.05,2.07,379700,0,0
2021-01-04,2.16,2.16,2.05,2.1,585100,0,0
2021-01-05,2.11,2.14,2.02,2.05,806500,0,0
2021-01-06,2.09,2.19,2.07,2.15,1033900,0,0
2021-01-07,2.12,2.13,2.05,2.12,804500,0,0
2021-01-08,2.11,2.15,2.05,2.09,563100,0,0
2021-01-11,2.07,2.13,2.04,2.09,474600,0,0
2021-01-12,2.09,2.12,2.06,2.12,436800,0,0
2021-01-13,2.16,2.17,2.04,2.08,522500,0,0
2021-01-14,2.11,2.13,2.04,2.11,886100,0,0
2021-01-15,2.1,2.13,2.02,2.03,721100,0,0
2021-01-19,2.07,2.14,2.04,2.08,1192400,0,0
2021-01-20,2.15,2.34,2.13,2.2,1940300,0,0
2021-01-21,2.27,2.3,2.19,2.22,541700,0,0
2021-01-22,2.21,2.25,2.14,2.25,883700,0,0
2021-01-25,2.33,2.4,2.22,2.39,1642200,0,0
2021-01-26,2.39,2.4,2.29,2.3,645500,0,0
2021-01-27,2.25,2.32,2.12,2.19,1185600,0,0
2021-01-28,2.23,2.25,2.15,2.15,750100,0,0
2021-01-29,2.15,2.18,2.02,2.06,1293600,0,0
2021-02-01,2.09,2.12,2.04,2.1,771600,0,0
2021-02-02,2.74,2.85,2.42,2.48,10775300,0,0
2021-02-03,2.59,2.95,2.56,2.87,5849800,0,0
2021-02-04,2.4,2.6,2.35,2.42,10945900,0,0
2021-02-05,2.57,2.7,2.43,2.45,5850400,0,0
2021-02-08,2.53,2.61,2.35,2.56,4443700,0,0
2021-02-09,2.63,2.65,2.55,2.58,2696800,0,0
2021-02-10,2.62,2.65,2.38,2.49,2350900,0,0
2021-02-11,2.76,2.8,2.52,2.67,7313400,0,0
2021-02-12,2.62,2.76,2.57,2.6,2905700,0,0
2021-02-16,2.66,2.85,2.52,2.73,9377400,0,0
2021-02-17,2.76,2.82,2.6,2.66,4388900,0,0
2021-02-18,2.66,2.69,2.42,2.59,5278500,0,0
2021-02-19,2.58,2.6,2.45,2.54,2798000,0,0
2021-02-22,2.54,2.68,2.49,2.55,3459300,0,0
2021-02-23,2.4,2.41,2.15,2.25,3668800,0,0
2021-02-24,2.29,2.39,2.22,2.34,1967200,0,0
2021-02-25,2.37,2.39,2.25,2.27,2491900,0,0
2021-02-26,2.26,2.3,2.12,2.22,2377700,0,0
2021-03-01,2.21,2.3,2.17,2.23,1609000,0,0
2021-03-02,2.23,2.34,2.22,2.31,1781000,0,0
2021-03-03,2.31,2.34,2.15,2.16,1801000,0,0
2021-03-04,2.14,2.17,1.96,2.03,3287100,0,0
2021-03-05,2.1,2.1,1.85,2.05,2316500,0,0
2021-03-08,2.1,2.1,1.98,2.03,1509400,0,0
2021-03-09,2.07,2.18,2.06,2.13,1271400,0,0
2021-03-10,2.18,2.2,2.1,2.12,983900,0,0
2021-03-11,2.15,2.21,2.13,2.21,948600,0,0
2021-03-12,2.15,2.23,2.15,2.22,1044900,0,0
2021-03-15,2.26,2.4,2.21,2.37,1504500,0,0
2021-03-16,2.38,2.4,2.25,2.37,1231600,0,0
2021-03-17,2.36,2.36,2.25,2.32,930000,0,0
2021-03-18,2.31,2.36,2.2,2.21,925800,0,0
2021-03-19,2.23,2.33,2.21,2.24,3796500,0,0
2021-03-22,2.26,2.27,2.17,2.21,1253600,0,0
2021-03-23,2.2,2.2,2.05,2.07,1271900,0,0
2021-03-24,2.11,2.13,1.95,1.95,1234500,0,0
2021-03-25,1.95,2.04,1.89,2.02,1098200,0,0
2021-03-26,2.05,2.05,1.91,1.97,1129500,0,0
2021-03-29,1.93,1.97,1.85,1.86,1260700,0,0
2021-03-30,1.86,1.94,1.83,1.89,774300,0,0
2021-03-31,1.93,2.03,1.92,1.98,1075700,0,0
2021-04-01,1.99,2.04,1.98,2.02,668100,0,0
2021-04-05,2.05,2.05,1.93,1.94,673300,0,0
2021-04-06,1.94,1.95,1.88,1.9,620700,0,0
2021-04-07,1.9,1.92,1.8,1.81,1271100,0,0
2021-04-08,1.87,1.88,1.79,1.88,821700,0,0
2021-04-09,1.86,1.86,1.8,1.85,741700,0,0
2021-04-12,1.83,1.84,1.74,1.74,780300,0,0
2021-04-13,1.75,1.78,1.66,1.75,967600,0,0
2021-04-14,1.75,1.82,1.72,1.76,631400,0,0
2021-04-15,1.79,1.8,1.69,1.79,1268100,0,0
2021-04-16,1.78,1.78,1.66,1.71,1186400,0,0
2021-04-19,1.7,1.73,1.61,1.64,838900,0,0
2021-04-20,1.65,1.7,1.59,1.6,816300,0,0
2021-04-21,1.62,1.72,1.59,1.69,917800,0,0
2021-04-22,1.71,1.77,1.68,1.76,754900,0,0
2021-04-23,1.75,1.79,1.74,1.77,586000,0,0
2021-04-26,1.77,1.82,1.76,1.81,779000,0,0
2021-04-27,1.82,1.84,1.79,1.83,715100,0,0
2021-04-28,1.83,1.88,1.81,1.86,519400,0,0
2021-04-29,1.87,1.9,1.84,1.89,757000,0,0
2021-04-30,1.86,1.91,1.85,1.9,1111000,0,0
2021-05-03,1.93,1.93,1.84,1.92,976400,0,0
2021-05-04,1.92,1.92,1.77,1.79,948000,0,0
2021-05-05,1.86,1.9,1.76,1.77,853600,0,0
2021-05-06,1.77,1.78,1.69,1.72,747800,0,0
2021-05-07,1.72,1.78,1.72,1.76,351600,0,0
2021-05-10,1.76,1.77,1.67,1.68,605000,0,0
2021-05-11,1.66,1.74,1.64,1.72,622700,0,0
2021-05-12,1.69,1.74,1.67,1.67,705600,0,0
2021-05-13,1.67,1.73,1.66,1.68,588900,0,0
2021-05-14,1.7,1.75,1.68,1.72,431600,0,0
2021-05-17,1.72,1.75,1.7,1.75,617200,0,0
2021-05-18,1.75,1.78,1.74,1.76,400600,0,0
2021-05-19,1.74,1.75,1.69,1.71,360600,0,0
2021-05-20,1.71,1.74,1.68,1.72,344900,0,0
2021-05-21,1.75,1.75,1.7,1.71,280900,0,0
