Date,Open,High,Low,Close,Volume,Dividends,Stock Splits
1982-10-06,0.0,2.48,2.2,2.2,2000,0.0,0
1982-10-07,2.2,2.2,2.2,2.2,0,0.0,0
1982-10-08,2.2,2.2,2.2,2.2,0,0.0,0
1982-10-11,2.2,2.2,2.2,2.2,0,0.0,0
1982-10-12,0.0,2.48,2.34,2.34,8000,0.0,0
1982-10-13,0.0,2.7,2.56,2.56,9900,0.0,0
1982-10-14,0.0,2.7,2.56,2.56,13200,0.0,0
1982-10-15,2.56,2.56,2.56,2.56,0,0.0,0
1982-10-18,0.0,2.7,2.48,2.48,5000,0.0,0
1982-10-19,0.0,2.48,2.34,2.34,5200,0.0,0
1982-10-20,0.0,2.48,2.34,2.34,2300,0.0,0
1982-10-21,0.0,2.34,2.2,2.2,1600,0.0,0
1982-10-22,0.0,2.27,2.2,2.2,1200,0.0,0
1982-10-25,2.2,2.2,2.2,2.2,0,0.0,0
1982-10-26,2.2,2.2,2.2,2.2,0,0.0,0
1982-10-27,2.2,2.2,2.2,2.2,0,0.0,0
1982-10-28,2.2,2.2,2.2,2.2,0,0.0,0
1982-10-29,0.0,2.2,1.99,1.99,1500,0.0,0
1982-11-01,1.99,1.99,1.99,1.99,0,0.0,0
1982-11-02,1.99,1.99,1.99,1.99,0,0.0,0
1982-11-03,1.99,1.99,1.99,1.99,0,0.0,0
1982-11-04,0.0,2.13,1.99,1.99,1400,0.0,0
1982-11-05,0.0,2.2,1.99,1.99,3600,0.0,0
1982-11-08,1.99,1.99,1.99,1.99,0,0.0,0
1982-11-09,1.99,1.99,1.99,1.99,0,0.0,0
1982-11-10,1.99,1.99,1.99,1.99,0,0.0,0
1982-11-11,0.0,2.06,1.92,1.92,1700,0.0,0
1982-11-12,1.92,1.92,1.92,1.92,0,0.0,0
1982-11-15,1.92,1.92,1.92,1.92,0,0.0,0
1982-11-16,1.92,1.92,1.92,1.92,0,0.0,0
1982-11-17,1.92,1.92,1.92,1.92,0,0.0,0
1982-11-18,0.0,1.99,1.77,1.77,200,0.0,0
1982-11-19,1.77,1.77,1.77,1.77,0,0.0,0
1982-11-22,1.77,1.77,1.77,1.77,0,0.0,0
1982-11-23,0.0,1.77,1.63,1.63,1600,0.0,0
1982-11-24,1.63,1.63,1.63,1.63,0,0.0,0
1982-11-26,1.63,1.63,1.63,1.63,0,0.0,0
1982-11-29,0.0,1.77,1.56,1.56,1000,0.0,0
1982-11-30,1.56,1.56,1.56,1.56,0,0.0,0
1982-12-01,1.56,1.56,1.56,1.56,0,0.0,0
1982-12-02,1.56,1.56,1.56,1.56,0,0.0,0
1982-12-03,1.56,1.56,1.56,1.56,0,0.0,0
1982-12-06,1.56,1.56,1.56,1.56,0,0.0,0
1982-12-07,0.0,1.77,1.56,1.56,100,0.0,0
1982-12-08,1.56,1.56,1.56,1.56,0,0.0,0
1982-12-09,1.56,1.56,1.56,1.56,0,0.0,0
1982-12-10,0.0,1.77,1.56,1.56,400,0.0,0
1982-12-13,1.56,1.56,1.56,1.56,0,0.0,0
1982-12-14,1.56,1.56,1.56,1.56,0,0.0,0
1982-12-15,0.0,1.56,1.35,1.35,900,0.0,0
1982-12-16,0.0,1.56,1.35,1.35,100,0.0,0
1982-12-17,0.0,1.56,1.28,1.28,500,0.0,0
1982-12-20,0.0,1.49,1.28,1.28,4600,0.0,0
1982-12-21,0.0,1.49,1.28,1.28,500,0.0,0
1982-12-22,1.28,1.28,1.28,1.28,0,0.0,0
1982-12-23,0.0,1.49,1.28,1.28,200,0.0,0
1982-12-27,1.28,1.28,1.28,1.28,0,0.0,0
1982-12-28,1.28,1.28,1.28,1.28,0,0.0,0
1982-12-29,0.0,1.49,1.35,1.35,800,0.0,0
1982-12-30,1.35,1.35,1.35,1.35,0,0.0,0
1982-12-31,1.35,1.35,1.35,1.35,0,0.0,0
1983-01-03,1.35,1.35,1.35,1.35,0,0.0,0
1983-01-04,1.35,1.35,1.35,1.35,0,0.0,0
1983-01-05,0.0,1.77,1.63,1.63,400,0.0,0
1983-01-06,1.63,1.63,1.63,1.63,0,0.0,0
1983-01-07,0.0,2.2,1.92,1.92,2700,0.0,0
1983-01-10,0.0,2.56,2.27,2.27,3200,0.0,0
1983-01-11,2.27,2.27,2.27,2.27,0,0.0,0
1983-01-12,0.0,2.48,2.2,2.2,1100,0.0,0
1983-01-13,2.2,2.2,2.2,2.2,0,0.0,0
1983-01-14,2.2,2.2,2.2,2.2,0,0.0,0
1983-01-17,0.0,2.48,2.34,2.34,1700,0.0,0
1983-01-18,0.0,2.48,2.2,2.2,1200,0.0,0
1983-01-19,2.2,2.2,2.2,2.2,0,0.0,0
1983-01-20,2.2,2.2,2.2,2.2,0,0.0,0
1983-01-21,0.0,2.27,2.13,2.13,1000,0.0,0
1983-01-24,2.13,2.13,2.13,2.13,0,0.0,0
1983-01-25,2.13,2.13,2.13,2.13,0,0.0,0
1983-01-26,2.13,2.13,2.13,2.13,0,0.0,0
1983-01-27,2.13,2.13,2.13,2.13,0,0.0,0
1983-01-28,0.0,2.34,2.2,2.2,3100,0.0,0
1983-01-31,0.0,2.48,2.34,2.34,16000,0.0,0
1983-02-01,0.0,2.48,2.34,2.34,5000,0.0,0
1983-02-02,0.0,2.48,2.34,2.34,2100,0.0,0
1983-02-03,0.0,2.63,2.41,2.41,9000,0.0,0
1983-02-04,0.0,2.63,2.41,2.41,3600,0.0,0
1983-02-07,0.0,2.56,2.34,2.34,4200,0.0,0
1983-02-08,0.0,2.56,2.34,2.34,700,0.0,0
1983-02-09,0.0,2.56,2.27,2.27,1100,0.0,0
1983-02-10,0.0,2.56,2.27,2.27,1100,0.0,0
1983-02-11,2.27,2.27,2.27,2.27,0,0.0,0
1983-02-14,2.27,2.27,2.27,2.27,0,0.0,0
1983-02-15,0.0,2.48,2.27,2.27,200,0.0,0
1983-02-16,2.27,2.27,2.27,2.27,0,0.0,0
1983-02-17,2.27,2.27,2.27,2.27,0,0.0,0
1983-02-18,2.27,2.27,2.27,2.27,0,0.0,0
1983-02-22,2.27,2.27,2.27,2.27,0,0.0,0
1983-02-23,2.27,2.27,2.27,2.27,0,0.0,0
1983-02-24,2.27,2.27,2.27,2.27,0,0.0,0
1983-02-25,2.27,2.27,2.27,2.27,0,0.0,0
1983-02-28,0.0,2.2,1.99,1.99,200,0.0,0
1983-03-01,1.99,1.99,1.99,1.99,0,0.0,0
1983-03-02,0.0,1.99,1.85,1.85,5400,0.0,0
1983-03-03,1.85,1.85,1.85,1.85,0,0.0,0
1983-03-04,1.85,1.85,1.85,1.85,0,0.0,0
1983-03-07,1.85,1.85,1.85,1.85,0,0.0,0
1983-03-08,1.85,1.85,1.85,1.85,0,0.0,0
1983-03-09,0.0,2.06,1.92,1.92,1200,0.0,0
1983-03-10,1.92,1.92,1.92,1.92,0,0.0,0
1983-03-11,1.92,1.92,1.92,1.92,0,0.0,0
1983-03-14,0.0,1.99,1.77,1.77,5000,0.0,0
1983-03-15,1.77,1.77,1.77,1.77,0,0.0,0
1983-03-16,1.77,1.77,1.77,1.77,0,0.0,0
1983-03-17,1.77,1.77,1.77,1.77,0,0.0,0
1983-03-18,1.77,1.77,1.77,1.77,0,0.0,0
1983-03-21,0.0,2.13,1.85,1.85,1000,0.0,0
1983-03-22,1.85,1.85,1.85,1.85,0,0.0,0
1983-03-23,1.85,1.85,1.85,1.85,0,0.0,0
1983-03-24,1.85,1.85,1.85,1.85,0,0.0,0
1983-03-25,1.85,1.85,1.85,1.85,0,0.0,0
1983-03-28,1.85,1.85,1.85,1.85,0,0.0,0
1983-03-29,1.85,1.85,1.85,1.85,0,0.0,0
1983-03-30,1.85,1.85,1.85,1.85,0,0.0,0
1983-03-31,1.85,1.85,1.85,1.85,0,0.0,0
1983-04-04,1.85,1.85,1.85,1.85,0,0.0,0
1983-04-05,1.85,1.85,1.85,1.85,0,0.0,0
1983-04-06,1.85,1.85,1.85,1.85,0,0.0,0
1983-04-07,1.85,1.85,1.85,1.85,0,0.0,0
1983-04-08,1.85,1.85,1.85,1.85,0,0.0,0
1983-04-11,1.85,1.85,1.85,1.85,0,0.0,0
1983-04-12,1.85,1.85,1.85,1.85,0,0.0,0
1983-04-13,0.0,1.92,1.67,1.67,1000,0.0,0
1983-04-14,1.67,1.67,1.67,1.67,0,0.0,0
1983-04-15,1.67,1.67,1.67,1.67,0,0.0,0
1983-04-18,1.67,1.67,1.67,1.67,0,0.0,0
1983-04-19,1.67,1.67,1.67,1.67,0,0.0,0
1983-04-20,1.67,1.67,1.67,1.67,0,0.0,0
1983-04-21,1.67,1.67,1.67,1.67,0,0.0,0
1983-04-22,1.67,1.67,1.67,1.67,0,0.0,0
1983-04-25,1.67,1.67,1.67,1.67,0,0.0,0
1983-04-26,0.0,1.92,1.7,1.7,1000,0.0,0
1983-04-27,0.0,1.92,1.7,1.7,1000,0.0,0
1983-04-28,0.0,1.99,1.7,1.7,1000,0.0,0
1983-04-29,1.7,1.7,1.7,1.7,0,0.0,0
1983-05-02,1.7,1.7,1.7,1.7,0,0.0,0
1983-05-03,0.0,1.92,1.7,1.7,1000,0.0,0
1983-05-04,0.0,1.92,1.63,1.63,1200,0.0,0
1983-05-05,0.0,1.92,1.63,1.63,200,0.0,0
1983-05-06,1.63,1.63,1.63,1.63,0,0.0,0
1983-05-09,1.63,1.63,1.63,1.63,0,0.0,0
1983-05-10,1.63,1.63,1.63,1.63,0,0.0,0
1983-05-11,0.0,1.92,1.63,1.63,300,0.0,0
1983-05-12,0.0,1.92,1.7,1.7,200,0.0,0
1983-05-13,0.0,2.2,2.06,2.06,1600,0.0,0
1983-05-16,0.0,2.41,2.2,2.2,7400,0.0,0
1983-05-17,0.0,2.84,2.63,2.63,4800,0.0,0
1983-05-18,0.0,2.98,2.7,2.7,16500,0.0,0
1983-05-19,0.0,2.84,2.56,2.56,700,0.0,0
1983-05-20,0.0,2.84,2.63,2.63,10800,0.0,0
1983-05-23,0.0,2.84,2.63,2.63,300,0.0,0
1983-05-24,0.0,2.77,2.56,2.56,3000,0.0,0
1983-05-25,2.56,2.56,2.56,2.56,0,0.0,0
1983-05-26,0.0,2.84,2.63,2.63,3700,0.0,0
1983-05-27,2.63,2.63,2.63,2.63,0,0.0,0
1983-05-31,0.0,2.7,2.48,2.48,1200,0.0,0
1983-06-01,2.48,2.48,2.48,2.48,0,0.0,0
1983-06-02,2.48,2.48,2.48,2.48,0,0.0,0
1983-06-03,2.48,2.48,2.48,2.48,0,0.0,0
1983-06-06,0.0,2.56,2.34,2.34,1000,0.0,0
1983-06-07,0.0,2.56,2.34,2.34,500,0.0,0
1983-06-08,2.34,2.34,2.34,2.34,0,0.0,0
1983-06-09,2.34,2.34,2.34,2.34,0,0.0,0
1983-06-10,2.34,2.34,2.34,2.34,0,0.0,0
1983-06-13,2.34,2.34,2.34,2.34,0,0.0,0
1983-06-14,2.34,2.34,2.34,2.34,0,0.0,0
1983-06-15,0.0,2.48,2.2,2.2,2900,0.0,0
1983-06-16,2.2,2.2,2.2,2.2,0,0.0,0
1983-06-17,2.2,2.2,2.2,2.2,0,0.0,0
1983-06-20,2.2,2.2,2.2,2.2,0,0.0,0
1983-06-21,2.2,2.2,2.2,2.2,0,0.0,0
1983-06-22,2.2,2.2,2.2,2.2,0,0.0,0
1983-06-23,0.0,2.34,2.13,2.13,400,0.0,0
1983-06-24,2.13,2.13,2.13,2.13,0,0.0,0
1983-06-27,2.13,2.13,2.13,2.13,0,0.0,0
1983-06-28,2.13,2.13,2.13,2.13,0,0.0,0
1983-06-29,2.13,2.13,2.13,2.13,0,0.0,0
1983-06-30,0.0,2.34,2.13,2.13,200,0.0,0
1983-07-01,2.13,2.13,2.13,2.13,0,0.0,0
1983-07-05,0.0,2.41,2.2,2.2,1500,0.0,0
1983-07-06,2.2,2.2,2.2,2.2,0,0.0,0
1983-07-07,0.0,2.41,2.13,2.13,100,0.0,0
1983-07-08,0.0,2.34,2.13,2.13,400,0.0,0
1983-07-11,0.0,2.34,2.2,2.2,2600,0.0,0
1983-07-12,2.2,2.2,2.2,2.2,0,0.0,0
1983-07-13,2.2,2.2,2.2,2.2,0,0.0,0
1983-07-14,0.0,2.27,1.99,1.99,900,0.0,0
1983-07-15,1.99,1.99,1.99,1.99,0,0.0,0
1983-07-18,1.99,1.99,1.99,1.99,0,0.0,0
1983-07-19,1.99,1.99,1.99,1.99,0,0.0,0
1983-07-20,1.99,1.99,1.99,1.99,0,0.0,0
1983-07-21,0.0,2.2,2.06,2.06,100,0.0,0
1983-07-22,2.06,2.06,2.06,2.06,0,0.0,0
1983-07-25,2.06,2.06,2.06,2.06,0,0.0,0
1983-07-26,2.06,2.06,2.06,2.06,0,0.0,0
1983-07-27,2.06,2.06,2.06,2.06,0,0.0,0
1983-07-28,2.06,2.06,2.06,2.06,0,0.0,0
1983-07-29,2.06,2.06,2.06,2.06,0,0.0,0
1983-08-01,0.0,2.2,1.99,1.99,200,0.0,0
1983-08-02,1.99,1.99,1.99,1.99,0,0.0,0
1983-08-03,1.99,1.99,1.99,1.99,0,0.0,0
1983-08-04,1.99,1.99,1.99,1.99,0,0.0,0
1983-08-05,1.99,1.99,1.99,1.99,0,0.0,0
1983-08-08,0.0,2.13,1.85,1.85,1000,0.0,0
1983-08-09,1.85,1.85,1.85,1.85,0,0.0,0
1983-08-10,0.0,2.48,2.41,2.41,400,0.0,0
1983-08-11,0.0,2.48,2.34,2.34,1500,0.0,0
1983-08-12,0.0,2.48,2.34,2.34,800,0.0,0
1983-08-15,0.0,2.48,2.34,2.34,300,0.0,0
1983-08-16,2.34,2.34,2.34,2.34,0,0.0,0
1983-08-17,0.0,2.41,2.2,2.2,4300,0.0,0
1983-08-18,0.0,2.34,2.2,2.2,3000,0.0,0
1983-08-19,2.2,2.2,2.2,2.2,0,0.0,0
1983-08-22,2.2,2.2,2.2,2.2,0,0.0,0
1983-08-23,2.2,2.2,2.2,2.2,0,0.0,0
1983-08-24,2.2,2.2,2.2,2.2,0,0.0,0
1983-08-25,2.2,2.2,2.2,2.2,0,0.0,0
1983-08-26,2.2,2.2,2.2,2.2,0,0.0,0
1983-08-29,0.0,2.41,2.2,2.2,1000,0.0,0
1983-08-30,0.0,2.41,2.27,2.27,1000,0.0,0
1983-08-31,2.27,2.27,2.27,2.27,0,0.0,0
1983-09-01,2.27,2.27,2.27,2.27,0,0.0,0
1983-09-02,2.27,2.27,2.27,2.27,0,0.0,0
1983-09-06,2.27,2.27,2.27,2.27,0,0.0,0
1983-09-07,2.27,2.27,2.27,2.27,0,0.0,0
1983-09-08,0.0,2.56,2.34,2.34,5000,0.0,0
1983-09-09,2.34,2.34,2.34,2.34,0,0.0,0
1983-09-12,0.0,2.56,2.34,2.34,400,0.0,0
1983-09-13,2.34,2.34,2.34,2.34,0,0.0,0
1983-09-14,2.34,2.34,2.34,2.34,0,0.0,0
1983-09-15,2.34,2.34,2.34,2.34,0,0.0,0
1983-09-16,0.0,2.41,2.13,2.13,3200,0.0,0
1983-09-19,0.0,2.27,2.13,2.13,2000,0.0,0
1983-09-20,2.13,2.13,2.13,2.13,0,0.0,0
1983-09-21,0.0,2.27,2.13,2.13,4200,0.0,0
1983-09-22,0.0,2.27,2.13,2.13,800,0.0,0
1983-09-23,0.0,2.27,2.2,2.2,500,0.0,0
1983-09-26,2.2,2.2,2.2,2.2,0,0.0,0
1983-09-27,0.0,2.34,2.2,2.2,6500,0.0,0
1983-09-28,2.2,2.2,2.2,2.2,0,0.0,0
1983-09-29,0.0,2.34,2.2,2.2,2500,0.0,0
1983-09-30,0.0,2.34,2.2,2.2,800,0.0,0
1983-10-03,0.0,2.27,2.06,2.06,2500,0.0,0
1983-10-04,2.06,2.06,2.06,2.06,0,0.0,0
1983-10-05,2.06,2.06,2.06,2.06,0,0.0,0
1983-10-06,2.06,2.06,2.06,2.06,0,0.0,0
1983-10-07,0.0,2.27,1.99,1.99,1000,0.0,0
1983-10-10,1.99,1.99,1.99,1.99,0,0.0,0
1983-10-11,1.99,1.99,1.99,1.99,0,0.0,0
1983-10-12,0.0,2.27,1.99,1.99,400,0.0,0
1983-10-13,0.0,2.27,2.06,2.06,500,0.0,0
1983-10-14,0.0,2.41,2.2,2.2,5200,0.0,0
1983-10-17,2.2,2.2,2.2,2.2,0,0.0,0
1983-10-18,0.0,2.41,2.2,2.2,300,0.0,0
1983-10-19,0.0,2.34,2.13,2.13,200,0.0,0
1983-10-20,2.13,2.13,2.13,2.13,0,0.0,0
1983-10-21,0.0,2.34,2.13,2.13,700,0.0,0
1983-10-24,0.0,2.27,2.06,2.06,400,0.0,0
1983-10-25,0.0,2.27,2.13,2.13,500,0.0,0
1983-10-26,0.0,2.27,2.13,2.13,200,0.0,0
1983-10-27,2.13,2.13,2.13,2.13,0,0.0,0
1983-10-28,0.0,2.27,2.06,2.06,300,0.0,0
1983-10-31,0.0,2.27,2.06,2.06,200,0.0,0
1983-11-01,0.0,2.27,2.06,2.06,400,0.0,0
1983-11-02,0.0,2.34,2.2,2.2,1800,0.0,0
1983-11-03,2.2,2.2,2.2,2.2,0,0.0,0
1983-11-04,0.0,2.34,2.2,2.2,3200,0.0,0
1983-11-07,2.2,2.2,2.2,2.2,0,0.0,0
1983-11-08,0.0,2.41,2.2,2.2,200,0.0,0
1983-11-09,0.0,2.27,2.2,2.2,9200,0.0,0
1983-11-10,0.0,2.27,2.2,2.2,700,0.0,0
1983-11-11,0.0,2.27,2.2,2.2,200,0.0,0
1983-11-14,2.2,2.2,2.2,2.2,0,0.0,0
1983-11-15,0.0,2.2,1.99,1.99,7000,0.0,0
1983-11-16,0.0,2.2,1.99,1.99,10600,0.0,0
1983-11-17,0.0,2.27,2.13,2.13,1100,0.0,0
1983-11-18,2.13,2.13,2.13,2.13,0,0.0,0
1983-11-21,0.0,2.27,2.13,2.13,800,0.0,0
1983-11-22,2.13,2.13,2.13,2.13,0,0.0,0
1983-11-23,2.13,2.13,2.13,2.13,0,0.0,0
1983-11-25,2.13,2.13,2.13,2.13,0,0.0,0
1983-11-28,0.0,2.27,2.13,2.13,200,0.0,0
1983-11-29,2.13,2.13,2.13,2.13,0,0.0,0
1983-11-30,0.0,2.27,2.2,2.2,1000,0.0,0
1983-12-01,2.2,2.2,2.2,2.2,0,0.0,0
1983-12-02,0.0,2.41,2.13,2.13,200,0.0,0
1983-12-05,0.0,2.41,2.13,2.13,500,0.0,0
1983-12-06,2.13,2.13,2.13,2.13,0,0.0,0
1983-12-07,2.13,2.13,2.13,2.13,0,0.0,0
1983-12-08,0.0,2.41,2.13,2.13,1000,0.0,0
1983-12-09,0.0,2.27,2.13,2.13,300,0.0,0
1983-12-12,0.0,2.2,2.06,2.06,3000,0.0,0
1983-12-13,0.0,2.2,1.99,1.99,8000,0.0,0
1983-12-14,0.0,2.2,2.06,2.06,1000,0.0,0
1983-12-15,0.0,2.27,2.06,2.06,1100,0.0,0
1983-12-16,0.0,2.27,2.06,2.06,1000,0.0,0
1983-12-19,0.0,2.27,2.13,2.13,1000,0.0,0
1983-12-20,0.0,2.34,2.13,2.13,2000,0.0,0
1983-12-21,0.0,2.34,2.13,2.13,1000,0.0,0
1983-12-22,2.13,2.13,2.13,2.13,0,0.0,0
1983-12-23,0.0,2.34,2.13,2.13,2500,0.0,0
1983-12-27,0.0,2.41,2.13,2.13,400,0.0,0
1983-12-28,0.0,2.41,2.13,2.13,300,0.0,0
1983-12-29,2.13,2.13,2.13,2.13,0,0.0,0
1983-12-30,2.13,2.13,2.13,2.13,0,0.0,0
1984-01-03,2.13,2.13,2.13,2.13,0,0.0,0
1984-01-04,0.0,2.34,2.13,2.13,2300,0.0,0
1984-01-05,0.0,2.34,2.13,2.13,2800,0.0,0
1984-01-06,2.13,2.13,2.13,2.13,0,0.0,0
1984-01-09,0.0,2.7,2.41,2.41,2800,0.0,0
1984-01-10,0.0,2.7,2.41,2.41,200,0.0,0
1984-01-11,2.41,2.41,2.41,2.41,0,0.0,0
1984-01-12,0.0,2.84,2.7,2.7,5700,0.0,0
1984-01-13,2.7,2.7,2.7,2.7,0,0.0,0
1984-01-16,0.0,2.84,2.63,2.63,100,0.0,0
1984-01-17,0.0,2.84,2.56,2.56,1100,0.0,0
1984-01-18,0.0,2.84,2.56,2.56,400,0.0,0
1984-01-19,0.0,2.77,2.56,2.56,1000,0.0,0
1984-01-20,0.0,2.7,2.48,2.48,1100,0.0,0
1984-01-23,0.0,2.63,2.34,2.34,800,0.0,0
1984-01-24,0.0,2.56,2.34,2.34,1000,0.0,0
1984-01-25,2.34,2.34,2.34,2.34,0,0.0,0
1984-01-26,0.0,2.56,2.34,2.34,900,0.0,0
1984-01-27,0.0,2.48,2.34,2.34,2500,0.0,0
1984-01-30,2.34,2.34,2.34,2.34,0,0.0,0
1984-01-31,2.34,2.34,2.34,2.34,0,0.0,0
1984-02-01,0.0,2.48,2.27,2.27,1000,0.0,0
1984-02-02,0.0,2.48,2.27,2.27,2000,0.0,0
1984-02-03,0.0,2.41,2.27,2.27,200,0.0,0
1984-02-06,2.27,2.27,2.27,2.27,0,0.0,0
1984-02-07,2.27,2.27,2.27,2.27,0,0.0,0
1984-02-08,2.27,2.27,2.27,2.27,0,0.0,0
1984-02-09,2.27,2.27,2.27,2.27,0,0.0,0
1984-02-10,2.27,2.27,2.27,2.27,0,0.0,0
1984-02-13,0.0,2.2,1.92,1.92,1200,0.0,0
1984-02-14,1.92,1.92,1.92,1.92,0,0.0,0
1984-02-15,1.92,1.92,1.92,1.92,0,0.0,0
1984-02-16,1.92,1.92,1.92,1.92,0,0.0,0
1984-02-17,1.92,1.92,1.92,1.92,0,0.0,0
1984-02-21,1.92,1.92,1.92,1.92,0,0.0,0
1984-02-22,0.0,1.99,1.85,1.85,3000,0.0,0
1984-02-23,0.0,2.06,1.77,1.77,300,0.0,0
1984-02-24,1.77,1.77,1.77,1.77,0,0.0,0
1984-02-27,1.77,1.77,1.77,1.77,0,0.0,0
1984-02-28,0.0,2.06,1.85,1.85,100,0.0,0
1984-02-29,1.85,1.85,1.85,1.85,0,0.0,0
1984-03-01,0.0,2.06,1.92,1.92,1000,0.0,0
1984-03-02,0.0,2.2,1.99,1.99,2000,0.0,0
1984-03-05,0.0,2.27,2.06,2.06,2000,0.0,0
1984-03-06,2.06,2.06,2.06,2.06,0,0.0,0
1984-03-07,2.06,2.06,2.06,2.06,0,0.0,0
1984-03-08,2.06,2.06,2.06,2.06,0,0.0,0
1984-03-09,0.0,2.02,1.85,1.85,1000,0.0,0
1984-03-12,0.0,1.92,1.7,1.7,4000,0.0,0
1984-03-13,0.0,1.99,1.77,1.77,100,0.0,0
1984-03-14,1.77,1.77,1.77,1.77,0,0.0,0
1984-03-15,0.0,1.99,1.77,1.77,1000,0.0,0
1984-03-16,1.77,1.77,1.77,1.77,0,0.0,0
1984-03-19,1.77,1.77,1.77,1.77,0,0.0,0
1984-03-20,0.0,1.85,1.7,1.7,2900,0.0,0
1984-03-21,1.7,1.7,1.7,1.7,0,0.0,0
1984-03-22,1.7,1.7,1.7,1.7,0,0.0,0
1984-03-23,1.7,1.7,1.7,1.7,0,0.0,0
1984-03-26,1.7,1.7,1.7,1.7,0,0.0,0
1984-03-27,0.0,1.85,1.56,1.56,2000,0.0,0
1984-03-28,0.0,1.85,1.56,1.56,200,0.0,0
1984-03-29,0.0,1.85,1.56,1.56,800,0.0,0
1984-03-30,0.0,1.85,1.56,1.56,500,0.0,0
1984-04-02,1.56,1.56,1.56,1.56,0,0.0,0
1984-04-03,1.56,1.56,1.56,1.56,0,0.0,0
1984-04-04,1.56,1.56,1.56,1.56,0,0.0,0
1984-04-05,1.56,1.56,1.56,1.56,0,0.0,0
1984-04-06,1.56,1.56,1.56,1.56,0,0.0,0
1984-04-09,0.0,1.77,1.56,1.56,2600,0.0,0
1984-04-10,1.56,1.56,1.56,1.56,0,0.0,0
1984-04-11,1.56,1.56,1.56,1.56,0,0.0,0
1984-04-12,1.56,1.56,1.56,1.56,0,0.0,0
1984-04-13,1.56,1.56,1.56,1.56,0,0.0,0
1984-04-16,0.0,1.7,1.49,1.49,2100,0.0,0
1984-04-17,1.49,1.49,1.49,1.49,0,0.0,0
1984-04-18,0.0,1.77,1.56,1.56,500,0.0,0
1984-04-19,1.56,1.56,1.56,1.56,0,0.0,0
1984-04-23,1.56,1.56,1.56,1.56,0,0.0,0
1984-04-24,0.0,1.77,1.63,1.63,200,0.0,0
1984-04-25,1.63,1.63,1.63,1.63,0,0.0,0
1984-04-26,0.0,1.77,1.56,1.56,500,0.0,0
1984-04-27,1.56,1.56,1.56,1.56,0,0.0,0
1984-04-30,1.56,1.56,1.56,1.56,0,0.0,0
1984-05-01,0.0,1.85,1.56,1.56,1000,0.0,0
1984-05-02,1.56,1.56,1.56,1.56,0,0.0,0
1984-05-03,0.0,1.7,1.56,1.56,500,0.0,0
1984-05-04,1.56,1.56,1.56,1.56,0,0.0,0
1984-05-07,0.0,1.77,1.49,1.49,900,0.0,0
1984-05-08,1.49,1.49,1.49,1.49,0,0.0,0
1984-05-09,1.49,1.49,1.49,1.49,0,0.0,0
1984-05-10,0.0,1.56,1.28,1.28,1500,0.0,0
1984-05-11,0.0,1.49,1.28,1.28,100,0.0,0
1984-05-14,1.28,1.28,1.28,1.28,0,0.0,0
1984-05-15,1.28,1.28,1.28,1.28,0,0.0,0
1984-05-16,1.28,1.28,1.28,1.28,0,0.0,0
1984-05-17,1.28,1.28,1.28,1.28,0,0.0,0
1984-05-18,1.28,1.28,1.28,1.28,0,0.0,0
1984-05-21,1.28,1.28,1.28,1.28,0,0.0,0
1984-05-22,1.28,1.28,1.28,1.28,0,0.0,0
1984-05-23,1.28,1.28,1.28,1.28,0,0.0,0
1984-05-24,1.28,1.28,1.28,1.28,0,0.0,0
1984-05-25,1.28,1.28,1.28,1.28,0,0.0,0
1984-05-29,1.28,1.28,1.28,1.28,0,0.0,0
1984-05-30,0.0,1.56,1.35,1.35,3100,0.0,0
1984-05-31,1.35,1.35,1.35,1.35,0,0.0,0
1984-06-01,0.0,1.63,1.42,1.42,500,0.0,0
1984-06-04,1.42,1.42,1.42,1.42,0,0.0,0
1984-06-05,1.42,1.42,1.42,1.42,0,0.0,0
1984-06-06,1.42,1.42,1.42,1.42,0,0.0,0
1984-06-07,0.0,1.56,1.38,1.38,1000,0.0,0
1984-06-08,1.38,1.38,1.38,1.38,0,0.0,0
1984-06-11,1.38,1.38,1.38,1.38,0,0.0,0
1984-06-12,0.0,1.49,1.31,1.31,900,0.0,0
1984-06-13,1.31,1.31,1.31,1.31,0,0.0,0
1984-06-14,1.31,1.31,1.31,1.31,0,0.0,0
1984-06-15,0.0,1.42,1.21,1.21,2000,0.0,0
1984-06-18,1.21,1.21,1.21,1.21,0,0.0,0
1984-06-19,0.0,1.35,1.21,1.21,800,0.0,0
1984-06-20,1.21,1.21,1.21,1.21,0,0.0,0
1984-06-21,0.0,1.42,1.21,1.21,300,0.0,0
1984-06-22,1.21,1.21,1.21,1.21,0,0.0,0
1984-06-25,1.21,1.21,1.21,1.21,0,0.0,0
1984-06-26,1.21,1.21,1.21,1.21,0,0.0,0
1984-06-27,1.21,1.21,1.21,1.21,0,0.0,0
1984-06-28,1.21,1.21,1.21,1.21,0,0.0,0
1984-06-29,0.0,1.21,0.99,0.99,2000,0.0,0
1984-07-02,0.99,0.99,0.99,0.99,0,0.0,0
1984-07-03,0.99,0.99,0.99,0.99,0,0.0,0
1984-07-05,0.99,0.99,0.99,0.99,0,0.0,0
1984-07-06,0.99,0.99,0.99,0.99,0,0.0,0
1984-07-09,0.99,0.99,0.99,0.99,0,0.0,0
1984-07-10,0.99,0.99,0.99,0.99,0,0.0,0
1984-07-11,0.99,0.99,0.99,0.99,0,0.0,0
1984-07-12,0.99,0.99,0.99,0.99,0,0.0,0
1984-07-13,0.99,0.99,0.99,0.99,0,0.0,0
1984-07-16,0.99,0.99,0.99,0.99,0,0.0,0
1984-07-17,0.99,0.99,0.99,0.99,0,0.0,0
1984-07-18,0.99,0.99,0.99,0.99,0,0.0,0
1984-07-19,0.99,0.99,0.99,0.99,0,0.0,0
1984-07-20,0.0,0.99,0.96,0.96,500,0.0,0
1984-07-23,0.0,0.96,0.71,0.71,300,0.0,0
1984-07-24,0.71,0.71,0.71,0.71,0,0.0,0
1984-07-25,0.71,0.71,0.71,0.71,0,0.0,0
1984-07-26,0.0,0.89,0.75,0.75,500,0.0,0
1984-07-27,0.0,0.89,0.71,0.71,1100,0.0,0
1984-07-30,0.71,0.71,0.71,0.71,0,0.0,0
1984-07-31,0.71,0.71,0.71,0.71,0,0.0,0
1984-08-01,0.0,0.85,0.75,0.75,8200,0.0,0
1984-08-02,0.0,0.92,0.85,0.85,5700,0.0,0
1984-08-03,0.0,1.35,1.21,1.21,2100,0.0,0
1984-08-06,0.0,1.49,1.28,1.28,8500,0.0,0
1984-08-07,0.0,1.35,1.06,1.06,4700,0.0,0
1984-08-08,1.06,1.06,1.06,1.06,0,0.0,0
1984-08-09,0.0,1.21,1.06,1.06,1200,0.0,0
1984-08-10,1.06,1.06,1.06,1.06,0,0.0,0
1984-08-13,1.06,1.06,1.06,1.06,0,0.0,0
1984-08-14,1.06,1.06,1.06,1.06,0,0.0,0
1984-08-15,1.06,1.06,1.06,1.06,0,0.0,0
1984-08-16,1.06,1.06,1.06,1.06,0,0.0,0
1984-08-17,1.06,1.06,1.06,1.06,0,0.0,0
1984-08-20,1.06,1.06,1.06,1.06,0,0.0,0
1984-08-21,1.06,1.06,1.06,1.06,0,0.0,0
1984-08-22,1.06,1.06,1.06,1.06,0,0.0,0
1984-08-23,1.06,1.06,1.06,1.06,0,0.0,0
1984-08-24,1.06,1.06,1.06,1.06,0,0.0,0
1984-08-27,1.06,1.06,1.06,1.06,0,0.0,0
1984-08-28,1.06,1.06,1.06,1.06,0,0.0,0
1984-08-29,1.06,1.06,1.06,1.06,0,0.0,0
1984-08-30,1.06,1.06,1.06,1.06,0,0.0,0
1984-08-31,1.06,1.06,1.06,1.06,0,0.0,0
1984-09-04,1.06,1.06,1.06,1.06,0,0.0,0
1984-09-05,1.06,1.06,1.06,1.06,0,0.0,0
1984-09-06,1.06,1.06,1.06,1.06,0,0.0,0
1984-09-07,1.06,1.06,1.06,1.06,0,0.0,0
1984-09-10,1.06,1.06,1.06,1.06,0,0.0,0
1984-09-11,0.0,1.14,0.92,0.92,100,0.0,0
1984-09-12,0.92,0.92,0.92,0.92,0,0.0,0
1984-09-13,0.92,0.92,0.92,0.92,0,0.0,0
1984-09-14,0.92,0.92,0.92,0.92,0,0.0,0
1984-09-17,0.92,0.92,0.92,0.92,0,0.0,0
1984-09-18,0.92,0.92,0.92,0.92,0,0.0,0
1984-09-19,0.92,0.92,0.92,0.92,0,0.0,0
1984-09-20,0.92,0.92,0.92,0.92,0,0.0,0
1984-09-21,0.92,0.92,0.92,0.92,0,0.0,0
1984-09-24,0.92,0.92,0.92,0.92,0,0.0,0
1984-09-25,0.92,0.92,0.92,0.92,0,0.0,0
1984-09-26,0.92,0.92,0.92,0.92,0,0.0,0
1984-09-27,0.92,0.92,0.92,0.92,0,0.0,0
1984-09-28,0.92,0.92,0.92,0.92,0,0.0,0
1984-10-01,0.92,0.92,0.92,0.92,0,0.0,0
1984-10-02,0.92,0.92,0.92,0.92,0,0.0,0
1984-10-03,0.92,0.92,0.92,0.92,0,0.0,0
1984-10-04,0.92,0.92,0.92,0.92,0,0.0,0
1984-10-05,0.92,0.92,0.92,0.92,0,0.0,0
1984-10-08,0.92,0.92,0.92,0.92,0,0.0,0
1984-10-09,0.92,0.92,0.92,0.92,0,0.0,0
1984-10-10,0.92,0.92,0.92,0.92,0,0.0,0
1984-10-11,0.92,0.92,0.92,0.92,0,0.0,0
1984-10-12,0.92,0.92,0.92,0.92,0,0.0,0
1984-10-15,0.92,0.92,0.92,0.92,0,0.0,0
1984-10-16,0.92,0.92,0.92,0.92,0,0.0,0
1984-10-17,0.92,0.92,0.92,0.92,0,0.0,0
1984-10-18,0.92,0.92,0.92,0.92,0,0.0,0
1984-10-19,0.92,0.92,0.92,0.92,0,0.0,0
1984-10-22,0.92,0.92,0.92,0.92,0,0.0,0
1984-10-23,0.92,0.92,0.92,0.92,0,0.0,0
1984-10-24,0.92,0.92,0.92,0.92,0,0.0,0
1984-10-25,0.92,0.92,0.92,0.92,0,0.0,0
1984-10-26,0.92,0.92,0.92,0.92,0,0.0,0
1984-10-29,0.0,1.35,1.1,1.1,3000,0.0,0
1984-10-30,0.0,1.35,1.1,1.1,900,0.0,0
1984-10-31,1.1,1.1,1.1,1.1,0,0.0,0
1984-11-01,1.1,1.1,1.1,1.1,0,0.0,0
1984-11-02,1.1,1.1,1.1,1.1,0,0.0,0
1984-11-05,1.1,1.1,1.1,1.1,0,0.0,0
1984-11-06,1.1,1.1,1.1,1.1,0,0.0,0
1984-11-07,1.1,1.1,1.1,1.1,0,0.0,0
1984-11-08,0.0,1.49,1.35,1.35,200,0.0,0
1984-11-09,1.35,1.35,1.35,1.35,0,0.0,0
1984-11-12,1.35,1.35,1.35,1.35,0,0.0,0
1984-11-13,0.0,1.42,1.28,1.28,1500,0.0,0
1984-11-14,1.28,1.28,1.28,1.28,0,0.0,0
1984-11-15,1.28,1.28,1.28,1.28,0,0.0,0
1984-11-16,1.28,1.28,1.28,1.28,0,0.0,0
1984-11-19,1.28,1.28,1.28,1.28,0,0.0,0
1984-11-20,1.28,1.28,1.28,1.28,0,0.0,0
1984-11-21,1.28,1.28,1.28,1.28,0,0.0,0
1984-11-23,1.28,1.28,1.28,1.28,0,0.0,0
1984-11-26,1.28,1.28,1.28,1.28,0,0.0,0
1984-11-27,0.0,1.28,1.14,1.14,400,0.0,0
1984-11-28,1.14,1.14,1.14,1.14,0,0.0,0
1984-11-29,1.14,1.14,1.14,1.14,0,0.0,0
1984-11-30,1.14,1.14,1.14,1.14,0,0.0,0
1984-12-03,1.14,1.14,1.14,1.14,0,0.0,0
1984-12-04,1.14,1.14,1.14,1.14,0,0.0,0
1984-12-05,1.14,1.14,1.14,1.14,0,0.0,0
1984-12-06,1.14,1.14,1.14,1.14,0,0.0,0
1984-12-07,1.14,1.14,1.14,1.14,0,0.0,0
1984-12-10,1.14,1.14,1.14,1.14,0,0.0,0
1984-12-11,1.14,1.14,1.14,1.14,0,0.0,0
1984-12-12,1.14,1.14,1.14,1.14,0,0.0,0
1984-12-13,0.0,1.24,1.06,1.06,3000,0.0,0
1984-12-14,1.06,1.06,1.06,1.06,0,0.0,0
1984-12-17,1.06,1.06,1.06,1.06,0,0.0,0
1984-12-18,1.06,1.06,1.06,1.06,0,0.0,0
1984-12-19,0.0,1.28,1.14,1.14,6000,0.0,0
1984-12-20,1.14,1.14,1.14,1.14,0,0.0,0
1984-12-21,0.0,1.28,1.14,1.14,2000,0.0,0
1984-12-24,1.14,1.14,1.14,1.14,0,0.0,0
1984-12-26,0.0,1.28,1.14,1.14,2000,0.0,0
1984-12-27,1.14,1.14,1.14,1.14,0,0.0,0
1984-12-28,1.14,1.14,1.14,1.14,0,0.0,0
1984-12-31,1.14,1.14,1.14,1.14,0,0.0,0
1985-01-02,1.14,1.14,1.14,1.14,0,0.0,0
1985-01-03,1.14,1.14,1.14,1.14,0,0.0,0
1985-01-04,1.14,1.14,1.14,1.14,0,0.0,0
1985-01-07,0.0,1.21,1.14,1.14,300,0.0,0
1985-01-08,0.0,1.21,1.06,1.06,4000,0.0,0
1985-01-09,1.06,1.06,1.06,1.06,0,0.0,0
1985-01-10,1.06,1.06,1.06,1.06,0,0.0,0
1985-01-11,1.06,1.06,1.06,1.06,0,0.0,0
1985-01-14,1.06,1.06,1.06,1.06,0,0.0,0
1985-01-15,1.06,1.06,1.06,1.06,0,0.0,0
1985-01-16,1.06,1.06,1.06,1.06,0,0.0,0
1985-01-17,1.06,1.06,1.06,1.06,0,0.0,0
1985-01-18,1.06,1.06,1.06,1.06,0,0.0,0
1985-01-21,1.06,1.06,1.06,1.06,0,0.0,0
1985-01-22,1.06,1.06,1.06,1.06,0,0.0,0
1985-01-23,1.06,1.06,1.06,1.06,0,0.0,0
1985-01-24,1.06,1.06,1.06,1.06,0,0.0,0
1985-01-25,1.06,1.06,1.06,1.06,0,0.0,0
1985-01-28,1.06,1.06,1.06,1.06,0,0.0,0
1985-01-29,1.06,1.06,1.06,1.06,0,0.0,0
1985-01-30,1.06,1.06,1.06,1.06,0,0.0,0
1985-01-31,1.06,1.06,1.06,1.06,0,0.0,0
1985-02-01,1.06,1.06,1.06,1.06,0,0.0,0
1985-02-04,1.06,1.06,1.06,1.06,0,0.0,0
1985-02-05,1.06,1.06,1.06,1.06,0,0.0,0
1985-02-06,1.06,1.06,1.06,1.06,0,0.0,0
1985-02-07,0.0,1.03,0.89,0.89,1000,0.0,0
1985-02-08,0.0,0.99,0.89,0.89,500,0.0,0
1985-02-11,0.89,0.89,0.89,0.89,0,0.0,0
1985-02-12,0.89,0.89,0.89,0.89,0,0.0,0
1985-02-13,0.89,0.89,0.89,0.89,0,0.0,0
1985-02-14,0.0,1.14,0.99,0.99,4700,0.0,0
1985-02-15,0.99,0.99,0.99,0.99,0,0.0,0
1985-02-19,0.99,0.99,0.99,0.99,0,0.0,0
1985-02-20,0.99,0.99,0.99,0.99,0,0.0,0
1985-02-21,0.99,0.99,0.99,0.99,0,0.0,0
1985-02-22,0.0,1.06,0.92,0.92,700,0.0,0
1985-02-25,0.0,1.06,0.92,0.92,2000,0.0,0
1985-02-26,0.0,1.06,0.85,0.85,1000,0.0,0
1985-02-27,0.85,0.85,0.85,0.85,0,0.0,0
1985-02-28,0.85,0.85,0.85,0.85,0,0.0,0
1985-03-01,0.85,0.85,0.85,0.85,0,0.0,0
1985-03-04,0.85,0.85,0.85,0.85,0,0.0,0
1985-03-05,0.85,0.85,0.85,0.85,0,0.0,0
1985-03-06,0.0,0.99,0.85,0.85,1000,0.0,0
1985-03-07,0.85,0.85,0.85,0.85,0,0.0,0
1985-03-08,0.85,0.85,0.85,0.85,0,0.0,0
1985-03-11,0.0,0.99,0.82,0.82,500,0.0,0
1985-03-12,0.0,0.99,0.85,0.85,2000,0.0,0
1985-03-13,0.0,1.06,0.85,0.85,700,0.0,0
1985-03-14,0.85,0.85,0.85,0.85,0,0.0,0
1985-03-15,0.85,0.85,0.85,0.85,0,0.0,0
1985-03-18,0.85,0.85,0.85,0.85,0,0.0,0
1985-03-19,0.85,0.85,0.85,0.85,0,0.0,0
1985-03-20,0.85,0.85,0.85,0.85,0,0.0,0
1985-03-21,0.85,0.85,0.85,0.85,0,0.0,0
1985-03-22,0.85,0.85,0.85,0.85,0,0.0,0
1985-03-25,0.0,0.99,0.85,0.85,100,0.0,0
1985-03-26,0.85,0.85,0.85,0.85,0,0.0,0
1985-03-27,0.85,0.85,0.85,0.85,0,0.0,0
1985-03-28,0.85,0.85,0.85,0.85,0,0.0,0
1985-03-29,0.0,0.99,0.78,0.78,3000,0.0,0
1985-04-01,0.78,0.78,0.78,0.78,0,0.0,0
1985-04-02,0.78,0.78,0.78,0.78,0,0.0,0
1985-04-03,0.78,0.78,0.78,0.78,0,0.0,0
1985-04-04,0.78,0.78,0.78,0.78,0,0.0,0
1985-04-08,0.78,0.78,0.78,0.78,0,0.0,0
1985-04-09,0.78,0.78,0.78,0.78,0,0.0,0
1985-04-10,0.78,0.78,0.78,0.78,0,0.0,0
1985-04-11,0.78,0.78,0.78,0.78,0,0.0,0
1985-04-12,0.78,0.78,0.78,0.78,0,0.0,0
1985-04-15,0.78,0.78,0.78,0.78,0,0.0,0
1985-04-16,0.78,0.78,0.78,0.78,0,0.0,0
1985-04-17,0.78,0.78,0.78,0.78,0,0.0,0
1985-04-18,0.78,0.78,0.78,0.78,0,0.0,0
1985-04-19,0.78,0.78,0.78,0.78,0,0.0,0
1985-04-22,0.78,0.78,0.78,0.78,0,0.0,0
1985-04-23,0.78,0.78,0.78,0.78,0,0.0,0
1985-04-24,0.0,0.92,0.75,0.75,1500,0.0,0
1985-04-25,0.75,0.75,0.75,0.75,0,0.0,0
1985-04-26,0.75,0.75,0.75,0.75,0,0.0,0
1985-04-29,0.75,0.75,0.75,0.75,0,0.0,0
1985-04-30,0.75,0.75,0.75,0.75,0,0.0,0
1985-05-01,0.75,0.75,0.75,0.75,0,0.0,0
1985-05-02,0.75,0.75,0.75,0.75,0,0.0,0
1985-05-03,0.75,0.75,0.75,0.75,0,0.0,0
1985-05-06,0.75,0.75,0.75,0.75,0,0.0,0
1985-05-07,0.75,0.75,0.75,0.75,0,0.0,0
1985-05-08,0.75,0.75,0.75,0.75,0,0.0,0
1985-05-09,0.75,0.75,0.75,0.75,0,0.0,0
1985-05-10,0.75,0.75,0.75,0.75,0,0.0,0
1985-05-13,0.0,0.99,0.85,0.85,500,0.0,0
1985-05-14,0.0,1.06,0.92,0.92,1000,0.0,0
1985-05-15,0.92,0.92,0.92,0.92,0,0.0,0
1985-05-16,0.92,0.92,0.92,0.92,0,0.0,0
1985-05-17,0.92,0.92,0.92,0.92,0,0.0,0
1985-05-20,0.92,0.92,0.92,0.92,0,0.0,0
1985-05-21,0.0,1.06,0.92,0.92,500,0.0,0
1985-05-22,0.92,0.92,0.92,0.92,0,0.0,0
1985-05-23,0.92,0.92,0.92,0.92,0,0.0,0
1985-05-24,0.92,0.92,0.92,0.92,0,0.0,0
1985-05-28,0.92,0.92,0.92,0.92,0,0.0,0
1985-05-29,0.0,0.99,0.92,0.92,1000,0.0,0
1985-05-30,0.92,0.92,0.92,0.92,0,0.0,0
1985-05-31,0.92,0.92,0.92,0.92,0,0.0,0
1985-06-03,0.92,0.92,0.92,0.92,0,0.0,0
1985-06-04,0.92,0.92,0.92,0.92,0,0.0,0
1985-06-05,0.92,0.92,0.92,0.92,0,0.0,0
1985-06-06,0.92,0.92,0.92,0.92,0,0.0,0
1985-06-07,0.92,0.92,0.92,0.92,0,0.0,0
1985-06-10,0.92,0.92,0.92,0.92,0,0.0,0
1985-06-11,0.92,0.92,0.92,0.92,0,0.0,0
1985-06-12,0.92,0.92,0.92,0.92,0,0.0,0
1985-06-13,0.92,0.92,0.92,0.92,0,0.0,0
1985-06-14,0.0,0.85,0.78,0.78,8000,0.0,0
1985-06-17,0.0,0.85,0.78,0.78,5000,0.0,0
1985-06-18,0.78,0.78,0.78,0.78,0,0.0,0
1985-06-19,0.0,0.85,0.78,0.78,1000,0.0,0
1985-06-20,0.78,0.78,0.78,0.78,0,0.0,0
1985-06-21,0.78,0.78,0.78,0.78,0,0.0,0
1985-06-24,0.78,0.78,0.78,0.78,0,0.0,0
1985-06-25,0.78,0.78,0.78,0.78,0,0.0,0
1985-06-26,0.78,0.78,0.78,0.78,0,0.0,0
1985-06-27,0.78,0.78,0.78,0.78,0,0.0,0
1985-06-28,0.78,0.78,0.78,0.78,0,0.0,0
1985-07-01,0.78,0.78,0.78,0.78,0,0.0,0
1985-07-02,0.78,0.78,0.78,0.78,0,0.0,0
1985-07-03,0.78,0.78,0.78,0.78,0,0.0,0
1985-07-05,0.78,0.78,0.78,0.78,0,0.0,0
1985-07-08,0.78,0.78,0.78,0.78,0,0.0,0
1985-07-09,0.0,0.92,0.78,0.78,500,0.0,0
1985-07-10,0.78,0.78,0.78,0.78,0,0.0,0
1985-07-11,0.0,0.92,0.89,0.89,2200,0.0,0
1985-07-12,0.0,1.1,0.89,0.89,2000,0.0,0
1985-07-15,0.89,0.89,0.89,0.89,0,0.0,0
1985-07-16,0.89,0.89,0.89,0.89,0,0.0,0
1985-07-17,0.89,0.89,0.89,0.89,0,0.0,0
1985-07-18,0.89,0.89,0.89,0.89,0,0.0,0
1985-07-19,0.89,0.89,0.89,0.89,0,0.0,0
1985-07-22,0.89,0.89,0.89,0.89,0,0.0,0
1985-07-23,0.89,0.89,0.89,0.89,0,0.0,0
1985-07-24,0.89,0.89,0.89,0.89,0,0.0,0
1985-07-25,0.89,0.89,0.89,0.89,0,0.0,0
1985-07-26,0.89,0.89,0.89,0.89,0,0.0,0
1985-07-29,0.89,0.89,0.89,0.89,0,0.0,0
1985-07-30,0.0,1.03,0.85,0.85,1500,0.0,0
1985-07-31,0.0,1.03,0.85,0.85,1500,0.0,0
1985-08-01,0.85,0.85,0.85,0.85,0,0.0,0
1985-08-02,0.0,1.06,0.96,0.96,4400,0.0,0
1985-08-05,0.0,1.14,0.92,0.92,10000,0.0,0
1985-08-06,0.0,1.14,0.96,0.96,5000,0.0,0
1985-08-07,0.96,0.96,0.96,0.96,0,0.0,0
1985-08-08,0.0,1.1,0.92,0.92,5000,0.0,0
1985-08-09,0.0,1.06,0.92,0.92,2000,0.0,0
1985-08-12,0.92,0.92,0.92,0.92,0,0.0,0
1985-08-13,0.92,0.92,0.92,0.92,0,0.0,0
1985-08-14,0.92,0.92,0.92,0.92,0,0.0,0
1985-08-15,0.92,0.92,0.92,0.92,0,0.0,0
1985-08-16,0.92,0.92,0.92,0.92,0,0.0,0
1985-08-19,0.92,0.92,0.92,0.92,0,0.0,0
1985-08-20,0.0,1.14,0.99,0.99,1800,0.0,0
1985-08-21,0.0,1.21,1.1,1.1,3500,0.0,0
1985-08-22,0.0,1.21,1.1,1.1,2800,0.0,0
1985-08-23,0.0,1.21,1.1,1.1,500,0.0,0
1985-08-26,0.0,1.21,1.1,1.1,1500,0.0,0
1985-08-27,0.0,1.21,1.1,1.1,2200,0.0,0
1985-08-28,0.0,1.21,1.1,1.1,100,0.0,0
1985-08-29,1.1,1.1,1.1,1.1,0,0.0,0
1985-08-30,0.0,1.21,1.1,1.1,6500,0.0,0
1985-09-03,0.0,1.14,1.06,1.06,3800,0.0,0
1985-09-04,0.0,1.14,0.99,0.99,2000,0.0,0
1985-09-05,0.0,1.14,0.99,0.99,1000,0.0,0
1985-09-06,0.0,1.14,0.99,0.99,5000,0.0,0
1985-09-09,0.0,1.14,0.99,0.99,7400,0.0,0
1985-09-10,0.0,1.14,0.99,0.99,4800,0.0,0
1985-09-11,0.0,1.14,1.03,1.03,600,0.0,0
1985-09-12,1.03,1.03,1.03,1.03,0,0.0,0
1985-09-13,1.03,1.03,1.03,1.03,0,0.0,0
1985-09-16,1.03,1.03,1.03,1.03,0,0.0,0
1985-09-17,0.0,1.14,0.99,0.99,400,0.0,0
1985-09-18,0.99,0.99,0.99,0.99,0,0.0,0
1985-09-19,0.99,0.99,0.99,0.99,0,0.0,0
1985-09-20,0.0,1.14,0.99,0.99,500,0.0,0
1985-09-23,0.99,0.99,0.99,0.99,0,0.0,0
1985-09-24,0.99,0.99,0.99,0.99,0,0.0,0
1985-09-25,0.0,1.14,0.99,0.99,1300,0.0,0
1985-09-26,0.0,1.1,0.99,0.99,10000,0.0,0
1985-09-30,0.0,1.14,1.03,1.03,500,0.0,0
1985-10-01,1.03,1.03,1.03,1.03,0,0.0,0
1985-10-02,0.0,1.1,0.99,0.99,3900,0.0,0
1985-10-03,0.0,1.14,1.03,1.03,3000,0.0,0
1985-10-04,1.03,1.03,1.03,1.03,0,0.0,0
1985-10-07,0.0,1.14,1.03,1.03,500,0.0,0
1985-10-08,1.03,1.03,1.03,1.03,0,0.0,0
1985-10-09,1.03,1.03,1.03,1.03,0,0.0,0
1985-10-10,1.03,1.03,1.03,1.03,0,0.0,0
1985-10-11,1.03,1.03,1.03,1.03,0,0.0,0
1985-10-14,1.03,1.03,1.03,1.03,0,0.0,0
1985-10-15,1.03,1.03,1.03,1.03,0,0.0,0
1985-10-16,1.03,1.03,1.03,1.03,0,0.0,0
1985-10-17,1.03,1.03,1.03,1.03,0,0.0,0
1985-10-18,1.03,1.03,1.03,1.03,0,0.0,0
1985-10-21,0.0,1.1,1.03,1.03,1200,0.0,0
1985-10-22,0.0,1.1,1.03,1.03,300,0.0,0
1985-10-23,0.0,1.1,0.99,0.99,1000,0.0,0
1985-10-24,0.99,0.99,0.99,0.99,0,0.0,0
1985-10-25,0.0,1.14,1.03,1.03,2500,0.0,0
1985-10-28,0.0,1.17,1.06,1.06,3800,0.0,0
1985-10-29,0.0,1.17,1.06,1.06,300,0.0,0
1985-10-30,0.0,1.21,1.06,1.06,3700,0.0,0
1985-10-31,1.06,1.06,1.06,1.06,0,0.0,0
1985-11-01,0.0,1.21,1.06,1.06,1500,0.0,0
1985-11-04,0.0,1.21,1.06,1.06,1000,0.0,0
1985-11-05,1.06,1.06,1.06,1.06,0,0.0,0
1985-11-06,0.0,1.21,1.06,1.06,1300,0.0,0
1985-11-07,0.0,1.35,1.21,1.21,25200,0.0,0
1985-11-08,0.0,1.35,1.24,1.24,20200,0.0,0
1985-11-11,0.0,1.38,1.31,1.31,20200,0.0,0
1985-11-12,0.0,1.42,1.31,1.31,26700,0.0,0
1985-11-13,0.0,1.42,1.31,1.31,10100,0.0,0
1985-11-14,0.0,1.42,1.35,1.35,4000,0.0,0
1985-11-15,1.35,1.35,1.35,1.35,0,0.0,0
1985-11-18,0.0,1.42,1.31,1.31,1000,0.0,0
1985-11-19,0.0,1.42,1.28,1.28,1000,0.0,0
1985-11-20,1.28,1.28,1.28,1.28,0,0.0,0
1985-11-21,1.28,1.28,1.28,1.28,0,0.0,0
1985-11-22,1.28,1.28,1.28,1.28,0,0.0,0
1985-11-25,1.28,1.28,1.28,1.28,0,0.0,0
1985-11-26,1.28,1.28,1.28,1.28,0,0.0,0
1985-11-27,1.28,1.28,1.28,1.28,0,0.0,0
1985-11-29,1.28,1.28,1.28,1.28,0,0.0,0
1985-12-02,0.0,1.31,1.21,1.21,200,0.0,0
1985-12-03,0.0,1.38,1.24,1.24,2000,0.0,0
1985-12-04,0.0,1.38,1.24,1.24,10000,0.0,0
1985-12-05,1.24,1.24,1.24,1.24,0,0.0,0
1985-12-06,1.24,1.24,1.24,1.24,0,0.0,0
1985-12-09,1.24,1.24,1.24,1.24,0,0.0,0
1985-12-10,0.0,1.38,1.24,1.24,4000,0.0,0
1985-12-11,1.24,1.24,1.24,1.24,0,0.0,0
1985-12-12,1.24,1.24,1.24,1.24,0,0.0,0
1985-12-13,0.0,1.35,1.21,1.21,11200,0.0,0
1985-12-16,1.21,1.21,1.21,1.21,0,0.0,0
1985-12-17,1.21,1.21,1.21,1.21,0,0.0,0
1985-12-18,1.21,1.21,1.21,1.21,0,0.0,0
1985-12-19,0.0,1.35,1.24,1.24,13000,0.0,0
1985-12-20,0.0,1.35,1.24,1.24,5000,0.0,0
1985-12-23,0.0,1.35,1.24,1.24,10000,0.0,0
1985-12-24,0.0,1.35,1.24,1.24,7200,0.0,0
1985-12-26,1.24,1.24,1.24,1.24,0,0.0,0
1985-12-27,0.0,1.35,1.24,1.24,4000,0.0,0
1985-12-30,1.24,1.24,1.24,1.24,0,0.0,0
1985-12-31,0.0,1.35,1.24,1.24,1500,0.0,0
1986-01-02,1.24,1.24,1.24,1.24,0,0.0,0
1986-01-03,1.24,1.24,1.24,1.24,0,0.0,0
1986-01-06,1.24,1.24,1.24,1.24,0,0.0,0
1986-01-07,1.24,1.24,1.24,1.24,0,0.0,0
1986-01-08,1.24,1.24,1.24,1.24,0,0.0,0
1986-01-09,1.24,1.24,1.24,1.24,0,0.0,0
1986-01-10,1.24,1.24,1.24,1.24,0,0.0,0
1986-01-13,1.24,1.24,1.24,1.24,0,0.0,0
1986-01-14,1.24,1.24,1.24,1.24,0,0.0,0
1986-01-15,1.24,1.24,1.24,1.24,0,0.0,0
1986-01-16,1.24,1.24,1.24,1.24,0,0.0,0
1986-01-17,1.24,1.24,1.24,1.24,0,0.0,0
1986-01-20,1.24,1.24,1.24,1.24,0,0.0,0
1986-01-21,1.24,1.24,1.24,1.24,0,0.0,0
1986-01-22,1.24,1.24,1.24,1.24,0,0.0,0
1986-01-23,1.24,1.24,1.24,1.24,0,0.0,0
1986-01-24,1.24,1.24,1.24,1.24,0,0.0,0
1986-01-27,1.24,1.24,1.24,1.24,0,0.0,0
1986-01-28,1.24,1.24,1.24,1.24,0,0.0,0
1986-01-29,1.24,1.24,1.24,1.24,0,0.0,0
1986-01-30,1.24,1.24,1.24,1.24,0,0.0,0
1986-01-31,1.24,1.24,1.24,1.24,0,0.0,0
1986-02-03,1.24,1.24,1.24,1.24,0,0.0,0
1986-02-04,1.24,1.24,1.24,1.24,0,0.0,0
1986-02-05,1.24,1.24,1.24,1.24,0,0.0,0
1986-02-06,1.24,1.24,1.24,1.24,0,0.0,0
1986-02-07,1.24,1.24,1.24,1.24,0,0.0,0
1986-02-10,1.24,1.24,1.24,1.24,0,0.0,0
1986-02-11,1.24,1.24,1.24,1.24,0,0.0,0
1986-02-12,1.24,1.24,1.24,1.24,0,0.0,0
1986-02-13,1.24,1.24,1.24,1.24,0,0.0,0
1986-02-14,1.24,1.24,1.24,1.24,0,0.0,0
1986-02-18,1.24,1.24,1.24,1.24,0,0.0,0
1986-02-19,1.24,1.24,1.24,1.24,0,0.0,0
1986-02-20,1.24,1.24,1.24,1.24,0,0.0,0
1986-02-21,1.24,1.24,1.24,1.24,0,0.0,0
1986-02-24,1.24,1.24,1.24,1.24,0,0.0,0
1986-02-25,1.24,1.24,1.24,1.24,0,0.0,0
1986-02-26,1.24,1.24,1.24,1.24,0,0.0,0
1986-02-27,1.24,1.24,1.24,1.24,0,0.0,0
1986-02-28,1.24,1.24,1.24,1.24,0,0.0,0
1986-03-03,1.24,1.24,1.24,1.24,0,0.0,0
1986-03-04,1.24,1.24,1.24,1.24,0,0.0,0
1986-03-05,1.24,1.24,1.24,1.24,0,0.0,0
1986-03-06,1.24,1.24,1.24,1.24,0,0.0,0
1986-03-07,1.24,1.24,1.24,1.24,0,0.0,0
1986-03-10,1.24,1.24,1.24,1.24,0,0.0,0
1986-03-11,1.24,1.24,1.24,1.24,0,0.0,0
1986-03-12,1.24,1.24,1.24,1.24,0,0.0,0
1986-03-13,1.24,1.24,1.24,1.24,0,0.0,0
1986-03-14,1.24,1.24,1.24,1.24,0,0.0,0
1986-03-17,1.24,1.24,1.24,1.24,0,0.0,0
1986-03-18,1.24,1.24,1.24,1.24,0,0.0,0
1986-03-19,1.24,1.24,1.24,1.24,0,0.0,0
1986-03-20,1.24,1.24,1.24,1.24,0,0.0,0
1986-03-21,1.24,1.24,1.24,1.24,0,0.0,0
1986-03-24,1.24,1.24,1.24,1.24,0,0.0,0
1986-03-25,1.24,1.24,1.24,1.24,0,0.0,0
1986-03-26,1.24,1.24,1.24,1.24,0,0.0,0
1986-03-27,1.24,1.24,1.24,1.24,0,0.0,0
1986-03-31,1.24,1.24,1.24,1.24,0,0.0,0
1986-04-01,1.24,1.24,1.24,1.24,0,0.0,0
1986-04-02,1.24,1.24,1.24,1.24,0,0.0,0
1986-04-03,1.24,1.24,1.24,1.24,0,0.0,0
1986-04-04,1.24,1.24,1.24,1.24,0,0.0,0
1986-04-07,1.24,1.24,1.24,1.24,0,0.0,0
1986-04-08,1.24,1.24,1.24,1.24,0,0.0,0
1986-04-09,1.24,1.24,1.24,1.24,0,0.0,0
1986-04-10,1.24,1.24,1.24,1.24,0,0.0,0
1986-04-11,1.24,1.24,1.24,1.24,0,0.0,0
1986-04-14,1.24,1.24,1.24,1.24,0,0.0,0
1986-04-15,1.24,1.24,1.24,1.24,0,0.0,0
1986-04-16,1.24,1.24,1.24,1.24,0,0.0,0
1986-04-17,1.24,1.24,1.24,1.24,0,0.0,0
1986-04-18,1.24,1.24,1.24,1.24,0,0.0,0
1986-04-21,1.24,1.24,1.24,1.24,0,0.0,0
1986-04-22,1.24,1.24,1.24,1.24,0,0.0,0
1986-04-23,1.24,1.24,1.24,1.24,0,0.0,0
1986-04-24,1.24,1.24,1.24,1.24,0,0.0,0
1986-04-25,1.24,1.24,1.24,1.24,0,0.0,0
1986-04-28,1.24,1.24,1.24,1.24,0,0.0,0
1986-04-29,1.24,1.24,1.24,1.24,0,0.0,0
1986-04-30,1.24,1.24,1.24,1.24,0,0.0,0
1986-05-01,1.24,1.24,1.24,1.24,0,0.0,0
1986-05-02,1.24,1.24,1.24,1.24,0,0.0,0
1986-05-05,1.24,1.24,1.24,1.24,0,0.0,0
1986-05-06,1.24,1.24,1.24,1.24,0,0.0,0
1986-05-07,1.24,1.24,1.24,1.24,0,0.0,0
1986-05-08,1.24,1.24,1.24,1.24,0,0.0,0
1986-05-09,1.24,1.24,1.24,1.24,0,0.0,0
1986-05-12,1.24,1.24,1.24,1.24,0,0.0,0
1986-05-13,1.24,1.24,1.24,1.24,0,0.0,0
1986-05-14,1.24,1.24,1.24,1.24,0,0.0,0
1986-05-15,1.24,1.24,1.24,1.24,0,0.0,0
1986-05-16,1.24,1.24,1.24,1.24,0,0.0,0
1986-05-19,1.24,1.24,1.24,1.24,0,0.0,0
1986-05-20,1.24,1.24,1.24,1.24,0,0.0,0
1986-05-21,1.24,1.24,1.24,1.24,0,0.0,0
1986-05-22,1.24,1.24,1.24,1.24,0,0.0,0
1986-05-23,1.24,1.24,1.24,1.24,0,0.0,0
1986-05-27,1.24,1.24,1.24,1.24,0,0.0,0
1986-05-28,1.24,1.24,1.24,1.24,0,0.0,0
1986-05-29,1.24,1.24,1.24,1.24,0,0.0,0
1986-05-30,1.24,1.24,1.24,1.24,0,0.0,0
1986-06-02,1.24,1.24,1.24,1.24,0,0.0,0
1986-06-03,1.24,1.24,1.24,1.24,0,0.0,0
1986-06-04,1.24,1.24,1.24,1.24,0,0.0,0
1986-06-05,1.24,1.24,1.24,1.24,0,0.0,0
1986-06-06,1.24,1.24,1.24,1.24,0,0.0,0
1986-06-09,1.24,1.24,1.24,1.24,0,0.0,0
1986-06-10,1.24,1.24,1.24,1.24,0,0.0,0
1986-06-11,1.24,1.24,1.24,1.24,0,0.0,0
1986-06-12,1.24,1.24,1.24,1.24,0,0.0,0
1986-06-13,1.24,1.24,1.24,1.24,0,0.0,0
1986-06-16,1.24,1.24,1.24,1.24,0,0.0,0
1986-06-17,1.24,1.24,1.24,1.24,0,0.0,0
1986-06-18,1.24,1.24,1.24,1.24,0,0.0,0
1986-06-19,1.24,1.24,1.24,1.24,0,0.0,0
1986-06-20,1.24,1.24,1.24,1.24,0,0.0,0
1986-06-23,1.24,1.24,1.24,1.24,0,0.0,0
1986-06-24,1.24,1.24,1.24,1.24,0,0.0,0
1986-06-25,1.24,1.24,1.24,1.24,0,0.0,0
1986-06-26,1.24,1.24,1.24,1.24,0,0.0,0
1986-06-27,1.24,1.24,1.24,1.24,0,0.0,0
1986-06-30,1.24,1.24,1.24,1.24,0,0.0,0
1986-07-01,1.24,1.24,1.24,1.24,0,0.0,0
1986-07-02,1.24,1.24,1.24,1.24,0,0.0,0
1986-07-03,1.24,1.24,1.24,1.24,0,0.0,0
1986-07-07,1.24,1.24,1.24,1.24,0,0.0,0
1986-07-08,1.24,1.24,1.24,1.24,0,0.0,0
1986-07-09,1.24,1.24,1.24,1.24,0,0.0,0
1986-07-10,1.24,1.24,1.24,1.24,0,0.0,0
1986-07-11,1.24,1.24,1.24,1.24,0,0.0,0
1986-07-14,1.24,1.24,1.24,1.24,0,0.0,0
1986-07-15,1.24,1.24,1.24,1.24,0,0.0,0
1986-07-16,1.24,1.24,1.24,1.24,0,0.0,0
1986-07-17,1.24,1.24,1.24,1.24,0,0.0,0
1986-07-18,1.24,1.24,1.24,1.24,0,0.0,0
1986-07-21,1.24,1.24,1.24,1.24,0,0.0,0
1986-07-22,1.24,1.24,1.24,1.24,0,0.0,0
1986-07-23,1.24,1.24,1.24,1.24,0,0.0,0
1986-07-24,1.24,1.24,1.24,1.24,0,0.0,0
1986-07-25,1.24,1.24,1.24,1.24,0,0.0,0
1986-07-28,1.24,1.24,1.24,1.24,0,0.0,0
1986-07-29,1.24,1.24,1.24,1.24,0,0.0,0
1986-07-30,1.24,1.24,1.24,1.24,0,0.0,0
1986-07-31,1.24,1.24,1.24,1.24,0,0.0,0
1986-08-01,1.24,1.24,1.24,1.24,0,0.0,0
1986-08-04,1.24,1.24,1.24,1.24,0,0.0,0
1986-08-05,1.24,1.24,1.24,1.24,0,0.0,0
1986-08-06,1.24,1.24,1.24,1.24,0,0.0,0
1986-08-07,1.24,1.24,1.24,1.24,0,0.0,0
1986-08-08,1.24,1.24,1.24,1.24,0,0.0,0
1986-08-11,1.24,1.24,1.24,1.24,0,0.0,0
1986-08-12,1.24,1.24,1.24,1.24,0,0.0,0
1986-08-13,1.24,1.24,1.24,1.24,0,0.0,0
1986-08-14,1.24,1.24,1.24,1.24,0,0.0,0
1986-08-15,1.24,1.24,1.24,1.24,0,0.0,0
1986-08-18,1.24,1.24,1.24,1.24,0,0.0,0
1986-08-19,1.24,1.24,1.24,1.24,0,0.0,0
1986-08-20,1.24,1.24,1.24,1.24,0,0.0,0
1986-08-21,1.24,1.24,1.24,1.24,0,0.0,0
1986-08-22,1.24,1.24,1.24,1.24,0,0.0,0
1986-08-25,1.24,1.24,1.24,1.24,0,0.0,0
1986-08-26,1.24,1.24,1.24,1.24,0,0.0,0
1986-08-27,1.24,1.24,1.24,1.24,0,0.0,0
1986-08-28,0.0,2.34,2.2,2.2,1000,0.0,0
1986-08-29,0.0,2.48,2.34,2.34,13000,0.0,0
1986-09-02,0.0,2.48,2.34,2.34,700,0.0,0
1986-09-03,0.0,2.38,2.31,2.31,2700,0.0,0
1986-09-04,0.0,2.45,2.41,2.41,12000,0.0,0
1986-09-05,0.0,2.52,2.41,2.41,1500,0.0,0
1986-09-08,0.0,2.41,2.34,2.34,4000,0.0,0
1986-09-09,0.0,2.41,2.34,2.34,100,0.0,0
1986-09-10,2.34,2.34,2.34,2.34,0,0.0,0
1986-09-11,0.0,2.27,2.2,2.2,13200,0.0,0
1986-09-12,0.0,2.27,2.13,2.13,11600,0.0,0
1986-09-15,0.0,2.27,2.13,2.13,5100,0.0,0
1986-09-16,0.0,2.17,2.06,2.06,14800,0.0,0
1986-09-17,0.0,2.17,2.06,2.06,300,0.0,0
1986-09-18,2.06,2.06,2.06,2.06,0,0.0,0
1986-09-19,0.0,2.2,2.13,2.13,7800,0.0,0
1986-09-22,0.0,2.2,2.13,2.13,5500,0.0,0
1986-09-23,0.0,2.24,2.13,2.13,18700,0.0,0
1986-09-24,0.0,2.2,2.09,2.09,1000,0.0,0
1986-09-25,2.09,2.09,2.09,2.09,0,0.0,0
1986-09-26,0.0,2.2,2.06,2.06,4300,0.0,0
1986-09-29,0.0,2.2,2.06,2.06,1200,0.0,0
1986-09-30,0.0,2.13,2.02,2.02,2000,0.0,0
1986-10-01,0.0,2.06,1.95,1.95,2700,0.0,0
1986-10-02,1.95,1.95,1.95,1.95,0,0.0,0
1986-10-03,1.95,1.95,1.95,1.95,0,0.0,0
1986-10-06,1.95,1.95,1.95,1.95,0,0.0,0
1986-10-07,0.0,2.06,1.95,1.95,11000,0.0,0
1986-10-08,0.0,2.24,2.13,2.13,21500,0.0,0
1986-10-09,2.13,2.13,2.13,2.13,0,0.0,0
1986-10-10,0.0,2.27,2.2,2.2,4400,0.0,0
1986-10-13,2.2,2.2,2.2,2.2,0,0.0,0
1986-10-14,0.0,2.24,2.13,2.13,400,0.0,0
1986-10-15,0.0,2.2,2.09,2.09,5000,0.0,0
1986-10-16,0.0,2.17,2.09,2.09,5000,0.0,0
1986-10-17,0.0,2.2,2.09,2.09,7900,0.0,0
1986-10-20,0.0,2.2,2.09,2.09,800,0.0,0
1986-10-21,0.0,2.24,2.09,2.09,1000,0.0,0
1986-10-22,2.09,2.09,2.09,2.09,0,0.0,0
1986-10-23,2.09,2.09,2.09,2.09,0,0.0,0
1986-10-24,0.0,2.41,2.31,2.31,6000,0.0,0
1986-10-27,2.31,2.31,2.31,2.31,0,0.0,0
1986-10-28,0.0,2.45,2.34,2.34,200,0.0,0
1986-10-29,2.34,2.34,2.34,2.34,0,0.0,0
1986-10-30,0.0,2.48,2.34,2.34,18500,0.0,0
1986-10-31,0.0,2.48,2.34,2.34,500,0.0,0
1986-11-03,2.34,2.34,2.34,2.34,0,0.0,0
1986-11-04,0.0,2.56,2.45,2.45,2400,0.0,0
1986-11-05,0.0,2.7,2.63,2.63,3500,0.0,0
1986-11-06,0.0,2.63,2.56,2.56,1000,0.0,0
1986-11-07,2.56,2.56,2.56,2.56,0,0.0,0
1986-11-10,2.56,2.56,2.56,2.56,0,0.0,0
1986-11-11,0.0,2.59,2.56,2.56,400,0.0,0
1986-11-12,0.0,2.66,2.56,2.56,1800,0.0,0
1986-11-13,0.0,2.66,2.56,2.56,8100,0.0,0
1986-11-14,0.0,2.56,2.48,2.48,1300,0.0,0
1986-11-17,0.0,2.56,2.48,2.48,300,0.0,0
1986-11-18,0.0,2.48,2.34,2.34,5800,0.0,0
1986-11-19,0.0,2.41,2.31,2.31,3500,0.0,0
1986-11-20,0.0,2.34,2.27,2.27,18000,0.0,0
1986-11-21,0.0,2.34,2.2,2.2,1800,0.0,0
1986-11-24,0.0,2.38,2.31,2.31,2900,0.0,0
1986-11-25,0.0,2.38,2.34,2.34,5000,0.0,0
1986-11-26,0.0,2.41,2.34,2.34,1800,0.0,0
1986-11-28,0.0,2.41,2.34,2.34,1900,0.0,0
1986-12-01,0.0,2.31,2.27,2.27,21400,0.0,0
1986-12-02,0.0,2.31,2.24,2.24,500,0.0,0
1986-12-03,0.0,2.34,2.27,2.27,9000,0.0,0
1986-12-04,0.0,2.34,2.27,2.27,4600,0.0,0
1986-12-05,0.0,2.34,2.27,2.27,4500,0.0,0
1986-12-08,0.0,2.38,2.27,2.27,4200,0.0,0
1986-12-09,0.0,2.38,2.27,2.27,6900,0.0,0
1986-12-10,0.0,2.38,2.31,2.31,11100,0.0,0
1986-12-11,0.0,2.34,2.31,2.31,10700,0.0,0
1986-12-12,0.0,2.34,2.27,2.27,600,0.0,0
1986-12-15,0.0,2.27,2.2,2.2,11100,0.0,0
1986-12-16,0.0,2.27,2.13,2.13,3000,0.0,0
1986-12-17,0.0,2.27,2.2,2.2,39200,0.0,0
1986-12-18,0.0,2.34,2.24,2.24,4600,0.0,0
1986-12-19,0.0,2.27,2.24,2.24,55400,0.0,0
1986-12-22,0.0,2.2,2.13,2.13,12000,0.0,0
1986-12-23,0.0,2.2,2.13,2.13,1000,0.0,0
1986-12-24,0.0,2.2,2.13,2.13,51000,0.0,0
1986-12-26,2.13,2.13,2.13,2.13,0,0.0,0
1986-12-29,0.0,2.2,2.13,2.13,500,0.0,0
1986-12-30,0.0,2.13,2.06,2.06,8600,0.0,0
1986-12-31,0.0,2.13,2.06,2.06,84300,0.0,0
1987-01-02,0.0,2.13,2.06,2.06,4000,0.0,0
1987-01-05,0.0,2.2,2.13,2.13,1700,0.0,0
1987-01-06,0.0,2.24,2.13,2.13,8300,0.0,0
1987-01-07,0.0,2.24,2.13,2.13,7500,0.0,0
1987-01-08,0.0,2.27,2.17,2.17,2000,0.0,0
1987-01-09,2.17,2.17,2.17,2.17,0,0.0,0
1987-01-12,0.0,2.27,2.2,2.2,1000,0.0,0
1987-01-13,0.0,2.34,2.2,2.2,12400,0.0,0
1987-01-14,0.0,2.34,2.2,2.2,100,0.0,0
1987-01-15,0.0,2.34,2.2,2.2,2600,0.0,0
1987-01-16,0.0,2.34,2.2,2.2,2000,0.0,0
1987-01-19,0.0,2.24,2.13,2.13,2500,0.0,0
1987-01-20,0.0,2.13,2.02,2.02,2300,0.0,0
1987-01-21,0.0,2.02,1.95,1.95,9400,0.0,0
1987-01-22,1.95,1.95,1.95,1.95,0,0.0,0
1987-01-23,0.0,2.13,1.99,1.99,5200,0.0,0
1987-01-26,1.99,1.99,1.99,1.99,0,0.0,0
1987-01-27,1.99,1.99,1.99,1.99,0,0.0,0
1987-01-28,0.0,2.17,2.13,2.13,29800,0.0,0
1987-01-29,0.0,2.2,2.13,2.13,34700,0.0,0
1987-01-30,0.0,2.2,2.13,2.13,20000,0.0,0
1987-02-02,0.0,2.2,2.13,2.13,9000,0.0,0
1987-02-03,0.0,2.24,2.13,2.13,500,0.0,0
1987-02-04,0.0,2.24,2.13,2.13,11000,0.0,0
1987-02-05,0.0,2.2,2.13,2.13,19000,0.0,0
1987-02-06,0.0,2.41,2.34,2.34,18000,0.0,0
1987-02-09,0.0,2.34,2.24,2.24,2200,0.0,0
1987-02-10,0.0,2.31,2.2,2.2,21300,0.0,0
1987-02-11,0.0,2.31,2.2,2.2,1000,0.0,0
1987-02-12,0.0,2.2,2.09,2.09,15300,0.0,0
1987-02-13,0.0,2.2,2.09,2.09,1500,0.0,0
1987-02-17,2.09,2.09,2.09,2.09,0,0.0,0
1987-02-18,0.0,2.17,2.02,2.02,18000,0.0,0
1987-02-19,0.0,2.06,1.95,1.95,12500,0.0,0
1987-02-20,0.0,2.06,1.95,1.95,10000,0.0,0
1987-02-23,1.95,1.95,1.95,1.95,0,0.0,0
1987-02-24,0.0,2.06,1.95,1.95,400,0.0,0
1987-02-25,1.95,1.95,1.95,1.95,0,0.0,0
1987-02-26,0.0,2.13,2.06,2.06,3100,0.0,0
1987-02-27,0.0,2.13,2.06,2.06,15600,0.0,0
1987-03-02,2.06,2.06,2.06,2.06,0,0.0,0
1987-03-03,0.0,2.09,1.99,1.99,2000,0.0,0
1987-03-04,0.0,2.06,1.92,1.92,2000,0.0,0
1987-03-05,0.0,1.88,1.77,1.77,9300,0.0,0
1987-03-06,0.0,1.92,1.81,1.81,10000,0.0,0
1987-03-09,0.0,2.06,1.88,1.88,8500,0.0,0
1987-03-10,0.0,2.06,1.92,1.92,1000,0.0,0
1987-03-11,0.0,2.09,1.92,1.92,1000,0.0,0
1987-03-12,0.0,2.09,1.92,1.92,10000,0.0,0
1987-03-13,0.0,2.13,1.99,1.99,8000,0.0,0
1987-03-16,0.0,2.06,1.99,1.99,700,0.0,0
1987-03-17,1.99,1.99,1.99,1.99,0,0.0,0
1987-03-18,0.0,2.13,1.99,1.99,6000,0.0,0
1987-03-19,0.0,2.13,2.02,2.02,4500,0.0,0
1987-03-20,2.02,2.02,2.02,2.02,0,0.0,0
1987-03-23,0.0,2.09,2.02,2.02,4900,0.0,0
1987-03-24,0.0,2.02,1.99,1.99,4600,0.0,0
1987-03-25,0.0,2.06,1.99,1.99,8500,0.0,0
1987-03-26,0.0,2.13,2.02,2.02,4000,0.0,0
1987-03-27,2.02,2.02,2.02,2.02,0,0.0,0
1987-03-30,0.0,2.13,2.02,2.02,1000,0.0,0
1987-03-31,2.02,2.02,2.02,2.02,0,0.0,0
1987-04-01,0.0,2.17,2.06,2.06,1700,0.0,0
1987-04-02,0.0,2.17,2.06,2.06,4000,0.0,0
1987-04-03,0.0,2.31,2.17,2.17,12100,0.0,0
1987-04-06,0.0,2.31,2.17,2.17,9500,0.0,0
1987-04-07,0.0,2.31,2.17,2.17,1000,0.0,0
1987-04-08,0.0,2.31,2.17,2.17,3000,0.0,0
1987-04-09,0.0,2.27,2.17,2.17,1000,0.0,0
1987-04-10,0.0,2.2,2.09,2.09,5400,0.0,0
1987-04-13,0.0,2.17,2.06,2.06,4900,0.0,0
1987-04-14,0.0,2.13,2.02,2.02,1500,0.0,0
1987-04-15,0.0,2.09,1.95,1.95,7500,0.0,0
1987-04-16,0.0,2.09,1.95,1.95,3100,0.0,0
1987-04-20,0.0,2.09,1.95,1.95,3500,0.0,0
1987-04-21,1.95,1.95,1.95,1.95,0,0.0,0
1987-04-22,0.0,2.09,1.95,1.95,1000,0.0,0
1987-04-23,0.0,2.06,1.92,1.92,4500,0.0,0
1987-04-24,1.92,1.92,1.92,1.92,0,0.0,0
1987-04-27,0.0,1.99,1.88,1.88,1000,0.0,0
1987-04-28,1.88,1.88,1.88,1.88,0,0.0,0
1987-04-29,0.0,1.95,1.85,1.85,10500,0.0,0
1987-04-30,0.0,1.99,1.88,1.88,600,0.0,0
1987-05-01,0.0,2.17,2.02,2.02,8000,0.0,0
1987-05-04,0.0,2.17,2.02,2.02,100,0.0,0
1987-05-05,0.0,2.17,2.02,2.02,4000,0.0,0
1987-05-06,0.0,2.34,2.27,2.27,6200,0.0,0
1987-05-07,0.0,2.48,2.34,2.34,28900,0.0,0
1987-05-08,0.0,2.38,2.27,2.27,4000,0.0,0
1987-05-11,0.0,2.31,2.2,2.2,1000,0.0,0
1987-05-12,0.0,2.31,2.2,2.2,1000,0.0,0
1987-05-13,0.0,2.31,2.13,2.13,3000,0.0,0
1987-05-14,0.0,2.27,2.13,2.13,2000,0.0,0
1987-05-15,2.13,2.13,2.13,2.13,0,0.0,0
1987-05-18,0.0,2.27,2.17,2.17,200,0.0,0
1987-05-19,0.0,2.27,2.17,2.17,1800,0.0,0
1987-05-20,0.0,2.2,2.09,2.09,10400,0.0,0
1987-05-21,0.0,2.17,2.06,2.06,4000,0.0,0
1987-05-22,0.0,2.17,2.02,2.02,500,0.0,0
1987-05-26,0.0,2.09,1.99,1.99,3000,0.0,0
1987-05-27,1.99,1.99,1.99,1.99,0,0.0,0
1987-05-28,0.0,2.06,1.99,1.99,6000,0.0,0
1987-05-29,1.99,1.99,1.99,1.99,0,0.0,0
1987-06-01,1.99,1.99,1.99,1.99,0,0.0,0
1987-06-02,0.0,2.02,1.95,1.95,2500,0.0,0
1987-06-03,1.95,1.95,1.95,1.95,0,0.0,0
1987-06-04,0.0,2.09,1.95,1.95,1500,0.0,0
1987-06-05,1.95,1.95,1.95,1.95,0,0.0,0
1987-06-08,1.95,1.95,1.95,1.95,0,0.0,0
1987-06-09,0.0,2.31,2.17,2.17,5100,0.0,0
1987-06-10,2.17,2.17,2.17,2.17,0,0.0,0
1987-06-11,0.0,2.31,2.17,2.17,6400,0.0,0
1987-06-12,0.0,2.27,2.17,2.17,4000,0.0,0
1987-06-15,0.0,2.24,2.13,2.13,6300,0.0,0
1987-06-16,0.0,2.24,2.13,2.13,16300,0.0,0
1987-06-17,0.0,2.2,2.09,2.09,4900,0.0,0
1987-06-18,0.0,2.2,2.06,2.06,9500,0.0,0
1987-06-19,0.0,2.2,2.06,2.06,2900,0.0,0
1987-06-22,2.06,2.06,2.06,2.06,0,0.0,0
1987-06-23,2.06,2.06,2.06,2.06,0,0.0,0
1987-06-24,2.06,2.06,2.06,2.06,0,0.0,0
1987-06-25,2.06,2.06,2.06,2.06,0,0.0,0
1987-06-26,0.0,2.31,2.2,2.2,4900,0.0,0
1987-06-29,0.0,2.34,2.2,2.2,500,0.0,0
1987-06-30,0.0,2.27,2.2,2.2,3000,0.0,0
1987-07-01,0.0,2.27,2.2,2.2,200,0.0,0
1987-07-02,0.0,2.27,2.2,2.2,900,0.0,0
1987-07-06,0.0,2.2,2.06,2.06,4100,0.0,0
1987-07-07,0.0,2.24,2.06,2.06,7500,0.0,0
1987-07-08,0.0,2.27,2.09,2.09,5100,0.0,0
1987-07-09,0.0,2.24,2.09,2.09,400,0.0,0
1987-07-10,0.0,2.24,2.09,2.09,500,0.0,0
1987-07-13,0.0,2.24,2.06,2.06,3300,0.0,0
1987-07-14,2.06,2.06,2.06,2.06,0,0.0,0
1987-07-15,2.06,2.06,2.06,2.06,0,0.0,0
1987-07-16,0.0,2.2,2.06,2.06,30000,0.0,0
1987-07-17,0.0,2.13,2.02,2.02,7000,0.0,0
1987-07-20,0.0,2.13,1.99,1.99,10000,0.0,0
1987-07-21,0.0,2.13,1.99,1.99,100,0.0,0
1987-07-22,0.0,2.06,1.95,1.95,6000,0.0,0
1987-07-23,0.0,2.06,1.95,1.95,2500,0.0,0
1987-07-24,0.0,1.99,1.88,1.88,1500,0.0,0
1987-07-27,0.0,1.99,1.85,1.85,4300,0.0,0
1987-07-28,0.0,1.99,1.85,1.85,3000,0.0,0
1987-07-29,0.0,1.99,1.85,1.85,10000,0.0,0
1987-07-30,0.0,1.95,1.85,1.85,2000,0.0,0
1987-07-31,1.85,1.85,1.85,1.85,0,0.0,0
1987-08-03,1.85,1.85,1.85,1.85,0,0.0,0
1987-08-04,1.85,1.85,1.85,1.85,0,0.0,0
1987-08-05,1.85,1.85,1.85,1.85,0,0.0,0
1987-08-06,1.85,1.85,1.85,1.85,0,0.0,0
1987-08-07,0.0,1.95,1.81,1.81,900,0.0,0
1987-08-10,1.81,1.81,1.81,1.81,0,0.0,0
1987-08-11,0.0,1.99,1.85,1.85,1000,0.0,0
1987-08-12,1.85,1.85,1.85,1.85,0,0.0,0
1987-08-13,1.85,1.85,1.85,1.85,0,0.0,0
1987-08-14,1.85,1.85,1.85,1.85,0,0.0,0
1987-08-17,1.85,1.85,1.85,1.85,0,0.0,0
1987-08-18,0.0,1.95,1.81,1.81,100,0.0,0
1987-08-19,0.0,1.95,1.81,1.81,200,0.0,0
1987-08-20,1.81,1.81,1.81,1.81,0,0.0,0
1987-08-21,1.81,1.81,1.81,1.81,0,0.0,0
1987-08-24,0.0,1.92,1.81,1.81,0,0.0,0
1987-08-25,1.81,1.81,1.81,1.81,0,0.0,0
1987-08-26,0.0,1.95,1.85,1.85,2000,0.0,0
1987-08-27,1.85,1.85,1.85,1.85,0,0.0,0
1987-08-28,1.85,1.85,1.85,1.85,0,0.0,0
1987-08-31,1.85,1.85,1.85,1.85,0,0.0,0
1987-09-01,1.85,1.85,1.85,1.85,0,0.0,0
1987-09-02,1.85,1.85,1.85,1.85,0,0.0,0
1987-09-03,1.85,1.85,1.85,1.85,0,0.0,0
1987-09-04,1.85,1.85,1.85,1.85,0,0.0,0
1987-09-08,0.0,1.88,1.77,1.77,2500,0.0,0
1987-09-09,1.77,1.77,1.77,1.77,0,0.0,0
1987-09-10,1.77,1.77,1.77,1.77,0,0.0,0
1987-09-11,1.77,1.77,1.77,1.77,0,0.0,0
1987-09-14,0.0,1.88,1.81,1.81,800,0.0,0
1987-09-15,0.0,1.85,1.77,1.77,7100,0.0,0
1987-09-16,0.0,1.88,1.77,1.77,2000,0.0,0
1987-09-17,1.77,1.77,1.77,1.77,0,0.0,0
1987-09-18,1.77,1.77,1.77,1.77,0,0.0,0
1987-09-21,0.0,1.92,1.77,1.77,5500,0.0,0
1987-09-22,0.0,1.81,1.7,1.7,6500,0.0,0
1987-09-23,1.7,1.7,1.7,1.7,0,0.0,0
1987-09-24,1.7,1.7,1.7,1.7,0,0.0,0
1987-09-25,0.0,1.81,1.74,1.74,1700,0.0,0
1987-09-28,0.0,1.92,1.77,1.77,4500,0.0,0
1987-09-29,0.0,1.92,1.77,1.77,11500,0.0,0
1987-09-30,0.0,1.99,1.85,1.85,3000,0.0,0
1987-10-01,0.0,1.99,1.85,1.85,100,0.0,0
1987-10-02,0.0,1.88,1.77,1.77,4500,0.0,0
1987-10-05,1.77,1.77,1.77,1.77,0,0.0,0
1987-10-06,1.77,1.77,1.77,1.77,0,0.0,0
1987-10-07,0.0,1.88,1.77,1.77,4000,0.0,0
1987-10-08,1.77,1.77,1.77,1.77,0,0.0,0
1987-10-09,1.77,1.77,1.77,1.77,0,0.0,0
1987-10-12,0.0,1.88,1.77,1.77,2500,0.0,0
1987-10-13,0.0,1.85,1.7,1.7,1500,0.0,0
1987-10-14,0.0,1.74,1.63,1.63,3100,0.0,0
1987-10-15,0.0,1.7,1.56,1.56,8000,0.0,0
1987-10-16,1.56,1.56,1.56,1.56,0,0.0,0
1987-10-19,0.0,1.42,1.28,1.28,7000,0.0,0
1987-10-20,0.0,0.99,0.92,0.92,6700,0.0,0
1987-10-21,0.0,1.21,1.06,1.06,10600,0.0,0
1987-10-22,0.0,1.14,1.06,1.06,4000,0.0,0
1987-10-23,0.0,1.06,0.92,0.92,15500,0.0,0
1987-10-26,0.92,0.92,0.92,0.92,0,0.0,0
1987-10-27,0.0,0.92,0.78,0.78,4000,0.0,0
1987-10-28,0.0,0.92,0.78,0.78,2000,0.0,0
1987-10-29,0.78,0.78,0.78,0.78,0,0.0,0
1987-10-30,0.0,1.06,0.85,0.85,3500,0.0,0
1987-11-02,0.85,0.85,0.85,0.85,0,0.0,0
1987-11-03,0.85,0.85,0.85,0.85,0,0.0,0
1987-11-04,0.85,0.85,0.85,0.85,0,0.0,0
1987-11-05,0.85,0.85,0.85,0.85,0,0.0,0
1987-11-06,0.0,0.92,0.78,0.78,5200,0.0,0
1987-11-09,0.0,0.89,0.78,0.78,6000,0.0,0
1987-11-10,0.78,0.78,0.78,0.78,0,0.0,0
1987-11-11,0.0,0.85,0.67,0.67,7800,0.0,0
1987-11-12,0.0,0.89,0.75,0.75,3000,0.0,0
1987-11-13,0.75,0.75,0.75,0.75,0,0.0,0
1987-11-16,0.0,0.92,0.82,0.82,2200,0.0,0
1987-11-17,0.0,0.92,0.82,0.82,2500,0.0,0
1987-11-18,0.0,0.92,0.78,0.78,2300,0.0,0
1987-11-19,0.78,0.78,0.78,0.78,0,0.0,0
1987-11-20,0.78,0.78,0.78,0.78,0,0.0,0
1987-11-23,0.0,0.89,0.71,0.71,3800,0.0,0
1987-11-24,0.71,0.71,0.71,0.71,0,0.0,0
1987-11-25,0.0,0.85,0.71,0.71,5000,0.0,0
1987-11-27,0.71,0.71,0.71,0.71,0,0.0,0
1987-11-30,0.71,0.71,0.71,0.71,0,0.0,0
1987-12-01,0.0,0.78,0.64,0.64,4000,0.0,0
1987-12-02,0.64,0.64,0.64,0.64,0,0.0,0
1987-12-03,0.64,0.64,0.64,0.64,0,0.0,0
1987-12-04,0.64,0.64,0.64,0.64,0,0.0,0
1987-12-07,0.64,0.64,0.64,0.64,0,0.0,0
1987-12-08,0.0,0.82,0.64,0.64,5500,0.0,0
1987-12-09,0.0,0.82,0.64,0.64,23600,0.0,0
1987-12-10,0.0,0.82,0.67,0.67,2000,0.0,0
1987-12-11,0.67,0.67,0.67,0.67,0,0.0,0
1987-12-14,0.67,0.67,0.67,0.67,0,0.0,0
1987-12-15,0.67,0.67,0.67,0.67,0,0.0,0
1987-12-16,0.67,0.67,0.67,0.67,0,0.0,0
1987-12-17,0.67,0.67,0.67,0.67,0,0.0,0
1987-12-18,0.0,0.85,0.71,0.71,1200,0.0,0
1987-12-21,0.0,0.92,0.75,0.75,1600,0.0,0
1987-12-22,0.0,0.85,0.75,0.75,1000,0.0,0
1987-12-23,0.75,0.75,0.75,0.75,0,0.0,0
1987-12-24,0.0,1.14,1.03,1.03,6600,0.0,0
1987-12-28,0.0,1.14,1.06,1.06,11500,0.0,0
1987-12-29,0.0,1.06,0.96,0.96,9200,0.0,0
1987-12-30,0.0,1.06,0.85,0.85,3300,0.0,0
1987-12-31,0.85,0.85,0.85,0.85,0,0.0,0
1988-01-04,0.85,0.85,0.85,0.85,0,0.0,0
1988-01-05,0.85,0.85,0.85,0.85,0,0.0,0
1988-01-06,0.85,0.85,0.85,0.85,0,0.0,0
1988-01-07,0.0,1.06,0.92,0.92,100,0.0,0
1988-01-08,0.92,0.92,0.92,0.92,0,0.0,0
1988-01-11,0.92,0.92,0.92,0.92,0,0.0,0
1988-01-12,0.92,0.92,0.92,0.92,0,0.0,0
1988-01-13,0.92,0.92,0.92,0.92,0,0.0,0
1988-01-14,0.0,1.35,1.14,1.14,1000,0.0,0
1988-01-15,0.0,1.28,1.14,1.14,1000,0.0,0
1988-01-18,0.0,1.28,1.06,1.06,3500,0.0,0
1988-01-19,0.0,1.28,1.06,1.06,3000,0.0,0
1988-01-20,0.0,1.28,1.06,1.06,11000,0.0,0
1988-01-21,0.0,1.28,1.06,1.06,10000,0.0,0
1988-01-22,1.06,1.06,1.06,1.06,0,0.0,0
1988-01-25,1.06,1.06,1.06,1.06,0,0.0,0
1988-01-26,0.0,1.31,1.1,1.1,6000,0.0,0
1988-01-27,0.0,1.31,1.14,1.14,1500,0.0,0
1988-01-28,0.0,1.35,1.21,1.21,3000,0.0,0
1988-01-29,0.0,1.35,1.21,1.21,2000,0.0,0
1988-02-01,0.0,1.42,1.28,1.28,1500,0.0,0
1988-02-02,1.28,1.28,1.28,1.28,0,0.0,0
1988-02-03,0.0,1.42,1.28,1.28,4700,0.0,0
1988-02-04,0.0,1.35,1.28,1.28,5100,0.0,0
1988-02-05,0.0,1.35,1.21,1.21,1000,0.0,0
1988-02-08,0.0,1.35,1.21,1.21,500,0.0,0
1988-02-09,1.21,1.21,1.21,1.21,0,0.0,0
1988-02-10,0.0,1.35,1.21,1.21,1000,0.0,0
1988-02-11,1.21,1.21,1.21,1.21,0,0.0,0
1988-02-12,0.0,1.35,1.21,1.21,200,0.0,0
1988-02-16,0.0,1.35,1.21,1.21,1000,0.0,0
1988-02-17,1.21,1.21,1.21,1.21,0,0.0,0
1988-02-18,0.0,1.35,1.21,1.21,500,0.0,0
1988-02-19,1.21,1.21,1.21,1.21,0,0.0,0
1988-02-22,1.21,1.21,1.21,1.21,0,0.0,0
1988-02-23,0.0,1.31,1.17,1.17,2000,0.0,0
1988-02-24,1.17,1.17,1.17,1.17,0,0.0,0
1988-02-25,1.17,1.17,1.17,1.17,0,0.0,0
1988-02-26,0.0,1.28,1.14,1.14,800,0.0,0
1988-02-29,1.14,1.14,1.14,1.14,0,0.0,0
1988-03-01,1.14,1.14,1.14,1.14,0,0.0,0
1988-03-02,1.14,1.14,1.14,1.14,0,0.0,0
1988-03-03,1.14,1.14,1.14,1.14,0,0.0,0
1988-03-04,1.14,1.14,1.14,1.14,0,0.0,0
1988-03-07,0.0,1.28,1.14,1.14,100,0.0,0
1988-03-08,1.14,1.14,1.14,1.14,0,0.0,0
1988-03-09,1.14,1.14,1.14,1.14,0,0.0,0
1988-03-10,0.0,1.28,1.17,1.17,3000,0.0,0
1988-03-11,0.0,1.31,1.17,1.17,1500,0.0,0
1988-03-14,0.0,1.31,1.17,1.17,100,0.0,0
1988-03-15,1.17,1.17,1.17,1.17,0,0.0,0
1988-03-16,1.17,1.17,1.17,1.17,0,0.0,0
1988-03-17,0.0,1.38,1.24,1.24,1000,0.0,0
1988-03-18,1.24,1.24,1.24,1.24,0,0.0,0
1988-03-21,1.24,1.24,1.24,1.24,0,0.0,0
1988-03-22,0.0,1.38,1.21,1.21,100,0.0,0
1988-03-23,1.21,1.21,1.21,1.21,0,0.0,0
1988-03-24,1.21,1.21,1.21,1.21,0,0.0,0
1988-03-25,0.0,1.42,1.28,1.28,5500,0.0,0
1988-03-28,1.28,1.28,1.28,1.28,0,0.0,0
1988-03-29,1.28,1.28,1.28,1.28,0,0.0,0
1988-03-30,1.28,1.28,1.28,1.28,0,0.0,0
1988-03-31,1.28,1.28,1.28,1.28,0,0.0,0
1988-04-04,1.28,1.28,1.28,1.28,0,0.0,0
1988-04-05,0.0,1.35,1.14,1.14,300,0.0,0
1988-04-06,1.14,1.14,1.14,1.14,0,0.0,0
1988-04-07,0.0,1.35,1.14,1.14,500,0.0,0
1988-04-08,1.14,1.14,1.14,1.14,0,0.0,0
1988-04-11,1.14,1.14,1.14,1.14,0,0.0,0
1988-04-12,0.0,1.28,1.14,1.14,7000,0.0,0
1988-04-13,0.0,1.21,1.14,1.14,1000,0.0,0
1988-04-14,1.14,1.14,1.14,1.14,0,0.0,0
1988-04-15,0.0,1.17,1.03,1.03,2500,0.0,0
1988-04-18,0.0,1.17,1.03,1.03,200,0.0,0
1988-04-19,1.03,1.03,1.03,1.03,0,0.0,0
1988-04-20,1.03,1.03,1.03,1.03,0,0.0,0
1988-04-21,1.03,1.03,1.03,1.03,0,0.0,0
1988-04-22,1.03,1.03,1.03,1.03,0,0.0,0
1988-04-25,1.03,1.03,1.03,1.03,0,0.0,0
1988-04-26,1.03,1.03,1.03,1.03,0,0.0,0
1988-04-27,1.03,1.03,1.03,1.03,0,0.0,0
1988-04-28,1.03,1.03,1.03,1.03,0,0.0,0
1988-04-29,1.03,1.03,1.03,1.03,0,0.0,0
1988-05-02,1.03,1.03,1.03,1.03,0,0.0,0
1988-05-03,1.03,1.03,1.03,1.03,0,0.0,0
1988-05-04,1.03,1.03,1.03,1.03,0,0.0,0
1988-05-05,1.03,1.03,1.03,1.03,0,0.0,0
1988-05-06,1.03,1.03,1.03,1.03,0,0.0,0
1988-05-09,1.03,1.03,1.03,1.03,0,0.0,0
1988-05-10,0.0,1.21,0.99,0.99,2000,0.0,0
1988-05-11,0.0,1.35,1.14,1.14,6900,0.0,0
1988-05-12,0.0,1.28,1.14,1.14,5000,0.0,0
1988-05-13,0.0,1.28,1.14,1.14,300,0.0,0
1988-05-16,1.14,1.14,1.14,1.14,0,0.0,0
1988-05-17,0.0,1.28,1.17,1.17,200,0.0,0
1988-05-18,1.17,1.17,1.17,1.17,0,0.0,0
1988-05-19,1.17,1.17,1.17,1.17,0,0.0,0
1988-05-20,0.0,1.28,1.14,1.14,400,0.0,0
1988-05-23,1.14,1.14,1.14,1.14,0,0.0,0
1988-05-24,0.0,1.24,1.14,1.14,3000,0.0,0
1988-05-25,0.0,1.21,1.1,1.1,1500,0.0,0
1988-05-26,0.0,1.24,1.1,1.1,1600,0.0,0
1988-05-27,1.1,1.1,1.1,1.1,0,0.0,0
1988-05-31,1.1,1.1,1.1,1.1,0,0.0,0
1988-06-01,1.1,1.1,1.1,1.1,0,0.0,0
1988-06-02,1.1,1.1,1.1,1.1,0,0.0,0
1988-06-03,1.1,1.1,1.1,1.1,0,0.0,0
1988-06-06,1.1,1.1,1.1,1.1,0,0.0,0
1988-06-07,1.1,1.1,1.1,1.1,0,0.0,0
1988-06-08,1.1,1.1,1.1,1.1,0,0.0,0
1988-06-09,0.0,1.28,1.17,1.17,3000,0.0,0
1988-06-10,0.0,1.28,1.17,1.17,1000,0.0,0
1988-06-13,1.17,1.17,1.17,1.17,0,0.0,0
1988-06-14,1.17,1.17,1.17,1.17,0,0.0,0
1988-06-15,1.17,1.17,1.17,1.17,0,0.0,0
1988-06-16,0.0,1.35,1.21,1.21,700,0.0,0
1988-06-17,1.21,1.21,1.21,1.21,0,0.0,0
1988-06-20,1.21,1.21,1.21,1.21,0,0.0,0
1988-06-21,0.0,1.35,1.21,1.21,1000,0.0,0
1988-06-22,1.21,1.21,1.21,1.21,0,0.0,0
1988-06-23,1.21,1.21,1.21,1.21,0,0.0,0
1988-06-24,0.0,1.35,1.21,1.21,100,0.0,0
1988-06-27,1.21,1.21,1.21,1.21,0,0.0,0
1988-06-28,1.21,1.21,1.21,1.21,0,0.0,0
1988-06-29,0.0,1.35,1.21,1.21,500,0.0,0
1988-06-30,1.21,1.21,1.21,1.21,0,0.0,0
1988-07-01,1.21,1.21,1.21,1.21,0,0.0,0
1988-07-05,0.0,1.35,1.17,1.17,4100,0.0,0
1988-07-06,1.17,1.17,1.17,1.17,0,0.0,0
1988-07-07,1.17,1.17,1.17,1.17,0,0.0,0
1988-07-08,1.17,1.17,1.17,1.17,0,0.0,0
1988-07-11,0.0,1.35,1.17,1.17,500,0.0,0
1988-07-12,1.17,1.17,1.17,1.17,0,0.0,0
1988-07-13,1.17,1.17,1.17,1.17,0,0.0,0
1988-07-14,1.17,1.17,1.17,1.17,0,0.0,0
1988-07-15,1.17,1.17,1.17,1.17,0,0.0,0
1988-07-18,1.17,1.17,1.17,1.17,0,0.0,0
1988-07-19,0.0,1.21,1.14,1.14,6000,0.0,0
1988-07-20,0.0,1.21,1.14,1.14,200,0.0,0
1988-07-21,0.0,1.21,1.14,1.14,1000,0.0,0
1988-07-22,0.0,1.21,1.14,1.14,1800,0.0,0
1988-07-25,0.0,1.14,0.99,0.99,3500,0.0,0
1988-07-26,0.99,0.99,0.99,0.99,0,0.0,0
1988-07-27,0.0,1.14,0.99,0.99,3100,0.0,0
1988-07-28,0.99,0.99,0.99,0.99,0,0.0,0
1988-07-29,0.99,0.99,0.99,0.99,0,0.0,0
1988-08-01,0.0,1.14,0.99,0.99,100,0.0,0
1988-08-02,0.0,1.14,0.96,0.96,1000,0.0,0
1988-08-03,0.0,1.1,0.96,0.96,2000,0.0,0
1988-08-04,0.0,1.1,0.96,0.96,600,0.0,0
1988-08-05,0.96,0.96,0.96,0.96,0,0.0,0
1988-08-08,0.96,0.96,0.96,0.96,0,0.0,0
1988-08-09,0.96,0.96,0.96,0.96,0,0.0,0
1988-08-10,0.0,1.06,0.92,0.92,7000,0.0,0
1988-08-11,0.0,1.06,0.92,0.92,2000,0.0,0
1988-08-12,0.0,1.06,0.92,0.92,1000,0.0,0
1988-08-15,0.0,1.03,0.92,0.92,3000,0.0,0
1988-08-16,0.0,1.03,0.92,0.92,3000,0.0,0
1988-08-17,0.0,1.06,0.92,0.92,1000,0.0,0
1988-08-18,0.0,1.06,0.92,0.92,2000,0.0,0
1988-08-19,0.92,0.92,0.92,0.92,0,0.0,0
1988-08-22,0.0,1.03,0.85,0.85,4000,0.0,0
1988-08-23,0.0,1.03,0.85,0.85,500,0.0,0
1988-08-24,0.85,0.85,0.85,0.85,0,0.0,0
1988-08-25,0.85,0.85,0.85,0.85,0,0.0,0
1988-08-26,0.85,0.85,0.85,0.85,0,0.0,0
1988-08-29,0.0,0.99,0.85,0.85,3700,0.0,0
1988-08-30,0.0,0.99,0.78,0.78,2000,0.0,0
1988-08-31,0.0,0.96,0.78,0.78,1000,0.0,0
1988-09-01,0.0,0.92,0.78,0.78,4000,0.0,0
1988-09-02,0.0,0.92,0.78,0.78,500,0.0,0
1988-09-06,0.78,0.78,0.78,0.78,0,0.0,0
1988-09-07,0.78,0.78,0.78,0.78,0,0.0,0
1988-09-08,0.78,0.78,0.78,0.78,0,0.0,0
1988-09-09,0.78,0.78,0.78,0.78,0,0.0,0
1988-09-12,0.0,0.96,0.78,0.78,100,0.0,0
1988-09-13,0.78,0.78,0.78,0.78,0,0.0,0
1988-09-14,0.0,0.96,0.78,0.78,5000,0.0,0
1988-09-15,0.78,0.78,0.78,0.78,0,0.0,0
1988-09-16,0.78,0.78,0.78,0.78,0,0.0,0
1988-09-19,0.78,0.78,0.78,0.78,0,0.0,0
1988-09-20,0.0,0.92,0.78,0.78,6200,0.0,0
1988-09-21,0.78,0.78,0.78,0.78,0,0.0,0
1988-09-22,0.78,0.78,0.78,0.78,0,0.0,0
1988-09-23,0.0,0.92,0.78,0.78,500,0.0,0
1988-09-26,0.78,0.78,0.78,0.78,0,0.0,0
1988-09-27,0.78,0.78,0.78,0.78,0,0.0,0
1988-09-28,0.78,0.78,0.78,0.78,0,0.0,0
1988-09-29,0.78,0.78,0.78,0.78,0,0.0,0
1988-09-30,0.78,0.78,0.78,0.78,0,0.0,0
1988-10-03,0.78,0.78,0.78,0.78,0,0.0,0
1988-10-04,0.0,0.92,0.78,0.78,1800,0.0,0
1988-10-05,0.78,0.78,0.78,0.78,0,0.0,0
1988-10-06,0.0,0.99,0.85,0.85,4400,0.0,0
1988-10-07,0.85,0.85,0.85,0.85,0,0.0,0
1988-10-10,0.85,0.85,0.85,0.85,0,0.0,0
1988-10-11,0.85,0.85,0.85,0.85,0,0.0,0
1988-10-12,0.85,0.85,0.85,0.85,0,0.0,0
1988-10-13,0.0,1.06,0.92,0.92,2500,0.0,0
1988-10-14,0.92,0.92,0.92,0.92,0,0.0,0
1988-10-17,0.0,1.06,0.92,0.92,2000,0.0,0
1988-10-18,0.92,0.92,0.92,0.92,0,0.0,0
1988-10-19,0.0,0.99,0.92,0.92,1000,0.0,0
1988-10-20,0.92,0.92,0.92,0.92,0,0.0,0
1988-10-21,0.92,0.92,0.92,0.92,0,0.0,0
1988-10-24,0.92,0.92,0.92,0.92,0,0.0,0
1988-10-25,0.92,0.92,0.92,0.92,0,0.0,0
1988-10-26,0.92,0.92,0.92,0.92,0,0.0,0
1988-10-27,0.0,0.99,0.92,0.92,100,0.0,0
1988-10-28,0.92,0.92,0.92,0.92,0,0.0,0
1988-10-31,0.92,0.92,0.92,0.92,0,0.0,0
1988-11-01,0.0,0.99,0.89,0.89,500,0.0,0
1988-11-02,0.89,0.89,0.89,0.89,0,0.0,0
1988-11-03,0.89,0.89,0.89,0.89,0,0.0,0
1988-11-04,0.89,0.89,0.89,0.89,0,0.0,0
1988-11-07,0.0,0.99,0.85,0.85,1600,0.0,0
1988-11-08,0.85,0.85,0.85,0.85,0,0.0,0
1988-11-09,0.85,0.85,0.85,0.85,0,0.0,0
1988-11-10,0.85,0.85,0.85,0.85,0,0.0,0
1988-11-11,0.85,0.85,0.85,0.85,0,0.0,0
1988-11-14,0.85,0.85,0.85,0.85,0,0.0,0
1988-11-15,0.85,0.85,0.85,0.85,0,0.0,0
1988-11-16,0.0,0.92,0.78,0.78,4000,0.0,0
1988-11-17,0.78,0.78,0.78,0.78,0,0.0,0
1988-11-18,0.78,0.78,0.78,0.78,0,0.0,0
1988-11-21,0.0,0.92,0.78,0.78,2000,0.0,0
1988-11-22,0.78,0.78,0.78,0.78,0,0.0,0
1988-11-23,0.78,0.78,0.78,0.78,0,0.0,0
1988-11-25,0.78,0.78,0.78,0.78,0,0.0,0
1988-11-28,0.78,0.78,0.78,0.78,0,0.0,0
1988-11-29,0.0,0.92,0.78,0.78,1000,0.0,0
1988-11-30,0.78,0.78,0.78,0.78,0,0.0,0
1988-12-01,0.0,0.85,0.78,0.78,2000,0.0,0
1988-12-02,0.78,0.78,0.78,0.78,0,0.0,0
1988-12-05,0.78,0.78,0.78,0.78,0,0.0,0
1988-12-06,0.0,0.92,0.78,0.78,2500,0.0,0
1988-12-07,0.78,0.78,0.78,0.78,0,0.0,0
1988-12-08,0.78,0.78,0.78,0.78,0,0.0,0
1988-12-09,0.78,0.78,0.78,0.78,0,0.0,0
1988-12-12,0.78,0.78,0.78,0.78,0,0.0,0
1988-12-13,0.78,0.78,0.78,0.78,0,0.0,0
1988-12-14,0.78,0.78,0.78,0.78,0,0.0,0
1988-12-15,0.78,0.78,0.78,0.78,0,0.0,0
1988-12-16,0.78,0.78,0.78,0.78,0,0.0,0
1988-12-19,0.0,0.92,0.75,0.75,9500,0.0,0
1988-12-20,0.75,0.75,0.75,0.75,0,0.0,0
1988-12-21,0.0,0.92,0.75,0.75,0,0.0,0
1988-12-22,0.75,0.75,0.75,0.75,0,0.0,0
1988-12-23,0.75,0.75,0.75,0.75,0,0.0,0
1988-12-27,0.0,0.92,0.75,0.75,500,0.0,0
1988-12-28,0.75,0.75,0.75,0.75,0,0.0,0
1988-12-29,0.75,0.75,0.75,0.75,0,0.0,0
1988-12-30,0.75,0.75,0.75,0.75,0,0.0,0
1989-01-03,0.75,0.75,0.75,0.75,0,0.0,0
1989-01-04,0.75,0.75,0.75,0.75,0,0.0,0
1989-01-05,0.75,0.75,0.75,0.75,0,0.0,0
1989-01-06,0.75,0.75,0.75,0.75,0,0.0,0
1989-01-09,0.75,0.75,0.75,0.75,0,0.0,0
1989-01-10,0.0,0.96,0.85,0.85,1000,0.0,0
1989-01-11,0.85,0.85,0.85,0.85,0,0.0,0
1989-01-12,0.85,0.85,0.85,0.85,0,0.0,0
1989-01-13,0.85,0.85,0.85,0.85,0,0.0,0
1989-01-16,0.85,0.85,0.85,0.85,0,0.0,0
1989-01-17,0.85,0.85,0.85,0.85,0,0.0,0
1989-01-18,0.85,0.85,0.85,0.85,0,0.0,0
1989-01-19,0.85,0.85,0.85,0.85,0,0.0,0
1989-01-20,0.85,0.85,0.85,0.85,0,0.0,0
1989-01-23,0.85,0.85,0.85,0.85,0,0.0,0
1989-01-24,0.0,1.14,0.99,0.99,300,0.0,0
1989-01-25,0.0,1.14,0.99,0.99,300,0.0,0
1989-01-26,0.99,0.99,0.99,0.99,0,0.0,0
1989-01-27,0.0,1.14,0.99,0.99,2500,0.0,0
1989-01-30,0.0,1.1,0.96,0.96,600,0.0,0
1989-01-31,0.96,0.96,0.96,0.96,0,0.0,0
1989-02-01,0.96,0.96,0.96,0.96,0,0.0,0
1989-02-02,0.96,0.96,0.96,0.96,0,0.0,0
1989-02-03,0.0,1.1,1.03,1.03,11000,0.0,0
1989-02-06,0.0,1.06,0.99,0.99,4500,0.0,0
1989-02-07,0.0,1.1,0.99,0.99,2500,0.0,0
1989-02-08,0.0,1.1,1.03,1.03,3000,0.0,0
1989-02-09,0.0,1.1,1.03,1.03,2500,0.0,0
1989-02-10,0.0,1.1,1.03,1.03,4500,0.0,0
1989-02-13,0.0,1.1,0.96,0.96,1000,0.0,0
1989-02-14,0.96,0.96,0.96,0.96,0,0.0,0
1989-02-15,0.96,0.96,0.96,0.96,0,0.0,0
1989-02-16,0.96,0.96,0.96,0.96,0,0.0,0
1989-02-17,0.0,1.1,0.99,0.99,9000,0.0,0
1989-02-21,0.99,0.99,0.99,0.99,0,0.0,0
1989-02-22,0.99,0.99,0.99,0.99,0,0.0,0
1989-02-23,0.99,0.99,0.99,0.99,0,0.0,0
1989-02-24,0.99,0.99,0.99,0.99,0,0.0,0
1989-02-27,0.99,0.99,0.99,0.99,0,0.0,0
1989-02-28,0.0,1.06,0.99,0.99,500,0.0,0
1989-03-01,0.99,0.99,0.99,0.99,0,0.0,0
1989-03-02,0.99,0.99,0.99,0.99,0,0.0,0
1989-03-03,0.99,0.99,0.99,0.99,0,0.0,0
1989-03-06,0.0,1.06,0.96,0.96,2000,0.0,0
1989-03-07,0.0,1.06,0.96,0.96,1000,0.0,0
1989-03-08,0.0,1.03,0.92,0.92,1000,0.0,0
1989-03-09,0.92,0.92,0.92,0.92,0,0.0,0
1989-03-10,0.92,0.92,0.92,0.92,0,0.0,0
1989-03-13,0.0,1.03,0.96,0.96,1100,0.0,0
1989-03-14,0.0,1.06,0.99,0.99,6500,0.0,0
1989-03-15,0.0,1.06,0.99,0.99,4000,0.0,0
1989-03-16,0.0,1.06,0.96,0.96,8500,0.0,0
1989-03-17,0.0,1.06,0.99,0.99,6500,0.0,0
1989-03-20,0.99,0.99,0.99,0.99,0,0.0,0
1989-03-21,0.99,0.99,0.99,0.99,0,0.0,0
1989-03-22,0.0,1.06,0.96,0.96,15000,0.0,0
1989-03-23,0.0,0.96,0.92,0.92,15000,0.0,0
1989-03-27,0.0,0.96,0.92,0.92,1000,0.0,0
1989-03-28,0.0,0.99,0.92,0.92,4000,0.0,0
1989-03-29,0.92,0.92,0.92,0.92,0,0.0,0
1989-03-30,0.0,0.99,0.96,0.96,5000,0.0,0
1989-03-31,0.0,0.99,0.96,0.96,300,0.0,0
1989-04-03,0.0,0.99,0.96,0.96,5000,0.0,0
1989-04-04,0.0,0.99,0.96,0.96,3000,0.0,0
1989-04-05,0.0,1.03,0.99,0.99,2000,0.0,0
1989-04-06,0.0,1.06,0.99,0.99,2700,0.0,0
1989-04-07,0.99,0.99,0.99,0.99,0,0.0,0
1989-04-10,0.0,1.06,0.99,0.99,2000,0.0,0
1989-04-11,0.0,1.1,0.99,0.99,800,0.0,0
1989-04-12,0.0,1.17,1.06,1.06,2500,0.0,0
1989-04-13,0.0,1.24,1.17,1.17,2000,0.0,0
1989-04-14,1.17,1.17,1.17,1.17,0,0.0,0
1989-04-17,0.0,1.24,1.21,1.21,1000,0.0,0
1989-04-18,0.0,1.28,1.21,1.21,2500,0.0,0
1989-04-19,0.0,1.28,1.21,1.21,100,0.0,0
1989-04-20,0.0,1.28,1.21,1.21,400,0.0,0
1989-04-21,0.0,1.24,1.21,1.21,7800,0.0,0
1989-04-24,0.0,1.24,1.17,1.17,2000,0.0,0
1989-04-25,1.17,1.17,1.17,1.17,0,0.0,0
1989-04-26,1.17,1.17,1.17,1.17,0,0.0,0
1989-04-27,0.0,1.17,1.1,1.1,5000,0.0,0
1989-04-28,1.1,1.1,1.1,1.1,0,0.0,0
1989-05-01,0.0,1.14,1.06,1.06,500,0.0,0
1989-05-02,1.06,1.06,1.06,1.06,0,0.0,0
1989-05-03,0.0,1.06,0.92,0.92,5500,0.0,0
1989-05-04,0.92,0.92,0.92,0.92,0,0.0,0
1989-05-05,0.0,1.06,0.96,0.96,500,0.0,0
1989-05-08,0.96,0.96,0.96,0.96,0,0.0,0
1989-05-09,0.96,0.96,0.96,0.96,0,0.0,0
1989-05-10,0.0,1.06,0.96,0.96,2000,0.0,0
1989-05-11,0.96,0.96,0.96,0.96,0,0.0,0
1989-05-12,0.0,1.06,0.96,0.96,4000,0.0,0
1989-05-15,0.0,1.06,0.96,0.96,2000,0.0,0
1989-05-16,0.96,0.96,0.96,0.96,0,0.0,0
1989-05-17,0.96,0.96,0.96,0.96,0,0.0,0
1989-05-18,0.96,0.96,0.96,0.96,0,0.0,0
1989-05-19,0.96,0.96,0.96,0.96,0,0.0,0
1989-05-22,0.96,0.96,0.96,0.96,0,0.0,0
1989-05-23,0.0,1.06,0.96,0.96,2000,0.0,0
1989-05-24,0.96,0.96,0.96,0.96,0,0.0,0
1989-05-25,0.0,1.03,0.99,0.99,11400,0.0,0
1989-05-26,0.99,0.99,0.99,0.99,0,0.0,0
1989-05-30,0.0,1.03,0.99,0.99,9000,0.0,0
1989-05-31,0.0,1.03,0.92,0.92,2000,0.0,0
1989-06-01,0.0,1.06,0.96,0.96,8900,0.0,0
1989-06-02,0.0,1.06,0.99,0.99,2300,0.0,0
1989-06-05,0.0,1.06,0.99,0.99,5300,0.0,0
1989-06-06,0.99,0.99,0.99,0.99,0,0.0,0
1989-06-07,0.99,0.99,0.99,0.99,0,0.0,0
1989-06-08,0.0,1.24,1.17,1.17,3500,0.0,0
1989-06-09,1.17,1.17,1.17,1.17,0,0.0,0
1989-06-12,1.17,1.17,1.17,1.17,0,0.0,0
1989-06-13,1.17,1.17,1.17,1.17,0,0.0,0
1989-06-14,1.17,1.17,1.17,1.17,0,0.0,0
1989-06-15,0.0,1.21,1.1,1.1,500,0.0,0
1989-06-16,1.1,1.1,1.1,1.1,0,0.0,0
1989-06-19,1.1,1.1,1.1,1.1,0,0.0,0
1989-06-20,1.1,1.1,1.1,1.1,0,0.0,0
1989-06-21,0.0,1.21,1.14,1.14,2000,0.0,0
1989-06-22,1.14,1.14,1.14,1.14,0,0.0,0
1989-06-23,1.14,1.14,1.14,1.14,0,0.0,0
1989-06-26,1.14,1.14,1.14,1.14,0,0.0,0
1989-06-27,0.0,1.31,1.24,1.24,7500,0.0,0
1989-06-28,1.24,1.24,1.24,1.24,0,0.0,0
1989-06-29,0.0,1.31,1.24,1.24,1500,0.0,0
1989-06-30,1.24,1.24,1.24,1.24,0,0.0,0
1989-07-03,0.0,1.31,1.21,1.21,600,0.0,0
1989-07-05,0.0,1.31,1.21,1.21,600,0.0,0
1989-07-06,0.0,1.31,1.21,1.21,6000,0.0,0
1989-07-07,0.0,1.28,1.21,1.21,1000,0.0,0
1989-07-10,1.21,1.21,1.21,1.21,0,0.0,0
1989-07-11,0.0,1.24,1.21,1.21,500,0.0,0
1989-07-12,0.0,1.24,1.17,1.17,500,0.0,0
1989-07-13,1.17,1.17,1.17,1.17,0,0.0,0
1989-07-14,0.0,1.17,1.1,1.1,500,0.0,0
1989-07-17,0.0,1.17,1.1,1.1,500,0.0,0
1989-07-18,0.0,1.17,1.1,1.1,500,0.0,0
1989-07-19,0.0,1.17,1.06,1.06,1500,0.0,0
1989-07-20,0.0,1.17,1.06,1.06,400,0.0,0
1989-07-21,1.06,1.06,1.06,1.06,0,0.0,0
1989-07-24,1.06,1.06,1.06,1.06,0,0.0,0
1989-07-25,0.0,1.17,1.06,1.06,500,0.0,0
1989-07-26,1.06,1.06,1.06,1.06,0,0.0,0
1989-07-27,1.06,1.06,1.06,1.06,0,0.0,0
1989-07-28,0.0,1.17,1.1,1.1,2100,0.0,0
1989-07-31,0.0,1.21,1.1,1.1,0,0.0,0
1989-08-01,1.1,1.1,1.1,1.1,0,0.0,0
1989-08-02,1.1,1.1,1.1,1.1,0,0.0,0
1989-08-03,0.0,1.17,1.1,1.1,10500,0.0,0
1989-08-04,1.1,1.1,1.1,1.1,0,0.0,0
1989-08-07,0.0,1.1,1.03,1.03,9000,0.0,0
1989-08-08,0.0,1.14,1.06,1.06,1000,0.0,0
1989-08-09,0.0,1.14,1.06,1.06,5500,0.0,0
1989-08-10,0.0,1.14,1.06,1.06,3700,0.0,0
1989-08-11,0.0,1.14,1.06,1.06,3000,0.0,0
1989-08-14,0.0,1.21,1.1,1.1,2500,0.0,0
1989-08-15,0.0,1.21,1.1,1.1,1000,0.0,0
1989-08-16,1.1,1.1,1.1,1.1,0,0.0,0
1989-08-17,0.0,1.17,1.06,1.06,10000,0.0,0
1989-08-18,0.0,1.17,1.06,1.06,500,0.0,0
1989-08-21,0.0,1.17,1.06,1.06,500,0.0,0
1989-08-22,0.0,1.17,1.06,1.06,4900,0.0,0
1989-08-23,0.0,1.14,1.06,1.06,1100,0.0,0
1989-08-24,1.06,1.06,1.06,1.06,0,0.0,0
1989-08-25,0.0,1.14,1.06,1.06,52000,0.0,0
1989-08-28,1.06,1.06,1.06,1.06,0,0.0,0
1989-08-29,1.06,1.06,1.06,1.06,0,0.0,0
1989-08-30,0.0,1.14,1.06,1.06,30000,0.0,0
1989-08-31,1.06,1.06,1.06,1.06,0,0.0,0
1989-09-01,0.0,1.14,1.06,1.06,8700,0.0,0
1989-09-05,0.0,1.14,1.06,1.06,1000,0.0,0
1989-09-06,1.06,1.06,1.06,1.06,0,0.0,0
1989-09-07,0.0,1.14,1.06,1.06,300,0.0,0
1989-09-08,1.06,1.06,1.06,1.06,0,0.0,0
1989-09-11,1.06,1.06,1.06,1.06,0,0.0,0
1989-09-12,0.0,1.14,1.06,1.06,3000,0.0,0
1989-09-13,0.0,1.14,1.06,1.06,5500,0.0,0
1989-09-14,0.0,1.14,1.06,1.06,2300,0.0,0
1989-09-15,1.06,1.06,1.06,1.06,0,0.0,0
1989-09-18,1.06,1.06,1.06,1.06,0,0.0,0
1989-09-19,0.0,1.14,1.06,1.06,100,0.0,0
1989-09-20,1.06,1.06,1.06,1.06,0,0.0,0
1989-09-21,1.06,1.06,1.06,1.06,0,0.0,0
1989-09-22,0.0,1.14,1.06,1.06,1500,0.0,0
1989-09-25,1.06,1.06,1.06,1.06,0,0.0,0
1989-09-26,0.0,1.14,1.06,1.06,5000,0.0,0
1989-09-27,0.0,1.14,1.06,1.06,15000,0.0,0
1989-09-28,0.0,1.06,1.03,1.03,15000,0.0,0
1989-09-29,0.0,1.14,1.03,1.03,68000,0.0,0
1989-10-02,0.0,1.14,1.03,1.03,23000,0.0,0
1989-10-03,0.0,1.14,1.06,1.06,10000,0.0,0
1989-10-04,0.0,1.14,1.06,1.06,5500,0.0,0
1989-10-05,0.0,1.14,1.03,1.03,500,0.0,0
1989-10-06,1.03,1.03,1.03,1.03,0,0.0,0
1989-10-09,1.03,1.03,1.03,1.03,0,0.0,0
1989-10-10,0.0,1.1,1.03,1.03,50000,0.0,0
1989-10-11,1.03,1.03,1.03,1.03,0,0.0,0
1989-10-12,1.03,1.03,1.03,1.03,0,0.0,0
1989-10-13,0.0,1.1,0.99,0.99,9000,0.0,0
1989-10-16,0.0,1.03,0.96,0.96,500,0.0,0
1989-10-17,0.0,1.03,0.99,0.99,5600,0.0,0
1989-10-18,0.0,1.21,1.1,1.1,47900,0.0,0
1989-10-19,1.1,1.1,1.1,1.1,0,0.0,0
1989-10-20,0.0,1.21,1.1,1.1,15200,0.0,0
1989-10-23,0.0,1.1,0.99,0.99,2500,0.0,0
1989-10-24,0.0,1.1,0.99,0.99,2000,0.0,0
1989-10-25,0.0,1.06,0.99,0.99,1000,0.0,0
1989-10-26,0.99,0.99,0.99,0.99,0,0.0,0
1989-10-27,0.0,1.03,0.96,0.96,7000,0.0,0
1989-10-30,0.0,1.03,0.96,0.96,28500,0.0,0
1989-10-31,0.0,1.03,0.96,0.96,500,0.0,0
1989-11-01,0.0,1.06,0.99,0.99,7900,0.0,0
1989-11-02,0.99,0.99,0.99,0.99,0,0.0,0
1989-11-03,0.99,0.99,0.99,0.99,0,0.0,0
1989-11-06,0.0,1.06,0.99,0.99,1500,0.0,0
1989-11-07,0.0,1.03,0.96,0.96,1000,0.0,0
1989-11-08,0.96,0.96,0.96,0.96,0,0.0,0
1989-11-09,0.96,0.96,0.96,0.96,0,0.0,0
1989-11-10,0.0,0.99,0.92,0.92,4400,0.0,0
1989-11-13,0.0,0.99,0.92,0.92,3000,0.0,0
1989-11-14,0.92,0.92,0.92,0.92,0,0.0,0
1989-11-15,0.0,0.99,0.92,0.92,4000,0.0,0
1989-11-16,0.92,0.92,0.92,0.92,0,0.0,0
1989-11-17,0.92,0.92,0.92,0.92,0,0.0,0
1989-11-20,0.0,0.96,0.89,0.89,4000,0.0,0
1989-11-21,0.0,0.99,0.89,0.89,2000,0.0,0
1989-11-22,0.89,0.89,0.89,0.89,0,0.0,0
1989-11-24,0.89,0.89,0.89,0.89,0,0.0,0
1989-11-27,0.89,0.89,0.89,0.89,0,0.0,0
1989-11-28,0.89,0.89,0.89,0.89,0,0.0,0
1989-11-29,0.89,0.89,0.89,0.89,0,0.0,0
1989-11-30,0.89,0.89,0.89,0.89,0,0.0,0
1989-12-01,0.89,0.89,0.89,0.89,0,0.0,0
1989-12-04,0.89,0.89,0.89,0.89,0,0.0,0
1989-12-05,0.89,0.89,0.89,0.89,0,0.0,0
1989-12-06,0.0,0.99,0.89,0.89,2200,0.0,0
1989-12-07,0.89,0.89,0.89,0.89,0,0.0,0
1989-12-08,0.89,0.89,0.89,0.89,0,0.0,0
1989-12-11,0.89,0.89,0.89,0.89,0,0.0,0
1989-12-12,0.0,0.99,0.89,0.89,2000,0.0,0
1989-12-13,0.89,0.89,0.89,0.89,0,0.0,0
1989-12-14,0.0,0.92,0.85,0.85,12000,0.0,0
1989-12-15,0.0,0.92,0.85,0.85,500,0.0,0
1989-12-18,0.0,0.92,0.85,0.85,500,0.0,0
1989-12-19,0.0,0.92,0.85,0.85,10500,0.0,0
1989-12-20,0.85,0.85,0.85,0.85,0,0.0,0
1989-12-21,0.0,0.92,0.85,0.85,2000,0.0,0
1989-12-22,0.85,0.85,0.85,0.85,0,0.0,0
1989-12-26,0.85,0.85,0.85,0.85,0,0.0,0
1989-12-27,0.0,0.92,0.82,0.82,1000,0.0,0
1989-12-28,0.82,0.82,0.82,0.82,0,0.0,0
1989-12-29,0.82,0.82,0.82,0.82,0,0.0,0
1990-01-02,0.82,0.82,0.82,0.82,0,0.0,0
1990-01-03,0.82,0.82,0.82,0.82,0,0.0,0
1990-01-04,0.0,0.96,0.85,0.85,500,0.0,0
1990-01-05,0.0,0.99,0.85,0.85,3000,0.0,0
1990-01-08,0.85,0.85,0.85,0.85,0,0.0,0
1990-01-09,0.0,0.99,0.85,0.85,1000,0.0,0
1990-01-10,0.0,0.99,0.85,0.85,400,0.0,0
1990-01-11,0.85,0.85,0.85,0.85,0,0.0,0
1990-01-12,0.85,0.85,0.85,0.85,0,0.0,0
1990-01-15,0.0,0.99,0.85,0.85,2000,0.0,0
1990-01-16,0.0,0.92,0.85,0.85,10000,0.0,0
1990-01-17,0.0,0.92,0.78,0.78,17500,0.0,0
1990-01-18,0.78,0.78,0.78,0.78,0,0.0,0
1990-01-19,0.0,0.92,0.78,0.78,1000,0.0,0
1990-01-22,0.78,0.78,0.78,0.78,0,0.0,0
1990-01-23,0.78,0.78,0.78,0.78,0,0.0,0
1990-01-24,0.0,0.85,0.78,0.78,800,0.0,0
1990-01-25,0.78,0.78,0.78,0.78,0,0.0,0
1990-01-26,0.78,0.78,0.78,0.78,0,0.0,0
1990-01-29,0.78,0.78,0.78,0.78,0,0.0,0
1990-01-30,0.0,0.92,0.78,0.78,5000,0.0,0
1990-01-31,0.78,0.78,0.78,0.78,0,0.0,0
1990-02-01,0.78,0.78,0.78,0.78,0,0.0,0
1990-02-02,0.78,0.78,0.78,0.78,0,0.0,0
1990-02-05,0.78,0.78,0.78,0.78,0,0.0,0
1990-02-06,0.0,0.96,0.85,0.85,2000,0.0,0
1990-02-07,0.0,0.99,0.85,0.85,2000,0.0,0
1990-02-08,0.85,0.85,0.85,0.85,0,0.0,0
1990-02-09,0.85,0.85,0.85,0.85,0,0.0,0
1990-02-12,0.85,0.85,0.85,0.85,0,0.0,0
1990-02-13,0.85,0.85,0.85,0.85,0,0.0,0
1990-02-14,0.0,0.99,0.89,0.89,1100,0.0,0
1990-02-15,0.89,0.89,0.89,0.89,0,0.0,0
1990-02-16,0.89,0.89,0.89,0.89,0,0.0,0
1990-02-20,0.0,0.99,0.89,0.89,500,0.0,0
1990-02-21,0.89,0.89,0.89,0.89,0,0.0,0
1990-02-22,0.89,0.89,0.89,0.89,0,0.0,0
1990-02-23,0.89,0.89,0.89,0.89,0,0.0,0
1990-02-26,0.89,0.89,0.89,0.89,0,0.0,0
1990-02-27,0.89,0.89,0.89,0.89,0,0.0,0
1990-02-28,0.89,0.89,0.89,0.89,0,0.0,0
1990-03-01,0.89,0.89,0.89,0.89,0,0.0,0
1990-03-02,0.0,1.06,0.92,0.92,13000,0.0,0
1990-03-05,0.0,1.06,0.92,0.92,500,0.0,0
1990-03-06,0.0,1.06,0.92,0.92,500,0.0,0
1990-03-07,0.0,1.06,0.92,0.92,1000,0.0,0
1990-03-08,0.0,1.06,0.92,0.92,6200,0.0,0
1990-03-09,0.0,1.06,0.96,0.96,7000,0.0,0
1990-03-12,0.96,0.96,0.96,0.96,0,0.0,0
1990-03-13,0.96,0.96,0.96,0.96,0,0.0,0
1990-03-14,0.0,1.06,0.92,0.92,1000,0.0,0
1990-03-15,0.0,1.06,0.92,0.92,500,0.0,0
1990-03-16,0.0,0.99,0.92,0.92,3000,0.0,0
1990-03-19,0.92,0.92,0.92,0.92,0,0.0,0
1990-03-20,0.92,0.92,0.92,0.92,0,0.0,0
1990-03-21,0.92,0.92,0.92,0.92,0,0.0,0
1990-03-22,0.92,0.92,0.92,0.92,0,0.0,0
1990-03-23,0.0,0.99,0.89,0.89,400,0.0,0
1990-03-26,0.89,0.89,0.89,0.89,0,0.0,0
1990-03-27,0.89,0.89,0.89,0.89,0,0.0,0
1990-03-28,0.89,0.89,0.89,0.89,0,0.0,0
1990-03-29,0.89,0.89,0.89,0.89,0,0.0,0
1990-03-30,0.0,0.92,0.89,0.89,8700,0.0,0
1990-04-02,0.0,0.92,0.85,0.85,5300,0.0,0
1990-04-03,0.0,0.92,0.85,0.85,8000,0.0,0
1990-04-04,0.85,0.85,0.85,0.85,0,0.0,0
1990-04-05,0.85,0.85,0.85,0.85,0,0.0,0
1990-04-06,0.0,0.96,0.89,0.89,1000,0.0,0
1990-04-09,0.0,0.99,0.89,0.89,3000,0.0,0
1990-04-10,0.89,0.89,0.89,0.89,0,0.0,0
1990-04-11,0.0,0.99,0.89,0.89,3000,0.0,0
1990-04-12,0.89,0.89,0.89,0.89,0,0.0,0
1990-04-16,0.89,0.89,0.89,0.89,0,0.0,0
1990-04-17,0.89,0.89,0.89,0.89,0,0.0,0
1990-04-18,0.89,0.89,0.89,0.89,0,0.0,0
1990-04-19,0.0,0.99,0.89,0.89,100,0.0,0
1990-04-20,0.89,0.89,0.89,0.89,0,0.0,0
1990-04-23,0.89,0.89,0.89,0.89,0,0.0,0
1990-04-24,0.89,0.89,0.89,0.89,0,0.0,0
1990-04-25,0.89,0.89,0.89,0.89,0,0.0,0
1990-04-26,0.89,0.89,0.89,0.89,0,0.0,0
1990-04-27,0.89,0.89,0.89,0.89,0,0.0,0
1990-04-30,0.0,0.92,0.82,0.82,1200,0.0,0
1990-05-01,0.82,0.82,0.82,0.82,0,0.0,0
1990-05-02,0.82,0.82,0.82,0.82,0,0.0,0
1990-05-03,0.82,0.82,0.82,0.82,0,0.0,0
1990-05-04,0.82,0.82,0.82,0.82,0,0.0,0
1990-05-07,0.0,0.92,0.78,0.78,2500,0.0,0
1990-05-08,0.0,0.92,0.78,0.78,300,0.0,0
1990-05-09,0.78,0.78,0.78,0.78,0,0.0,0
1990-05-10,0.78,0.78,0.78,0.78,0,0.0,0
1990-05-11,0.78,0.78,0.78,0.78,0,0.0,0
1990-05-14,0.78,0.78,0.78,0.78,0,0.0,0
1990-05-15,0.78,0.78,0.78,0.78,0,0.0,0
1990-05-16,0.78,0.78,0.78,0.78,0,0.0,0
1990-05-17,0.78,0.78,0.78,0.78,0,0.0,0
1990-05-18,0.78,0.78,0.78,0.78,0,0.0,0
1990-05-21,0.78,0.78,0.78,0.78,0,0.0,0
1990-05-22,0.78,0.78,0.78,0.78,0,0.0,0
1990-05-23,0.78,0.78,0.78,0.78,0,0.0,0
1990-05-24,0.78,0.78,0.78,0.78,0,0.0,0
1990-05-25,0.78,0.78,0.78,0.78,0,0.0,0
1990-05-29,0.78,0.78,0.78,0.78,0,0.0,0
1990-05-30,0.78,0.78,0.78,0.78,0,0.0,0
1990-05-31,0.78,0.78,0.78,0.78,0,0.0,0
1990-06-01,0.78,0.78,0.78,0.78,0,0.0,0
1990-06-04,0.78,0.78,0.78,0.78,0,0.0,0
1990-06-05,0.0,0.99,0.92,0.92,2000,0.0,0
1990-06-06,0.0,1.28,1.06,1.06,10500,0.0,0
1990-06-07,0.0,1.17,1.06,1.06,4300,0.0,0
1990-06-08,0.0,1.14,1.06,1.06,2000,0.0,0
1990-06-11,0.0,1.14,0.99,0.99,6000,0.0,0
1990-06-12,0.0,1.14,0.99,0.99,5300,0.0,0
1990-06-13,0.0,1.14,0.99,0.99,11000,0.0,0
1990-06-14,0.0,1.14,0.99,0.99,6000,0.0,0
1990-06-15,0.99,0.99,0.99,0.99,0,0.0,0
1990-06-18,0.0,1.14,0.96,0.96,100,0.0,0
1990-06-19,0.96,0.96,0.96,0.96,0,0.0,0
1990-06-20,0.96,0.96,0.96,0.96,0,0.0,0
1990-06-21,0.96,0.96,0.96,0.96,0,0.0,0
1990-06-22,0.96,0.96,0.96,0.96,0,0.0,0
1990-06-25,0.96,0.96,0.96,0.96,0,0.0,0
1990-06-26,0.96,0.96,0.96,0.96,0,0.0,0
1990-06-27,0.0,1.03,0.92,0.92,1500,0.0,0
1990-06-28,0.92,0.92,0.92,0.92,0,0.0,0
1990-06-29,0.92,0.92,0.92,0.92,0,0.0,0
1990-07-02,0.92,0.92,0.92,0.92,0,0.0,0
1990-07-03,0.92,0.92,0.92,0.92,0,0.0,0
1990-07-05,0.92,0.92,0.92,0.92,0,0.0,0
1990-07-06,0.92,0.92,0.92,0.92,0,0.0,0
1990-07-09,0.92,0.92,0.92,0.92,0,0.0,0
1990-07-10,0.92,0.92,0.92,0.92,0,0.0,0
1990-07-11,0.0,1.06,0.92,0.92,1000,0.0,0
1990-07-12,0.92,0.92,0.92,0.92,0,0.0,0
1990-07-13,0.92,0.92,0.92,0.92,0,0.0,0
1990-07-16,0.0,1.1,0.99,0.99,11000,0.0,0
1990-07-17,0.0,1.1,0.99,0.99,200,0.0,0
1990-07-18,0.99,0.99,0.99,0.99,0,0.0,0
1990-07-19,0.0,1.03,0.92,0.92,8500,0.0,0
1990-07-20,0.0,0.99,0.85,0.85,16500,0.0,0
1990-07-23,0.0,0.99,0.85,0.85,5000,0.0,0
1990-07-24,0.85,0.85,0.85,0.85,0,0.0,0
1990-07-25,0.0,1.03,0.92,0.92,4000,0.0,0
1990-07-26,0.0,1.06,0.92,0.92,10000,0.0,0
1990-07-27,0.92,0.92,0.92,0.92,0,0.0,0
1990-07-30,0.92,0.92,0.92,0.92,0,0.0,0
1990-07-31,0.0,1.06,0.92,0.92,200,0.0,0
1990-08-01,0.92,0.92,0.92,0.92,0,0.0,0
1990-08-02,0.0,1.06,0.92,0.92,2000,0.0,0
1990-08-03,0.0,1.06,0.85,0.85,3500,0.0,0
1990-08-06,0.85,0.85,0.85,0.85,0,0.0,0
1990-08-07,0.85,0.85,0.85,0.85,0,0.0,0
1990-08-08,0.85,0.85,0.85,0.85,0,0.0,0
1990-08-09,0.85,0.85,0.85,0.85,0,0.0,0
1990-08-10,0.85,0.85,0.85,0.85,0,0.0,0
1990-08-13,0.85,0.85,0.85,0.85,0,0.0,0
1990-08-14,0.85,0.85,0.85,0.85,0,0.0,0
1990-08-15,0.85,0.85,0.85,0.85,0,0.0,0
1990-08-16,0.85,0.85,0.85,0.85,0,0.0,0
1990-08-17,0.85,0.85,0.85,0.85,0,0.0,0
1990-08-20,0.0,0.99,0.92,0.92,3500,0.0,0
1990-08-21,0.0,0.96,0.82,0.82,6100,0.0,0
1990-08-22,0.0,0.96,0.82,0.82,6000,0.0,0
1990-08-23,0.0,0.92,0.75,0.75,3100,0.0,0
1990-08-24,0.0,0.92,0.75,0.75,3000,0.0,0
1990-08-27,0.0,0.92,0.78,0.78,1000,0.0,0
1990-08-28,0.78,0.78,0.78,0.78,0,0.0,0
1990-08-29,0.78,0.78,0.78,0.78,0,0.0,0
1990-08-30,0.0,0.92,0.82,0.82,8500,0.0,0
1990-08-31,0.82,0.82,0.82,0.82,0,0.0,0
1990-09-04,0.82,0.82,0.82,0.82,0,0.0,0
1990-09-05,0.82,0.82,0.82,0.82,0,0.0,0
1990-09-06,0.82,0.82,0.82,0.82,0,0.0,0
1990-09-07,0.82,0.82,0.82,0.82,0,0.0,0
1990-09-10,0.82,0.82,0.82,0.82,0,0.0,0
1990-09-11,0.0,0.89,0.78,0.78,2000,0.0,0
1990-09-12,0.0,0.89,0.78,0.78,7500,0.0,0
1990-09-13,0.78,0.78,0.78,0.78,0,0.0,0
1990-09-14,0.78,0.78,0.78,0.78,0,0.0,0
1990-09-17,0.78,0.78,0.78,0.78,0,0.0,0
1990-09-18,0.78,0.78,0.78,0.78,0,0.0,0
1990-09-19,0.78,0.78,0.78,0.78,0,0.0,0
1990-09-20,0.78,0.78,0.78,0.78,0,0.0,0
1990-09-21,0.78,0.78,0.78,0.78,0,0.0,0
1990-09-24,0.78,0.78,0.78,0.78,0,0.0,0
1990-09-25,0.78,0.78,0.78,0.78,0,0.0,0
1990-09-26,0.78,0.78,0.78,0.78,0,0.0,0
1990-09-27,0.78,0.78,0.78,0.78,0,0.0,0
1990-09-28,0.0,0.92,0.71,0.71,1300,0.0,0
1990-10-01,0.71,0.71,0.71,0.71,0,0.0,0
1990-10-02,0.71,0.71,0.71,0.71,0,0.0,0
1990-10-03,0.71,0.71,0.71,0.71,0,0.0,0
1990-10-04,0.71,0.71,0.71,0.71,0,0.0,0
1990-10-05,0.71,0.71,0.71,0.71,0,0.0,0
1990-10-08,0.71,0.71,0.71,0.71,0,0.0,0
1990-10-09,0.0,0.92,0.71,0.71,500,0.0,0
1990-10-10,0.0,0.92,0.71,0.71,3500,0.0,0
1990-10-11,0.71,0.71,0.71,0.71,0,0.0,0
1990-10-12,0.71,0.71,0.71,0.71,0,0.0,0
1990-10-15,0.71,0.71,0.71,0.71,0,0.0,0
1990-10-16,0.0,0.92,0.71,0.71,5000,0.0,0
1990-10-17,0.71,0.71,0.71,0.71,0,0.0,0
1990-10-18,0.71,0.71,0.71,0.71,0,0.0,0
1990-10-19,0.0,0.85,0.75,0.75,4000,0.0,0
1990-10-22,0.75,0.75,0.75,0.75,0,0.0,0
1990-10-23,0.75,0.75,0.75,0.75,0,0.0,0
1990-10-24,0.75,0.75,0.75,0.75,0,0.0,0
1990-10-25,0.75,0.75,0.75,0.75,0,0.0,0
1990-10-26,0.75,0.75,0.75,0.75,0,0.0,0
1990-10-29,0.75,0.75,0.75,0.75,0,0.0,0
1990-10-30,0.0,0.82,0.67,0.67,700,0.0,0
1990-10-31,0.67,0.67,0.67,0.67,0,0.0,0
1990-11-01,0.67,0.67,0.67,0.67,0,0.0,0
1990-11-02,0.67,0.67,0.67,0.67,0,0.0,0
1990-11-05,0.0,0.78,0.64,0.64,3500,0.0,0
1990-11-06,0.64,0.64,0.64,0.64,0,0.0,0
1990-11-07,0.0,0.78,0.64,0.64,1000,0.0,0
1990-11-08,0.64,0.64,0.64,0.64,0,0.0,0
1990-11-09,0.64,0.64,0.64,0.64,0,0.0,0
1990-11-12,0.64,0.64,0.64,0.64,0,0.0,0
1990-11-13,0.64,0.64,0.64,0.64,0,0.0,0
1990-11-14,0.0,0.85,0.67,0.67,2500,0.0,0
1990-11-15,0.67,0.67,0.67,0.67,0,0.0,0
1990-11-16,0.0,0.85,0.67,0.67,1300,0.0,0
1990-11-19,0.67,0.67,0.67,0.67,0,0.0,0
1990-11-20,0.67,0.67,0.67,0.67,0,0.0,0
1990-11-21,0.67,0.67,0.67,0.67,0,0.0,0
1990-11-23,0.67,0.67,0.67,0.67,0,0.0,0
1990-11-26,0.67,0.67,0.67,0.67,0,0.0,0
1990-11-27,0.0,0.78,0.64,0.64,3000,0.0,0
1990-11-28,0.0,0.82,0.64,0.64,2500,0.0,0
1990-11-29,0.64,0.64,0.64,0.64,0,0.0,0
1990-11-30,0.64,0.64,0.64,0.64,0,0.0,0
1990-12-03,0.64,0.64,0.64,0.64,0,0.0,0
1990-12-04,0.64,0.64,0.64,0.64,0,0.0,0
1990-12-05,0.64,0.64,0.64,0.64,0,0.0,0
1990-12-06,0.0,0.85,0.67,0.67,5000,0.0,0
1990-12-07,0.67,0.67,0.67,0.67,0,0.0,0
1990-12-10,0.0,0.78,0.67,0.67,600,0.0,0
1990-12-11,0.67,0.67,0.67,0.67,0,0.0,0
1990-12-12,0.67,0.67,0.67,0.67,0,0.0,0
1990-12-13,0.67,0.67,0.67,0.67,0,0.0,0
1990-12-14,0.67,0.67,0.67,0.67,0,0.0,0
1990-12-17,0.67,0.67,0.67,0.67,0,0.0,0
1990-12-18,0.0,0.82,0.67,0.67,100,0.0,0
1990-12-19,0.0,0.82,0.67,0.67,1000,0.0,0
1990-12-20,0.0,0.82,0.67,0.67,1600,0.0,0
1990-12-21,0.67,0.67,0.67,0.67,0,0.0,0
1990-12-24,0.67,0.67,0.67,0.67,0,0.0,0
1990-12-26,0.67,0.67,0.67,0.67,0,0.0,0
1990-12-27,0.67,0.67,0.67,0.67,0,0.0,0
1990-12-28,0.67,0.67,0.67,0.67,0,0.0,0
1990-12-31,0.67,0.67,0.67,0.67,0,0.0,0
1991-01-02,0.67,0.67,0.67,0.67,0,0.0,0
1991-01-03,0.67,0.67,0.67,0.67,0,0.0,0
1991-01-04,0.67,0.67,0.67,0.67,0,0.0,0
1991-01-07,0.67,0.67,0.67,0.67,0,0.0,0
1991-01-08,0.67,0.67,0.67,0.67,0,0.0,0
1991-01-09,0.0,0.85,0.71,0.71,2200,0.0,0
1991-01-10,0.71,0.71,0.71,0.71,0,0.0,0
1991-01-11,0.71,0.71,0.71,0.71,0,0.0,0
1991-01-14,0.71,0.71,0.71,0.71,0,0.0,0
1991-01-15,0.71,0.71,0.71,0.71,0,0.0,0
1991-01-16,0.71,0.71,0.71,0.71,0,0.0,0
1991-01-17,0.71,0.71,0.71,0.71,0,0.0,0
1991-01-18,0.71,0.71,0.71,0.71,0,0.0,0
1991-01-21,0.71,0.71,0.71,0.71,0,0.0,0
1991-01-22,0.71,0.71,0.71,0.71,0,0.0,0
1991-01-23,0.71,0.71,0.71,0.71,0,0.0,0
1991-01-24,0.71,0.71,0.71,0.71,0,0.0,0
1991-01-25,0.71,0.71,0.71,0.71,0,0.0,0
1991-01-28,0.71,0.71,0.71,0.71,0,0.0,0
1991-01-29,0.0,0.85,0.67,0.67,1000,0.0,0
1991-01-30,0.67,0.67,0.67,0.67,0,0.0,0
1991-01-31,0.67,0.67,0.67,0.67,0,0.0,0
1991-02-01,0.0,0.85,0.71,0.71,1000,0.0,0
1991-02-04,0.71,0.71,0.71,0.71,0,0.0,0
1991-02-05,0.0,1.1,0.92,0.92,5000,0.0,0
1991-02-06,0.0,1.21,1.06,1.06,1800,0.0,0
1991-02-07,0.0,1.38,1.21,1.21,5000,0.0,0
1991-02-08,0.0,1.35,1.21,1.21,800,0.0,0
1991-02-11,1.21,1.21,1.21,1.21,0,0.0,0
1991-02-12,0.0,1.42,1.28,1.28,200,0.0,0
1991-02-13,0.0,1.42,1.28,1.28,1500,0.0,0
1991-02-14,0.0,1.42,1.31,1.31,1400,0.0,0
1991-02-15,0.0,1.49,1.28,1.28,2100,0.0,0
1991-02-19,0.0,1.85,1.63,1.63,13100,0.0,0
1991-02-20,0.0,1.92,1.7,1.7,10800,0.0,0
1991-02-21,0.0,1.92,1.7,1.7,4000,0.0,0
1991-02-22,0.0,2.06,1.85,1.85,7500,0.0,0
1991-02-25,0.0,2.27,2.09,2.09,6100,0.0,0
1991-02-26,0.0,2.06,1.92,1.92,31700,0.0,0
1991-02-27,0.0,2.13,1.92,1.92,12400,0.0,0
1991-02-28,0.0,2.2,1.99,1.99,34000,0.0,0
1991-03-01,0.0,2.13,1.92,1.92,5500,0.0,0
1991-03-04,1.92,1.92,1.92,1.92,0,0.0,0
1991-03-05,0.0,2.27,2.06,2.06,6000,0.0,0
1991-03-06,0.0,2.13,1.99,1.99,38700,0.0,0
1991-03-07,0.0,1.99,1.85,1.85,35100,0.0,0
1991-03-08,0.0,2.13,1.92,1.92,11700,0.0,0
1991-03-11,0.0,2.2,1.92,1.92,10500,0.0,0
1991-03-12,0.0,2.13,1.85,1.85,5000,0.0,0
1991-03-13,1.85,1.85,1.85,1.85,0,0.0,0
1991-03-14,0.0,2.2,1.92,1.92,2400,0.0,0
1991-03-15,1.92,1.92,1.92,1.92,0,0.0,0
1991-03-18,0.0,2.2,1.92,1.92,10000,0.0,0
1991-03-19,0.0,2.13,1.85,1.85,10700,0.0,0
1991-03-20,0.0,2.13,1.92,1.92,200,0.0,0
1991-03-21,0.0,2.13,1.92,1.92,3000,0.0,0
1991-03-22,0.0,2.2,1.99,1.99,1200,0.0,0
1991-03-25,0.0,2.2,1.99,1.99,5000,0.0,0
1991-03-26,1.99,1.99,1.99,1.99,0,0.0,0
1991-03-27,0.0,2.2,1.92,1.92,3000,0.0,0
1991-03-28,1.92,1.92,1.92,1.92,0,0.0,0
1991-04-01,0.0,2.2,1.92,1.92,5400,0.0,0
1991-04-02,1.92,1.92,1.92,1.92,0,0.0,0
1991-04-03,0.0,2.2,1.92,1.92,1000,0.0,0
1991-04-04,1.92,1.92,1.92,1.92,0,0.0,0
1991-04-05,1.92,1.92,1.92,1.92,0,0.0,0
1991-04-08,1.92,1.92,1.92,1.92,0,0.0,0
1991-04-09,1.92,1.92,1.92,1.92,0,0.0,0
1991-04-10,0.0,2.2,1.92,1.92,600,0.0,0
1991-04-11,0.0,2.2,1.92,1.92,0,0.0,0
1991-04-12,1.92,1.92,1.92,1.92,0,0.0,0
1991-04-15,1.92,1.92,1.92,1.92,0,0.0,0
1991-04-16,0.0,2.13,1.99,1.99,1600,0.0,0
1991-04-17,0.0,2.27,2.06,2.06,5000,0.0,0
1991-04-18,2.06,2.06,2.06,2.06,0,0.0,0
1991-04-19,0.0,2.34,2.13,2.13,800,0.0,0
1991-04-22,0.0,2.41,2.13,2.13,1000,0.0,0
1991-04-23,0.0,2.41,2.13,2.13,2700,0.0,0
1991-04-24,0.0,2.41,2.13,2.13,2500,0.0,0
1991-04-25,0.0,2.48,2.2,2.2,6000,0.0,0
1991-04-26,0.0,2.48,2.27,2.27,18600,0.0,0
1991-04-29,0.0,2.48,2.27,2.27,26800,0.0,0
1991-04-30,0.0,2.34,2.2,2.2,5500,0.0,0
1991-05-01,0.0,2.34,2.13,2.13,3000,0.0,0
1991-05-02,0.0,2.34,2.13,2.13,6000,0.0,0
1991-05-03,2.13,2.13,2.13,2.13,0,0.0,0
1991-05-06,0.0,2.27,2.06,2.06,200,0.0,0
1991-05-07,0.0,2.27,2.06,2.06,40000,0.0,0
1991-05-08,0.0,2.27,2.06,2.06,12000,0.0,0
1991-05-09,2.06,2.06,2.06,2.06,0,0.0,0
1991-05-10,0.0,2.2,2.06,2.06,2000,0.0,0
1991-05-13,0.0,2.27,2.06,2.06,3500,0.0,0
1991-05-14,0.0,2.13,1.92,1.92,3000,0.0,0
1991-05-15,0.0,2.13,1.92,1.92,5100,0.0,0
1991-05-16,1.92,1.92,1.92,1.92,0,0.0,0
1991-05-17,0.0,2.13,1.92,1.92,17500,0.0,0
1991-05-20,1.92,1.92,1.92,1.92,0,0.0,0
1991-05-21,0.0,2.13,1.92,1.92,24000,0.0,0
1991-05-22,0.0,2.13,1.92,1.92,7100,0.0,0
1991-05-23,0.0,2.13,1.99,1.99,9300,0.0,0
1991-05-24,1.99,1.99,1.99,1.99,0,0.0,0
1991-05-28,0.0,2.13,1.92,1.92,500,0.0,0
1991-05-29,1.92,1.92,1.92,1.92,0,0.0,0
1991-05-30,0.0,2.13,1.99,1.99,1000,0.0,0
1991-05-31,1.99,1.99,1.99,1.99,0,0.0,0
1991-06-03,0.0,2.2,1.99,1.99,100,0.0,0
1991-06-04,1.99,1.99,1.99,1.99,0,0.0,0
1991-06-05,0.0,2.27,2.06,2.06,3000,0.0,0
1991-06-06,2.06,2.06,2.06,2.06,0,0.0,0
1991-06-07,0.0,2.27,2.06,2.06,1100,0.0,0
1991-06-10,2.06,2.06,2.06,2.06,0,0.0,0
1991-06-11,0.0,2.27,2.06,2.06,100,0.0,0
1991-06-12,2.06,2.06,2.06,2.06,0,0.0,0
1991-06-13,2.06,2.06,2.06,2.06,0,0.0,0
1991-06-14,0.0,2.27,2.13,2.13,6000,0.0,0
1991-06-17,0.0,2.34,2.13,2.13,500,0.0,0
1991-06-18,0.0,2.34,2.13,2.13,800,0.0,0
1991-06-19,2.13,2.13,2.13,2.13,0,0.0,0
1991-06-20,0.0,2.34,2.13,2.13,300,0.0,0
1991-06-21,0.0,2.34,2.13,2.13,4900,0.0,0
1991-06-24,0.0,2.27,2.06,2.06,6800,0.0,0
1991-06-25,2.06,2.06,2.06,2.06,0,0.0,0
1991-06-26,0.0,2.13,1.99,1.99,4000,0.0,0
1991-06-27,0.0,2.2,1.99,1.99,1600,0.0,0
1991-06-28,0.0,2.2,1.99,1.99,200,0.0,0
1991-07-01,1.99,1.99,1.99,1.99,0,0.0,0
1991-07-02,0.0,2.2,1.99,1.99,1000,0.0,0
1991-07-03,1.99,1.99,1.99,1.99,0,0.0,0
1991-07-05,1.99,1.99,1.99,1.99,0,0.0,0
1991-07-08,1.99,1.99,1.99,1.99,0,0.0,0
1991-07-09,0.0,2.2,1.99,1.99,1900,0.0,0
1991-07-10,0.0,2.2,1.99,1.99,500,0.0,0
1991-07-11,0.0,2.2,1.99,1.99,700,0.0,0
1991-07-12,0.0,2.2,1.99,1.99,2300,0.0,0
1991-07-15,0.0,2.27,2.06,2.06,4300,0.0,0
1991-07-16,0.0,2.27,2.06,2.06,100,0.0,0
1991-07-17,2.06,2.06,2.06,2.06,0,0.0,0
1991-07-18,2.06,2.06,2.06,2.06,0,0.0,0
1991-07-19,2.06,2.06,2.06,2.06,0,0.0,0
1991-07-22,2.06,2.06,2.06,2.06,0,0.0,0
1991-07-23,2.06,2.06,2.06,2.06,0,0.0,0
1991-07-24,2.06,2.06,2.06,2.06,0,0.0,0
1991-07-25,2.06,2.06,2.06,2.06,0,0.0,0
1991-07-26,2.06,2.06,2.06,2.06,0,0.0,0
1991-07-29,0.0,2.34,2.13,2.13,1000,0.0,0
1991-07-30,0.0,2.41,2.2,2.2,5300,0.0,0
1991-07-31,0.0,2.27,2.13,2.13,12800,0.0,0
1991-08-01,0.0,2.27,2.13,2.13,1000,0.0,0
1991-08-02,0.0,2.27,2.13,2.13,5600,0.0,0
1991-08-05,2.13,2.13,2.13,2.13,0,0.0,0
1991-08-06,0.0,2.34,2.13,2.13,2000,0.0,0
1991-08-07,0.0,2.34,2.13,2.13,1400,0.0,0
1991-08-08,0.0,2.34,2.13,2.13,500,0.0,0
1991-08-09,2.13,2.13,2.13,2.13,0,0.0,0
1991-08-12,2.13,2.13,2.13,2.13,0,0.0,0
1991-08-13,0.0,2.34,2.13,2.13,3000,0.0,0
1991-08-14,0.0,2.34,2.13,2.13,6600,0.0,0
1991-08-15,2.13,2.13,2.13,2.13,0,0.0,0
1991-08-16,0.0,2.34,2.13,2.13,300,0.0,0
1991-08-19,0.0,2.27,2.06,2.06,2200,0.0,0
1991-08-20,0.0,2.27,2.06,2.06,2200,0.0,0
1991-08-21,0.0,2.34,2.13,2.13,1000,0.0,0
1991-08-22,0.0,2.34,2.13,2.13,3000,0.0,0
1991-08-23,2.13,2.13,2.13,2.13,0,0.0,0
1991-08-26,0.0,2.41,2.2,2.2,100,0.0,0
1991-08-27,0.0,2.41,2.27,2.27,1500,0.0,0
1991-08-28,0.0,2.48,2.34,2.34,10500,0.0,0
1991-08-29,0.0,2.7,2.48,2.48,8900,0.0,0
1991-08-30,0.0,2.7,2.48,2.48,1000,0.0,0
1991-09-03,0.0,2.7,2.48,2.48,500,0.0,0
1991-09-04,0.0,2.63,2.48,2.48,600,0.0,0
1991-09-05,0.0,2.56,2.41,2.41,400,0.0,0
1991-09-06,0.0,2.63,2.41,2.41,200,0.0,0
1991-09-09,2.41,2.41,2.41,2.41,0,0.0,0
1991-09-10,0.0,2.63,2.41,2.41,100,0.0,0
1991-09-11,2.41,2.41,2.41,2.41,0,0.0,0
1991-09-12,0.0,2.63,2.41,2.41,300,0.0,0
1991-09-13,0.0,2.63,2.41,2.41,0,0.0,0
1991-09-16,2.41,2.41,2.41,2.41,0,0.0,0
1991-09-17,2.41,2.41,2.41,2.41,0,0.0,0
1991-09-18,0.0,2.56,2.34,2.34,100,0.0,0
1991-09-19,0.0,2.56,2.34,2.34,0,0.0,0
1991-09-20,2.34,2.34,2.34,2.34,0,0.0,0
1991-09-23,0.0,2.56,2.34,2.34,1200,0.0,0
1991-09-24,0.0,2.56,2.34,2.34,400,0.0,0
1991-09-25,0.0,2.56,2.34,2.34,500,0.0,0
1991-09-26,2.34,2.34,2.34,2.34,0,0.0,0
1991-09-27,0.0,2.56,2.34,2.34,700,0.0,0
1991-09-30,0.0,2.56,2.34,2.34,300,0.0,0
1991-10-01,2.34,2.34,2.34,2.34,0,0.0,0
1991-10-02,0.0,2.56,2.34,2.34,700,0.0,0
1991-10-03,0.0,2.56,2.34,2.34,500,0.0,0
1991-10-04,2.34,2.34,2.34,2.34,0,0.0,0
1991-10-07,2.34,2.34,2.34,2.34,0,0.0,0
1991-10-08,2.34,2.34,2.34,2.34,0,0.0,0
1991-10-09,2.34,2.34,2.34,2.34,0,0.0,0
1991-10-10,2.34,2.34,2.34,2.34,0,0.0,0
1991-10-11,0.0,2.7,2.48,2.48,800,0.0,0
1991-10-14,2.48,2.48,2.48,2.48,0,0.0,0
1991-10-15,2.48,2.48,2.48,2.48,0,0.0,0
1991-10-16,0.0,2.7,2.56,2.56,2500,0.0,0
1991-10-17,0.0,2.84,2.7,2.7,2200,0.0,0
1991-10-18,0.0,2.98,2.77,2.77,1200,0.0,0
1991-10-21,0.0,3.27,2.98,2.98,2000,0.0,0
1991-10-22,0.0,3.48,3.27,3.27,9800,0.0,0
1991-10-23,0.0,3.48,3.27,3.27,7700,0.0,0
1991-10-24,0.0,3.48,3.19,3.19,200,0.0,0
1991-10-25,3.19,3.19,3.19,3.19,0,0.0,0
1991-10-28,0.0,3.48,3.19,3.19,6400,0.0,0
1991-10-29,0.0,3.55,3.34,3.34,12800,0.0,0
1991-10-30,0.0,3.48,3.27,3.27,5100,0.0,0
1991-10-31,0.0,3.55,3.27,3.27,2500,0.0,0
1991-11-01,0.0,3.55,3.27,3.27,100,0.0,0
1991-11-04,3.27,3.27,3.27,3.27,0,0.0,0
1991-11-05,3.27,3.27,3.27,3.27,0,0.0,0
1991-11-06,0.0,3.55,3.34,3.34,6200,0.0,0
1991-11-07,0.0,3.83,3.55,3.55,2900,0.0,0
1991-11-08,0.0,4.05,3.76,3.76,8400,0.0,0
1991-11-11,0.0,3.98,3.69,3.69,7500,0.0,0
1991-11-12,0.0,4.12,3.83,3.83,3700,0.0,0
1991-11-13,0.0,3.98,3.69,3.69,7400,0.0,0
1991-11-14,0.0,4.12,3.83,3.83,4700,0.0,0
1991-11-15,0.0,4.19,3.9,3.9,40600,0.0,0
1991-11-18,0.0,4.12,3.83,3.83,4800,0.0,0
1991-11-19,0.0,3.9,3.69,3.69,8700,0.0,0
1991-11-20,0.0,4.05,3.76,3.76,9100,0.0,0
1991-11-21,0.0,4.05,3.83,3.83,3300,0.0,0
1991-11-22,0.0,4.05,3.76,3.76,1600,0.0,0
1991-11-25,3.76,3.76,3.76,3.76,0,0.0,0
1991-11-26,0.0,4.05,3.83,3.83,2000,0.0,0
1991-11-27,0.0,3.98,3.69,3.69,1500,0.0,0
1991-11-29,3.69,3.69,3.69,3.69,0,0.0,0
1991-12-02,0.0,3.9,3.69,3.69,400,0.0,0
1991-12-03,0.0,3.83,3.69,3.69,12200,0.0,0
1991-12-04,3.69,3.69,3.69,3.69,0,0.0,0
1991-12-05,3.69,3.69,3.69,3.69,0,0.0,0
1991-12-06,3.69,3.69,3.69,3.69,0,0.0,0
1991-12-09,3.69,3.69,3.69,3.69,0,0.0,0
1991-12-10,0.0,3.62,3.34,3.34,3000,0.0,0
1991-12-11,0.0,3.48,3.19,3.19,2000,0.0,0
1991-12-12,0.0,3.48,3.27,3.27,200,0.0,0
1991-12-13,0.0,3.76,3.48,3.48,8100,0.0,0
1991-12-16,0.0,3.76,3.48,3.48,1300,0.0,0
1991-12-17,0.0,3.76,3.48,3.48,3400,0.0,0
1991-12-18,0.0,3.76,3.48,3.48,500,0.0,0
1991-12-19,0.0,3.83,3.62,3.62,1800,0.0,0
1991-12-20,0.0,3.76,3.55,3.55,5000,0.0,0
1991-12-23,0.0,3.76,3.55,3.55,1600,0.0,0
1991-12-24,3.55,3.55,3.55,3.55,0,0.0,0
1991-12-26,3.55,3.55,3.55,3.55,0,0.0,0
1991-12-27,0.0,4.05,3.83,3.83,3000,0.0,0
1991-12-30,0.0,4.19,3.9,3.9,600,0.0,0
1991-12-31,0.0,4.19,3.9,3.9,800,0.0,0
1992-01-02,0.0,4.05,3.76,3.76,3000,0.0,0
1992-01-03,0.0,4.12,3.83,3.83,2600,0.0,0
1992-01-06,0.0,4.33,4.05,4.05,5500,0.0,0
1992-01-07,0.0,4.69,4.4,4.4,5900,0.0,0
1992-01-08,0.0,4.69,4.4,4.4,100,0.0,0
1992-01-09,0.0,4.83,4.54,4.54,3000,0.0,0
1992-01-10,0.0,4.76,4.54,4.54,1500,0.0,0
1992-01-13,0.0,4.76,4.54,4.54,6900,0.0,0
1992-01-14,0.0,4.76,4.54,4.54,6800,0.0,0
1992-01-15,0.0,4.83,4.54,4.54,6500,0.0,0
1992-01-16,0.0,4.83,4.54,4.54,1600,0.0,0
1992-01-17,0.0,4.83,4.54,4.54,4600,0.0,0
1992-01-20,0.0,4.83,4.54,4.54,1700,0.0,0
1992-01-21,0.0,4.76,4.54,4.54,3000,0.0,0
1992-01-22,0.0,4.83,4.61,4.61,2700,0.0,0
1992-01-23,0.0,4.97,4.69,4.69,4800,0.0,0
1992-01-24,0.0,5.25,4.97,4.97,18000,0.0,0
1992-01-27,0.0,5.25,4.97,4.97,9500,0.0,0
1992-01-28,0.0,5.18,4.97,4.97,7100,0.0,0
1992-01-29,0.0,5.25,5.04,5.04,5900,0.0,0
1992-01-30,0.0,5.25,4.97,4.97,2300,0.0,0
1992-01-31,0.0,5.25,5.04,5.04,8100,0.0,0
1992-02-03,0.0,5.32,5.04,5.04,1400,0.0,0
1992-02-04,0.0,5.25,4.97,4.97,7300,0.0,0
1992-02-05,0.0,5.25,4.97,4.97,4900,0.0,0
1992-02-06,0.0,5.32,5.04,5.04,7900,0.0,0
1992-02-07,0.0,5.47,5.25,5.25,9200,0.0,0
1992-02-10,0.0,5.75,5.61,5.61,13900,0.0,0
1992-02-11,0.0,5.82,5.54,5.54,9600,0.0,0
1992-02-12,0.0,5.61,5.32,5.32,12500,0.0,0
1992-02-13,0.0,5.47,5.25,5.25,4000,0.0,0
1992-02-14,0.0,5.47,5.25,5.25,2400,0.0,0
1992-02-18,0.0,5.61,5.32,5.32,2900,0.0,0
1992-02-19,0.0,5.61,5.32,5.32,800,0.0,0
1992-02-20,0.0,5.54,5.25,5.25,1600,0.0,0
1992-02-21,0.0,5.54,5.25,5.25,600,0.0,0
1992-02-24,0.0,5.32,5.04,5.04,4000,0.0,0
1992-02-25,0.0,5.25,5.04,5.04,5400,0.0,0
1992-02-26,0.0,5.54,5.25,5.25,3000,0.0,0
1992-02-27,5.25,5.25,5.25,5.25,0,0.0,0
1992-02-28,0.0,5.47,5.18,5.18,9600,0.0,0
1992-03-02,0.0,5.47,5.25,5.25,5900,0.0,0
1992-03-03,0.0,5.68,5.4,5.4,2800,0.0,0
1992-03-04,0.0,5.82,5.54,5.54,2000,0.0,0
1992-03-05,0.0,5.75,5.47,5.47,2000,0.0,0
1992-03-06,0.0,5.54,5.25,5.25,5400,0.0,0
1992-03-09,0.0,5.47,5.18,5.18,7500,0.0,0
1992-03-10,0.0,5.54,5.25,5.25,1700,0.0,0
1992-03-11,0.0,5.54,5.32,5.32,5700,0.0,0
1992-03-12,0.0,5.54,5.25,5.25,1400,0.0,0
1992-03-13,0.0,5.54,5.25,5.25,4000,0.0,0
1992-03-16,0.0,5.25,5.11,5.11,4600,0.0,0
1992-03-17,0.0,5.32,5.04,5.04,1000,0.0,0
1992-03-18,0.0,5.4,5.11,5.11,4200,0.0,0
1992-03-19,0.0,5.4,5.11,5.11,3600,0.0,0
1992-03-20,0.0,5.4,5.11,5.11,2900,0.0,0
1992-03-23,0.0,5.4,5.11,5.11,400,0.0,0
1992-03-24,0.0,5.32,5.11,5.11,1500,0.0,0
1992-03-25,0.0,5.4,5.11,5.11,3800,0.0,0
1992-03-26,5.11,5.11,5.11,5.11,0,0.0,0
1992-03-27,0.0,5.18,4.97,4.97,14800,0.0,0
1992-03-30,0.0,5.18,4.97,4.97,2300,0.0,0
1992-03-31,0.0,5.32,5.04,5.04,1000,0.0,0
1992-04-01,0.0,5.11,4.83,4.83,400,0.0,0
1992-04-02,0.0,5.11,4.83,4.83,2600,0.0,0
1992-04-03,0.0,5.11,4.83,4.83,600,0.0,0
1992-04-06,0.0,4.97,4.76,4.76,3400,0.0,0
1992-04-07,0.0,4.9,4.69,4.69,5400,0.0,0
1992-04-08,0.0,4.83,4.54,4.54,3100,0.0,0
1992-04-09,0.0,4.97,4.69,4.69,10200,0.0,0
1992-04-10,0.0,5.11,4.9,4.9,3400,0.0,0
1992-04-13,0.0,5.11,4.9,4.9,1500,0.0,0
1992-04-14,0.0,5.11,4.83,4.83,900,0.0,0
1992-04-15,0.0,5.04,4.83,4.83,500,0.0,0
1992-04-16,0.0,5.18,4.9,4.9,1500,0.0,0
1992-04-20,4.9,4.9,4.9,4.9,0,0.0,0
1992-04-21,0.0,5.18,4.9,4.9,2100,0.0,0
1992-04-22,0.0,5.18,4.97,4.97,5200,0.0,0
1992-04-23,0.0,5.04,4.76,4.76,800,0.0,0
1992-04-24,0.0,5.04,4.76,4.76,3000,0.0,0
1992-04-27,0.0,4.97,4.69,4.69,2000,0.0,0
1992-04-28,0.0,4.83,4.54,4.54,800,0.0,0
1992-04-29,0.0,4.69,4.4,4.4,5800,0.0,0
1992-04-30,0.0,4.69,4.4,4.4,4500,0.0,0
1992-05-01,0.0,4.61,4.4,4.4,100,0.0,0
1992-05-04,0.0,4.54,4.33,4.33,1700,0.0,0
1992-05-05,4.33,4.33,4.33,4.33,0,0.0,0
1992-05-06,0.0,4.69,4.47,4.47,500,0.0,0
1992-05-07,4.47,4.47,4.47,4.47,0,0.0,0
1992-05-08,0.0,4.61,4.33,4.33,200,0.0,0
1992-05-11,0.0,4.4,4.12,4.12,1000,0.0,0
1992-05-12,0.0,4.4,4.12,4.12,500,0.0,0
1992-05-13,4.12,4.12,4.12,4.12,0,0.0,0
1992-05-14,0.0,4.19,3.9,3.9,700,0.0,0
1992-05-15,3.9,3.9,3.9,3.9,0,0.0,0
1992-05-18,0.0,4.26,4.05,4.05,3200,0.0,0
1992-05-19,0.0,4.33,4.05,4.05,400,0.0,0
1992-05-20,0.0,4.4,4.12,4.12,400,0.0,0
1992-05-21,0.0,4.4,4.12,4.12,2700,0.0,0
1992-05-22,0.0,4.4,4.12,4.12,300,0.0,0
1992-05-26,0.0,4.4,4.12,4.12,200,0.0,0
1992-05-27,0.0,4.4,4.12,4.12,9000,0.0,0
1992-05-28,4.12,4.12,4.12,4.12,0,0.0,0
1992-05-29,0.0,4.26,3.98,3.98,800,0.0,0
1992-06-01,0.0,4.26,3.98,3.98,1000,0.0,0
1992-06-02,0.0,4.26,3.98,3.98,300,0.0,0
1992-06-03,0.0,4.26,3.98,3.98,2000,0.0,0
1992-06-04,0.0,4.26,3.98,3.98,1700,0.0,0
1992-06-05,0.0,4.26,3.98,3.98,1300,0.0,0
1992-06-08,0.0,4.26,3.98,3.98,1300,0.0,0
1992-06-09,0.0,4.26,3.98,3.98,100,0.0,0
1992-06-10,0.0,4.26,3.98,3.98,300,0.0,0
1992-06-11,0.0,4.26,3.98,3.98,1200,0.0,0
1992-06-12,0.0,4.26,3.98,3.98,1700,0.0,0
1992-06-15,4.26,4.26,4.26,4.26,400,0.0,0
1992-06-16,3.98,4.12,3.76,3.98,3300,0.0,0
1992-06-17,3.76,3.98,3.76,3.98,2200,0.0,0
1992-06-18,3.83,3.83,3.62,3.62,3100,0.0,0
1992-06-19,3.62,3.9,3.62,3.9,1100,0.0,0
1992-06-22,3.62,3.83,3.62,3.62,2500,0.0,0
1992-06-23,3.76,3.83,3.55,3.83,1400,0.0,0
1992-06-24,3.62,3.83,3.55,3.55,1000,0.0,0
1992-06-25,3.69,3.69,3.55,3.62,1800,0.0,0
1992-06-26,3.41,3.62,3.41,3.41,4000,0.0,0
1992-06-29,3.41,3.41,3.41,3.41,400,0.0,0
1992-06-30,3.83,4.19,3.83,4.19,2100,0.0,0
1992-07-01,3.98,3.98,3.98,3.98,600,0.0,0
1992-07-02,4.12,4.19,3.98,4.12,2200,0.0,0
1992-07-06,4.12,4.12,4.12,4.12,0,0.0,0
1992-07-07,3.98,4.26,3.98,3.98,3000,0.0,0
1992-07-08,3.98,3.98,3.98,3.98,0,0.0,0
1992-07-09,3.98,3.98,3.98,3.98,0,0.0,0
1992-07-10,4.12,4.12,4.12,4.12,200,0.0,0
1992-07-13,4.12,4.12,4.12,4.12,0,0.0,0
1992-07-14,4.12,4.4,4.12,4.33,3800,0.0,0
1992-07-15,4.26,4.4,4.26,4.26,1000,0.0,0
1992-07-16,4.26,4.26,4.26,4.26,0,0.0,0
1992-07-17,4.26,4.26,4.26,4.26,0,0.0,0
1992-07-20,4.26,4.26,4.26,4.26,0,0.0,0
1992-07-21,4.12,4.12,3.98,3.98,13900,0.0,0
1992-07-22,3.98,3.98,3.98,3.98,0,0.0,0
1992-07-23,3.98,3.98,3.98,3.98,1000,0.0,0
1992-07-24,3.98,3.98,3.98,3.98,2200,0.0,0
1992-07-27,3.98,4.05,3.98,3.98,200,0.0,0
1992-07-28,3.98,4.19,3.98,4.19,1900,0.0,0
1992-07-29,4.19,4.19,4.12,4.19,5700,0.0,0
1992-07-30,4.33,4.4,4.33,4.4,3000,0.0,0
1992-07-31,4.4,4.4,4.4,4.4,0,0.0,0
1992-08-03,4.26,4.26,4.26,4.26,7400,0.0,0
1992-08-04,4.12,4.33,4.12,4.12,1500,0.0,0
1992-08-05,4.12,4.12,4.12,4.12,0,0.0,0
1992-08-06,4.19,4.19,4.19,4.19,200,0.0,0
1992-08-07,4.12,4.12,4.12,4.12,500,0.0,0
1992-08-10,4.12,4.12,4.05,4.05,5200,0.0,0
1992-08-11,3.83,4.05,3.83,4.05,13800,0.0,0
1992-08-12,4.05,4.05,4.05,4.05,0,0.0,0
1992-08-13,4.05,4.05,4.05,4.05,2200,0.0,0
1992-08-14,3.83,3.9,3.83,3.83,4200,0.0,0
1992-08-17,3.76,3.76,3.76,3.76,100,0.0,0
1992-08-18,3.76,3.76,3.76,3.76,0,0.0,0
1992-08-19,3.9,3.9,3.9,3.9,800,0.0,0
1992-08-20,3.9,3.9,3.9,3.9,1100,0.0,0
1992-08-21,3.9,4.05,3.9,3.9,2400,0.0,0
1992-08-24,3.9,3.9,3.9,3.9,2900,0.0,0
1992-08-25,3.9,3.9,3.9,3.9,0,0.0,0
1992-08-26,3.9,3.9,3.83,3.83,17000,0.0,0
1992-08-27,3.83,3.83,3.83,3.83,0,0.0,0
1992-08-28,3.83,4.05,3.83,4.05,2000,0.0,0
1992-08-31,4.05,4.05,4.05,4.05,0,0.0,0
1992-09-01,4.05,4.05,4.05,4.05,0,0.0,0
1992-09-02,4.05,4.05,3.98,4.05,1000,0.0,0
1992-09-03,4.05,4.05,4.05,4.05,0,0.0,0
1992-09-04,4.05,4.05,4.05,4.05,0,0.0,0
1992-09-08,4.05,4.05,4.05,4.05,0,0.0,0
1992-09-09,3.83,3.83,3.83,3.83,2000,0.0,0
1992-09-10,3.83,3.83,3.83,3.83,1500,0.0,0
1992-09-11,3.76,3.76,3.76,3.76,300,0.0,0
1992-09-14,3.83,4.05,3.83,3.83,3500,0.0,0
1992-09-15,3.83,3.98,3.83,3.98,1500,0.0,0
1992-09-16,3.98,3.98,3.98,3.98,1000,0.0,0
1992-09-17,3.98,3.98,3.98,3.98,0,0.0,0
1992-09-18,3.83,3.83,3.83,3.83,200,0.0,0
1992-09-21,3.83,3.83,3.83,3.83,0,0.0,0
1992-09-22,3.83,3.83,3.83,3.83,0,0.0,0
1992-09-23,3.83,3.83,3.83,3.83,0,0.0,0
1992-09-24,3.62,3.62,3.62,3.62,600,0.0,0
1992-09-25,3.55,3.62,3.55,3.55,4600,0.0,0
1992-09-28,3.48,3.48,3.48,3.48,400,0.0,0
1992-09-29,3.48,3.48,3.48,3.48,0,0.0,0
1992-09-30,3.55,3.55,3.55,3.55,200,0.0,0
1992-10-01,3.55,3.55,3.55,3.55,0,0.0,0
1992-10-02,3.48,3.48,3.48,3.48,1700,0.0,0
1992-10-05,3.34,3.48,3.34,3.34,2100,0.0,0
1992-10-06,3.48,3.48,3.48,3.48,2000,0.0,0
1992-10-07,3.48,3.48,3.48,3.48,0,0.0,0
1992-10-08,3.48,3.48,3.48,3.48,0,0.0,0
1992-10-09,3.48,3.48,3.48,3.48,0,0.0,0
1992-10-12,3.48,3.48,3.48,3.48,0,0.0,0
1992-10-13,3.48,3.48,3.48,3.48,0,0.0,0
1992-10-14,3.48,3.48,3.48,3.48,0,0.0,0
1992-10-15,3.41,3.41,3.41,3.41,2000,0.0,0
1992-10-16,3.41,3.41,3.41,3.41,0,0.0,0
1992-10-19,3.27,3.55,3.27,3.34,1400,0.0,0
1992-10-20,3.34,3.34,3.34,3.34,0,0.0,0
1992-10-21,3.27,3.27,3.27,3.27,3900,0.0,0
1992-10-22,3.27,3.27,3.27,3.27,2300,0.0,0
1992-10-23,3.27,3.27,3.27,3.27,0,0.0,0
1992-10-26,3.05,3.19,3.05,3.19,3600,0.0,0
1992-10-27,3.34,3.34,3.34,3.34,900,0.0,0
1992-10-28,3.27,3.55,3.27,3.55,1900,0.0,0
1992-10-29,3.34,3.55,3.34,3.48,3500,0.0,0
1992-10-30,3.41,3.41,3.41,3.41,1000,0.0,0
1992-11-02,3.41,3.41,3.41,3.41,0,0.0,0
1992-11-03,3.41,3.41,3.41,3.41,600,0.0,0
1992-11-04,3.41,3.41,3.41,3.41,200,0.0,0
1992-11-05,3.41,3.41,3.41,3.41,0,0.0,0
1992-11-06,3.41,3.41,3.41,3.41,0,0.0,0
1992-11-09,3.19,3.19,3.19,3.19,300,0.0,0
1992-11-10,3.19,3.27,3.19,3.19,3700,0.0,0
1992-11-11,3.27,3.27,3.05,3.19,2600,0.0,0
1992-11-12,3.05,3.27,3.05,3.27,10000,0.0,0
1992-11-13,3.12,3.12,3.12,3.12,600,0.0,0
1992-11-16,3.12,3.12,3.12,3.12,300,0.0,0
1992-11-17,3.41,3.41,3.12,3.12,5100,0.0,0
1992-11-18,3.12,3.19,3.12,3.12,3400,0.0,0
1992-11-19,3.19,3.19,3.19,3.19,1800,0.0,0
1992-11-20,3.41,3.41,3.12,3.12,8100,0.0,0
1992-11-23,3.27,3.27,3.05,3.05,2000,0.0,0
1992-11-24,3.27,3.27,3.19,3.27,1700,0.0,0
1992-11-25,3.27,3.27,3.19,3.27,1200,0.0,0
1992-11-27,3.27,3.27,3.19,3.27,1000,0.0,0
1992-11-30,3.27,3.27,3.27,3.27,200,0.0,0
1992-12-01,3.27,3.27,3.12,3.27,1600,0.0,0
1992-12-02,3.27,3.41,3.27,3.34,10700,0.0,0
1992-12-03,3.41,3.48,3.34,3.48,7700,0.0,0
1992-12-04,3.41,3.41,3.41,3.41,1300,0.0,0
1992-12-07,3.76,3.76,3.55,3.69,9700,0.0,0
1992-12-08,3.9,3.9,3.69,3.69,2600,0.0,0
1992-12-09,3.83,3.83,3.69,3.69,16600,0.0,0
1992-12-10,3.9,3.9,3.9,3.9,200,0.0,0
1992-12-11,3.98,3.98,3.9,3.98,800,0.0,0
1992-12-14,3.98,3.98,3.98,3.98,0,0.0,0
1992-12-15,3.9,3.9,3.69,3.9,400,0.0,0
1992-12-16,3.83,3.83,3.76,3.83,4400,0.0,0
1992-12-17,3.83,3.83,3.76,3.83,1500,0.0,0
1992-12-18,3.83,3.83,3.69,3.69,900,0.0,0
1992-12-21,3.55,3.55,3.55,3.55,200,0.0,0
1992-12-22,3.55,3.55,3.55,3.55,0,0.0,0
1992-12-23,3.55,3.55,3.55,3.55,0,0.0,0
1992-12-24,3.62,3.69,3.62,3.69,400,0.0,0
1992-12-28,3.55,3.55,3.55,3.55,2000,0.0,0
1992-12-29,3.55,3.9,3.55,3.9,4500,0.0,0
1992-12-30,3.9,3.98,3.69,3.69,3700,0.0,0
1992-12-31,3.98,3.98,3.69,3.69,1300,0.0,0
1993-01-04,3.69,3.69,3.69,3.69,0,0.0,0
1993-01-05,3.69,3.76,3.55,3.76,5900,0.0,0
1993-01-06,3.62,3.62,3.62,3.62,700,0.0,0
1993-01-07,3.69,3.69,3.62,3.69,200,0.0,0
1993-01-08,3.76,3.76,3.69,3.76,1000,0.0,0
1993-01-11,3.76,3.76,3.76,3.76,0,0.0,0
1993-01-12,3.76,3.76,3.76,3.76,0,0.0,0
1993-01-13,3.76,3.76,3.76,3.76,0,0.0,0
1993-01-14,3.76,3.76,3.76,3.76,0,0.0,0
1993-01-15,3.48,3.48,3.48,3.48,600,0.0,0
1993-01-18,3.48,3.48,3.48,3.48,0,0.0,0
1993-01-19,3.62,3.62,3.62,3.62,400,0.0,0
1993-01-20,3.41,3.69,3.41,3.69,800,0.0,0
1993-01-21,3.69,3.69,3.41,3.41,5800,0.0,0
1993-01-22,3.48,3.62,3.48,3.62,3700,0.0,0
1993-01-25,3.62,3.62,3.41,3.41,400,0.0,0
1993-01-26,3.69,3.69,3.62,3.62,2000,0.0,0
1993-01-27,3.55,3.69,3.55,3.69,8200,0.0,0
1993-01-28,3.48,3.76,3.48,3.62,9800,0.0,0
1993-01-29,3.76,3.76,3.48,3.48,500,0.0,0
1993-02-01,3.48,3.48,3.48,3.48,200,0.0,0
1993-02-02,3.48,3.48,3.48,3.48,0,0.0,0
1993-02-03,3.41,3.55,3.41,3.41,1000,0.0,0
1993-02-04,3.62,3.62,3.62,3.62,2500,0.0,0
1993-02-05,3.75,3.82,3.68,3.82,15200,0.1,0
1993-02-08,3.75,3.75,3.61,3.61,2400,0.0,0
1993-02-09,3.89,3.89,3.75,3.89,600,0.0,0
1993-02-10,3.89,3.89,3.89,3.89,0,0.0,0
1993-02-11,3.61,3.89,3.61,3.89,900,0.0,0
1993-02-12,3.82,3.82,3.68,3.68,6000,0.0,0
1993-02-16,3.82,3.82,3.82,3.82,1300,0.0,0
1993-02-17,3.61,3.61,3.61,3.61,1000,0.0,0
1993-02-18,3.61,3.75,3.61,3.68,1900,0.0,0
1993-02-19,3.89,3.89,3.89,3.89,400,0.0,0
1993-02-22,3.82,3.82,3.61,3.61,300,0.0,0
1993-02-23,3.61,3.61,3.61,3.61,0,0.0,0
1993-02-24,3.75,3.75,3.75,3.75,500,0.0,0
1993-02-25,3.75,3.75,3.75,3.75,0,0.0,0
1993-02-26,3.75,3.75,3.75,3.75,0,0.0,0
1993-03-01,3.61,3.61,3.61,3.61,300,0.0,0
1993-03-02,3.61,3.61,3.61,3.61,0,0.0,0
1993-03-03,3.61,3.61,3.61,3.61,0,0.0,0
1993-03-04,3.75,3.89,3.75,3.75,5900,0.0,0
1993-03-05,3.68,3.68,3.68,3.68,1200,0.0,0
1993-03-08,3.68,3.68,3.68,3.68,0,0.0,0
1993-03-09,4.04,4.11,4.04,4.11,900,0.0,0
1993-03-10,4.11,4.11,4.11,4.11,0,0.0,0
1993-03-11,4.04,4.04,4.04,4.04,1600,0.0,0
1993-03-12,4.04,4.04,4.04,4.04,0,0.0,0
1993-03-15,4.04,4.04,4.04,4.04,0,0.0,0
1993-03-16,4.04,4.04,4.04,4.04,0,0.0,0
1993-03-17,3.89,3.89,3.82,3.89,5100,0.0,0
1993-03-18,3.97,3.97,3.97,3.97,1000,0.0,0
1993-03-19,3.75,3.82,3.75,3.75,1000,0.0,0
1993-03-22,3.75,3.75,3.75,3.75,1600,0.0,0
1993-03-23,3.61,3.75,3.61,3.61,2200,0.0,0
1993-03-24,3.61,3.61,3.61,3.61,0,0.0,0
1993-03-25,3.61,3.61,3.61,3.61,300,0.0,0
1993-03-26,3.61,3.61,3.61,3.61,0,0.0,0
1993-03-29,3.61,3.75,3.61,3.61,6000,0.0,0
1993-03-30,3.75,3.89,3.75,3.89,800,0.0,0
1993-03-31,3.89,3.89,3.89,3.89,0,0.0,0
1993-04-01,3.68,3.89,3.68,3.68,1800,0.0,0
1993-04-02,3.68,3.68,3.68,3.68,0,0.0,0
1993-04-05,4.04,4.04,3.75,3.82,3000,0.0,0
1993-04-06,4.04,4.04,4.04,4.04,200,0.0,0
1993-04-07,4.04,4.04,4.04,4.04,200,0.0,0
1993-04-08,4.04,4.04,4.04,4.04,0,0.0,0
1993-04-12,4.11,4.47,4.11,4.47,1300,0.0,0
1993-04-13,4.26,4.26,4.26,4.26,500,0.0,0
1993-04-14,4.4,4.47,4.26,4.47,2400,0.0,0
1993-04-15,4.47,4.47,4.47,4.47,0,0.0,0
1993-04-16,4.47,4.47,4.47,4.47,0,0.0,0
1993-04-19,4.47,4.47,4.47,4.47,0,0.0,0
1993-04-20,4.33,4.47,4.18,4.47,5600,0.0,0
1993-04-21,4.18,4.26,4.18,4.18,600,0.0,0
1993-04-22,4.11,4.26,4.11,4.26,400,0.0,0
1993-04-23,3.97,3.97,3.97,3.97,500,0.0,0
1993-04-26,3.97,3.97,3.97,3.97,0,0.0,0
1993-04-27,3.89,3.89,3.89,3.89,100,0.0,0
1993-04-28,3.89,3.89,3.89,3.89,0,0.0,0
1993-04-29,3.89,3.89,3.89,3.89,0,0.0,0
1993-04-30,3.75,4.04,3.75,4.04,1800,0.0,0
1993-05-03,4.04,4.04,4.04,4.04,0,0.0,0
1993-05-04,4.04,4.04,4.04,4.04,0,0.0,0
1993-05-05,4.04,4.04,4.04,4.04,0,0.0,0
1993-05-06,4.11,4.11,4.11,4.11,8700,0.0,0
1993-05-07,4.11,4.11,4.11,4.11,0,0.0,0
1993-05-10,4.11,4.11,4.11,4.11,0,0.0,0
1993-05-11,3.97,3.97,3.82,3.82,500,0.0,0
1993-05-12,3.75,3.97,3.75,3.75,2000,0.0,0
1993-05-13,4.04,4.04,4.04,4.04,200,0.0,0
1993-05-14,3.89,3.89,3.89,3.89,200,0.0,0
1993-05-17,3.89,3.89,3.89,3.89,0,0.0,0
1993-05-18,3.75,3.97,3.75,3.97,5700,0.0,0
1993-05-19,4.04,4.04,3.97,4.04,2300,0.0,0
1993-05-20,3.82,3.82,3.82,3.82,700,0.0,0
1993-05-21,3.82,3.97,3.82,3.82,1100,0.0,0
1993-05-24,3.82,3.82,3.82,3.82,1000,0.0,0
1993-05-25,3.97,3.97,3.82,3.97,2500,0.0,0
1993-05-26,4.04,4.04,4.04,4.04,300,0.0,0
1993-05-27,4.04,4.04,4.04,4.04,0,0.0,0
1993-05-28,4.04,4.04,4.04,4.04,0,0.0,0
1993-06-01,4.04,4.04,4.04,4.04,0,0.0,0
1993-06-02,4.04,4.11,3.97,4.11,2500,0.0,0
1993-06-03,4.11,4.11,4.11,4.11,0,0.0,0
1993-06-04,4.11,4.11,4.11,4.11,0,0.0,0
1993-06-07,3.89,4.33,3.89,4.33,2300,0.0,0
1993-06-08,4.33,4.33,4.33,4.33,0,0.0,0
1993-06-09,4.04,4.04,4.04,4.04,500,0.0,0
1993-06-10,4.04,4.04,4.04,4.04,800,0.0,0
1993-06-11,4.18,4.18,3.89,3.97,200900,0.0,0
1993-06-14,3.97,3.97,3.97,3.97,0,0.0,0
1993-06-15,3.97,3.97,3.97,3.97,0,0.0,0
1993-06-16,3.97,3.97,3.97,3.97,0,0.0,0
1993-06-17,3.97,3.97,3.97,3.97,0,0.0,0
1993-06-18,3.97,3.97,3.97,3.97,0,0.0,0
1993-06-21,3.89,3.89,3.89,3.89,400,0.0,0
1993-06-22,3.89,3.89,3.89,3.89,0,0.0,0
1993-06-23,3.89,3.89,3.89,3.89,0,0.0,0
1993-06-24,3.89,4.11,3.89,4.04,1200,0.0,0
1993-06-25,3.97,4.18,3.97,4.18,2200,0.0,0
1993-06-28,4.18,4.18,4.18,4.18,0,0.0,0
1993-06-29,4.18,4.18,4.18,4.18,800,0.0,0
1993-06-30,4.18,4.18,4.18,4.18,0,0.0,0
1993-07-01,4.26,4.47,4.26,4.47,9200,0.0,0
1993-07-02,4.26,4.62,4.26,4.62,2200,0.0,0
1993-07-06,4.47,4.47,4.11,4.11,18500,0.0,0
1993-07-07,4.11,4.11,4.11,4.11,0,0.0,0
1993-07-08,4.04,4.04,4.04,4.04,100,0.0,0
1993-07-09,4.04,4.04,4.04,4.04,0,0.0,0
1993-07-12,4.04,4.04,4.04,4.04,0,0.0,0
1993-07-13,4.26,4.26,4.18,4.26,400,0.0,0
1993-07-14,4.26,4.26,3.97,4.26,5300,0.0,0
1993-07-15,4.26,4.26,4.26,4.26,2000,0.0,0
1993-07-16,4.26,4.26,4.04,4.04,4600,0.0,0
1993-07-19,4.26,4.26,4.26,4.26,100,0.0,0
1993-07-20,4.26,4.26,4.26,4.26,300,0.0,0
1993-07-21,4.11,4.11,4.11,4.11,6600,0.0,0
1993-07-22,4.04,4.04,4.04,4.04,6100,0.0,0
1993-07-23,4.04,4.04,4.04,4.04,0,0.0,0
1993-07-26,4.18,4.18,4.04,4.18,1000,0.0,0
1993-07-27,3.97,4.04,3.97,3.97,400,0.0,0
1993-07-28,3.97,3.97,3.97,3.97,0,0.0,0
1993-07-29,3.97,3.97,3.97,3.97,0,0.0,0
1993-07-30,4.18,4.18,4.18,4.18,11400,0.0,0
1993-08-02,4.04,4.04,4.04,4.04,2600,0.0,0
1993-08-03,4.18,4.18,4.11,4.11,1300,0.0,0
1993-08-04,4.4,4.4,4.4,4.4,1000,0.0,0
1993-08-05,4.4,4.4,4.4,4.4,0,0.0,0
1993-08-06,4.4,4.4,4.4,4.4,0,0.0,0
1993-08-09,4.4,4.4,4.4,4.4,0,0.0,0
1993-08-10,4.18,4.18,4.18,4.18,10300,0.0,0
1993-08-11,4.18,4.18,4.04,4.04,11500,0.0,0
1993-08-12,4.11,4.11,4.04,4.11,11100,0.0,0
1993-08-13,4.26,4.26,4.18,4.26,2600,0.0,0
1993-08-16,4.26,4.26,4.26,4.26,0,0.0,0
1993-08-17,4.11,4.11,3.97,4.04,5400,0.0,0
1993-08-18,3.97,3.97,3.97,3.97,100,0.0,0
1993-08-19,3.97,4.11,3.97,3.97,2100,0.0,0
1993-08-20,4.11,4.11,4.11,4.11,200,0.0,0
1993-08-23,4.26,4.26,4.26,4.26,100,0.0,0
1993-08-24,4.26,4.26,4.26,4.26,0,0.0,0
1993-08-25,4.26,4.26,4.26,4.26,0,0.0,0
1993-08-26,4.26,4.26,4.26,4.26,0,0.0,0
1993-08-27,4.26,4.26,4.26,4.26,0,0.0,0
1993-08-30,4.26,4.26,4.26,4.26,0,0.0,0
1993-08-31,4.26,4.26,4.18,4.26,2200,0.0,0
1993-09-01,4.4,4.4,4.18,4.18,1300,0.0,0
1993-09-02,4.47,4.47,4.18,4.26,1500,0.0,0
1993-09-03,4.4,4.4,4.33,4.33,4000,0.0,0
1993-09-07,4.26,4.33,4.26,4.33,1200,0.0,0
1993-09-08,4.33,4.33,4.33,4.33,0,0.0,0
1993-09-09,4.33,4.33,4.33,4.33,0,0.0,0
1993-09-10,4.33,4.33,4.33,4.33,0,0.0,0
1993-09-13,4.18,4.33,4.18,4.18,200,0.0,0
1993-09-14,4.4,4.4,4.4,4.4,16400,0.0,0
1993-09-15,4.18,4.47,4.18,4.47,1400,0.0,0
1993-09-16,4.47,4.47,4.47,4.47,0,0.0,0
1993-09-17,4.47,4.47,4.47,4.47,0,0.0,0
1993-09-20,4.47,4.47,4.47,4.47,0,0.0,0
1993-09-21,4.47,4.47,4.47,4.47,0,0.0,0
1993-09-22,4.47,4.47,4.47,4.47,0,0.0,0
1993-09-23,4.47,4.47,4.47,4.47,0,0.0,0
1993-09-24,4.47,4.47,4.47,4.47,0,0.0,0
1993-09-27,4.11,4.18,4.11,4.11,1000,0.0,0
1993-09-28,4.11,4.26,4.11,4.26,900,0.0,0
1993-09-29,4.26,4.26,4.11,4.26,4100,0.0,0
1993-09-30,4.26,4.26,4.26,4.26,300,0.0,0
1993-10-01,4.26,4.26,4.26,4.26,0,0.0,0
1993-10-04,4.26,4.26,4.26,4.26,0,0.0,0
1993-10-05,4.04,4.18,4.04,4.04,1900,0.0,0
1993-10-06,4.04,4.04,4.04,4.04,0,0.0,0
1993-10-07,3.97,4.26,3.97,4.26,2400,0.0,0
1993-10-08,4.26,4.26,4.26,4.26,1000,0.0,0
1993-10-11,4.26,4.26,4.26,4.26,0,0.0,0
1993-10-12,4.47,4.47,4.47,4.47,2500,0.0,0
1993-10-13,4.33,4.76,4.33,4.62,3600,0.0,0
1993-10-14,4.76,4.76,4.62,4.62,5600,0.0,0
1993-10-15,4.47,4.47,4.47,4.47,500,0.0,0
1993-10-18,4.4,4.47,4.4,4.4,200,0.0,0
1993-10-19,4.69,4.69,4.69,4.69,1700,0.0,0
1993-10-20,4.62,4.69,4.62,4.69,8100,0.0,0
1993-10-21,4.76,4.83,4.62,4.76,29500,0.0,0
1993-10-22,4.9,5.05,4.9,5.05,8100,0.0,0
1993-10-25,5.05,5.19,5.05,5.19,4100,0.0,0
1993-10-26,5.05,5.05,4.9,4.9,1800,0.0,0
1993-10-27,5.12,5.12,5.12,5.12,1000,0.0,0
1993-10-28,5.05,5.05,5.05,5.05,200,0.0,0
1993-10-29,5.05,5.26,5.05,5.26,5600,0.0,0
1993-11-01,5.26,5.26,4.98,5.05,7700,0.0,0
1993-11-02,4.98,5.19,4.98,5.19,700,0.0,0
1993-11-03,5.41,5.55,5.19,5.34,44100,0.0,0
1993-11-04,5.26,5.34,5.19,5.19,3000,0.0,0
1993-11-05,5.12,5.12,5.05,5.05,7500,0.0,0
1993-11-08,5.05,5.05,5.05,5.05,2000,0.0,0
1993-11-09,4.98,5.05,4.9,5.05,2800,0.0,0
1993-11-10,5.12,5.26,4.9,5.19,5100,0.0,0
1993-11-11,5.19,5.34,5.19,5.26,13000,0.0,0
1993-11-12,5.26,5.26,5.26,5.26,0,0.0,0
1993-11-15,5.05,5.05,5.05,5.05,400,0.0,0
1993-11-16,5.05,5.05,5.05,5.05,4000,0.0,0
1993-11-17,5.19,5.19,4.98,4.98,700,0.0,0
1993-11-18,4.98,4.98,4.98,4.98,0,0.0,0
1993-11-19,5.05,5.05,4.9,4.9,1400,0.0,0
1993-11-22,4.76,4.76,4.76,4.76,2600,0.0,0
1993-11-23,4.69,4.69,4.69,4.69,100,0.0,0
1993-11-24,4.69,4.76,4.69,4.69,1000,0.0,0
1993-11-26,4.69,4.69,4.69,4.69,0,0.0,0
1993-11-29,4.69,4.69,4.69,4.69,0,0.0,0
1993-11-30,4.69,4.69,4.69,4.69,0,0.0,0
1993-12-01,4.69,4.69,4.69,4.69,0,0.0,0
1993-12-02,4.69,4.69,4.69,4.69,0,0.0,0
1993-12-03,4.69,4.98,4.69,4.98,1300,0.0,0
1993-12-06,4.9,4.9,4.9,4.9,200,0.0,0
1993-12-07,4.98,4.98,4.98,4.98,400,0.0,0
1993-12-08,4.98,4.98,4.98,4.98,0,0.0,0
1993-12-09,4.98,4.98,4.98,4.98,0,0.0,0
1993-12-10,5.26,5.26,4.98,4.98,6600,0.0,0
1993-12-13,5.12,5.19,5.05,5.12,14100,0.0,0
1993-12-14,5.05,5.05,5.05,5.05,500,0.0,0
1993-12-15,5.05,5.05,5.05,5.05,0,0.0,0
1993-12-16,5.05,5.05,5.05,5.05,0,0.0,0
1993-12-17,5.05,5.05,5.05,5.05,0,0.0,0
1993-12-20,4.98,4.98,4.98,4.98,1100,0.0,0
1993-12-21,4.9,4.9,4.9,4.9,1700,0.0,0
1993-12-22,4.9,4.9,4.9,4.9,0,0.0,0
1993-12-23,4.83,4.9,4.83,4.83,800,0.0,0
1993-12-27,5.12,5.12,5.12,5.12,100,0.0,0
1993-12-28,4.98,4.98,4.98,4.98,100,0.0,0
1993-12-29,4.98,4.98,4.98,4.98,0,0.0,0
1993-12-30,4.69,4.69,4.69,4.69,300,0.0,0
1993-12-31,4.9,4.9,4.9,4.9,300,0.0,0
1994-01-03,4.9,4.9,4.9,4.9,0,0.0,0
1994-01-04,4.9,4.9,4.9,4.9,0,0.0,0
1994-01-05,4.98,5.12,4.98,5.12,2400,0.0,0
1994-01-06,5.12,5.12,5.12,5.12,0,0.0,0
1994-01-07,4.98,5.26,4.98,5.19,4100,0.0,0
1994-01-10,4.98,5.26,4.98,5.26,4700,0.0,0
1994-01-11,5.19,5.26,5.12,5.26,5000,0.0,0
1994-01-12,5.19,5.26,5.19,5.26,7500,0.0,0
1994-01-13,5.26,5.26,5.26,5.26,2500,0.0,0
1994-01-14,5.41,5.41,5.26,5.26,1600,0.0,0
1994-01-17,5.26,5.26,5.26,5.26,0,0.0,0
1994-01-18,5.26,5.26,5.26,5.26,0,0.0,0
1994-01-19,5.19,5.34,5.19,5.19,1100,0.0,0
1994-01-20,5.34,5.34,5.19,5.34,6300,0.0,0
1994-01-21,5.26,5.26,5.26,5.26,400,0.0,0
1994-01-24,5.48,5.48,5.48,5.48,100,0.0,0
1994-01-25,5.19,5.34,5.19,5.19,2300,0.0,0
1994-01-26,5.41,5.41,5.41,5.41,100,0.0,0
1994-01-27,5.48,5.48,5.48,5.48,500,0.0,0
1994-01-28,5.48,5.55,5.48,5.55,15900,0.0,0
1994-01-31,5.34,5.7,5.34,5.55,6400,0.0,0
1994-02-01,5.34,5.48,5.34,5.48,4000,0.0,0
1994-02-02,5.55,5.63,5.55,5.63,2300,0.0,0
1994-02-03,5.55,5.55,5.41,5.48,1400,0.0,0
1994-02-04,5.63,5.63,5.41,5.41,22500,0.0,0
1994-02-07,5.42,5.64,5.35,5.64,26000,0.15,0
1994-02-08,5.42,5.42,5.42,5.42,1000,0.0,0
1994-02-09,5.35,5.5,5.35,5.35,800,0.0,0
1994-02-10,5.35,5.5,5.35,5.5,18700,0.0,0
1994-02-11,5.5,5.5,5.5,5.5,0,0.0,0
1994-02-14,5.57,5.57,5.42,5.42,800,0.0,0
1994-02-15,5.28,5.42,5.28,5.42,3300,0.0,0
1994-02-16,5.35,5.35,5.28,5.28,600,0.0,0
1994-02-17,5.42,5.42,5.28,5.42,1400,0.0,0
1994-02-18,5.42,5.42,5.42,5.42,0,0.0,0
1994-02-22,4.76,4.76,4.76,4.76,500,0.0,0
1994-02-23,4.76,4.76,4.76,4.76,0,0.0,0
1994-02-24,4.98,4.98,4.91,4.98,3300,0.0,0
1994-02-25,4.84,4.84,4.84,4.84,200,0.0,0
1994-02-28,5.13,5.35,5.13,5.35,10200,0.0,0
1994-03-01,5.42,5.42,5.2,5.2,2900,0.0,0
1994-03-02,5.2,5.2,5.13,5.13,1700,0.0,0
1994-03-03,5.13,5.13,4.98,4.98,5500,0.0,0
1994-03-04,4.84,4.98,4.76,4.76,8700,0.0,0
1994-03-07,4.84,4.84,4.84,4.84,1000,0.0,0
1994-03-08,4.84,5.13,4.84,5.06,3300,0.0,0
1994-03-09,5.06,5.06,5.06,5.06,0,0.0,0
1994-03-10,5.06,5.06,5.06,5.06,0,0.0,0
1994-03-11,5.28,5.28,5.2,5.28,2400,0.0,0
1994-03-14,5.28,5.28,5.28,5.28,0,0.0,0
1994-03-15,4.91,4.98,4.91,4.91,1100,0.0,0
1994-03-16,4.91,4.91,4.91,4.91,1800,0.0,0
1994-03-17,4.91,4.91,4.91,4.91,0,0.0,0
1994-03-18,4.91,4.91,4.91,4.91,0,0.0,0
1994-03-21,4.76,4.91,4.76,4.76,600,0.0,0
1994-03-22,4.76,4.76,4.76,4.76,100,0.0,0
1994-03-23,5.06,5.06,5.06,5.06,100,0.0,0
1994-03-24,5.06,5.06,5.06,5.06,0,0.0,0
1994-03-25,4.91,4.91,4.91,4.91,4100,0.0,0
1994-03-28,5.06,5.06,4.91,4.91,1400,0.0,0
1994-03-29,4.84,4.84,4.69,4.84,23200,0.0,0
1994-03-30,4.54,4.76,4.54,4.76,12800,0.0,0
1994-03-31,4.54,4.54,4.54,4.54,1200,0.0,0
1994-04-04,4.62,4.62,4.4,4.54,400,0.0,0
1994-04-05,4.51,4.62,4.4,4.47,8300,0.0,0
1994-04-06,4.32,4.32,4.32,4.32,1000,0.0,0
1994-04-07,4.32,4.32,4.32,4.32,0,0.0,0
1994-04-08,4.32,4.4,4.32,4.4,2000,0.0,0
1994-04-11,4.18,4.32,4.18,4.32,1000,0.0,0
1994-04-12,4.47,4.54,4.47,4.54,2500,0.0,0
1994-04-13,4.62,4.62,4.44,4.44,3000,0.0,0
1994-04-14,4.25,4.25,4.25,4.25,1000,0.0,0
1994-04-15,4.25,4.25,4.25,4.25,0,0.0,0
1994-04-18,4.26,4.47,4.23,4.47,3000,0.0,0
1994-04-19,4.18,4.32,4.18,4.32,4100,0.0,0
1994-04-20,4.18,4.18,4.18,4.18,2900,0.0,0
1994-04-21,4.03,4.16,4.03,4.03,6800,0.0,0
1994-04-22,4.03,4.03,4.03,4.03,0,0.0,0
1994-04-25,4.03,4.03,4.03,4.03,0,0.0,0
1994-04-26,4.03,4.03,4.03,4.03,0,0.0,0
1994-04-28,3.88,4.18,3.88,4.18,1600,0.0,0
1994-04-29,4.18,4.18,4.18,4.18,2000,0.0,0
1994-05-02,4.4,4.45,4.4,4.45,5800,0.0,0
1994-05-03,4.54,4.54,4.51,4.54,1100,0.0,0
1994-05-04,4.29,4.54,4.29,4.54,7700,0.0,0
1994-05-05,4.54,4.54,4.25,4.25,700,0.0,0
1994-05-06,4.25,4.4,4.1,4.1,5400,0.0,0
1994-05-09,4.1,4.1,4.1,4.1,0,0.0,0
1994-05-10,4.1,4.1,4.1,4.1,0,0.0,0
1994-05-11,4.1,4.1,4.1,4.1,0,0.0,0
1994-05-12,3.81,3.97,3.81,3.81,800,0.0,0
1994-05-13,4.1,4.1,3.96,3.96,5000,0.0,0
1994-05-16,3.96,3.96,3.96,3.96,0,0.0,0
1994-05-17,3.96,3.96,3.96,3.96,0,0.0,0
1994-05-18,4.03,4.08,4.03,4.08,7700,0.0,0
1994-05-19,4.08,4.08,4.08,4.08,0,0.0,0
1994-05-20,4.1,4.1,3.81,3.81,900,0.0,0
1994-05-23,3.81,3.81,3.81,3.81,0,0.0,0
1994-05-24,4.18,4.18,3.96,3.96,14500,0.0,0
1994-05-25,3.96,3.96,3.96,3.96,5000,0.0,0
1994-05-26,3.96,4.1,3.96,4.1,12000,0.0,0
1994-05-27,3.88,3.88,3.88,3.88,300,0.0,0
1994-05-31,4.18,4.18,3.88,4.01,5000,0.0,0
1994-06-01,4.01,4.01,4.01,4.01,0,0.0,0
1994-06-02,4.18,4.18,4.1,4.18,1200,0.0,0
1994-06-03,4.18,4.25,4.18,4.25,400,0.0,0
1994-06-06,4.07,4.07,3.96,3.96,3700,0.0,0
1994-06-07,3.96,4.25,3.96,4.07,11300,0.0,0
1994-06-08,3.88,4.07,3.88,3.88,7000,0.0,0
1994-06-09,3.99,3.99,3.83,3.88,12600,0.0,0
1994-06-10,3.88,3.88,3.85,3.88,4800,0.0,0
1994-06-13,3.88,3.88,3.88,3.88,0,0.0,0
1994-06-14,3.85,3.85,3.85,3.85,1000,0.0,0
1994-06-15,3.85,3.85,3.85,3.85,0,0.0,0
1994-06-16,3.81,3.81,3.81,3.81,500,0.0,0
1994-06-17,3.81,3.81,3.81,3.81,0,0.0,0
1994-06-20,3.79,3.79,3.79,3.79,500,0.0,0
1994-06-21,3.66,3.66,3.66,3.66,100,0.0,0
1994-06-22,3.66,3.66,3.66,3.66,0,0.0,0
1994-06-23,3.96,3.96,3.81,3.96,200,0.0,0
1994-06-24,3.88,3.88,3.66,3.66,2100,0.0,0
1994-06-27,3.81,3.81,3.72,3.72,1800,0.0,0
1994-06-28,3.72,3.72,3.72,3.72,0,0.0,0
1994-06-29,3.55,3.65,3.55,3.65,21900,0.0,0
1994-06-30,3.81,3.81,3.72,3.81,400,0.0,0
1994-07-01,3.52,3.52,3.52,3.52,600,0.0,0
1994-07-05,3.52,3.52,3.52,3.52,900,0.0,0
1994-07-06,3.81,3.81,3.55,3.55,6500,0.0,0
1994-07-07,3.52,3.66,3.44,3.55,20700,0.0,0
1994-07-08,3.52,3.52,3.37,3.37,7900,0.0,0
1994-07-11,3.37,3.66,3.37,3.37,2000,0.0,0
1994-07-12,3.37,3.37,3.37,3.37,0,0.0,0
1994-07-13,3.66,3.66,3.66,3.66,1300,0.0,0
1994-07-14,3.63,3.66,3.62,3.62,2000,0.0,0
1994-07-15,3.62,3.62,3.62,3.62,0,0.0,0
1994-07-18,3.62,3.62,3.62,3.62,0,0.0,0
1994-07-19,3.62,3.62,3.62,3.62,0,0.0,0
1994-07-20,3.6,3.6,3.44,3.44,21600,0.0,0
1994-07-21,3.55,3.58,3.52,3.58,40000,0.0,0
1994-07-22,3.52,3.52,3.52,3.52,3600,0.0,0
1994-07-25,3.74,3.74,3.72,3.74,2800,0.0,0
1994-07-26,3.74,3.74,3.74,3.74,0,0.0,0
1994-07-27,3.74,3.74,3.74,3.74,0,0.0,0
1994-07-28,3.59,3.6,3.55,3.6,13100,0.0,0
1994-07-29,3.58,3.58,3.52,3.52,8000,0.0,0
1994-08-01,3.52,3.52,3.52,3.52,0,0.0,0
1994-08-02,3.66,3.66,3.59,3.66,600,0.0,0
1994-08-03,3.66,3.66,3.52,3.52,4300,0.0,0
1994-08-04,3.66,3.66,3.52,3.52,1800,0.0,0
1994-08-05,3.55,3.55,3.55,3.55,200,0.0,0
1994-08-08,3.66,3.66,3.66,3.66,900,0.0,0
1994-08-09,3.66,3.68,3.52,3.59,7500,0.0,0
1994-08-10,3.59,3.59,3.59,3.59,0,0.0,0
1994-08-11,3.74,3.74,3.6,3.6,3700,0.0,0
1994-08-12,3.66,3.66,3.66,3.66,1000,0.0,0
1994-08-15,3.74,3.74,3.74,3.74,300,0.0,0
1994-08-16,3.68,3.68,3.68,3.68,2700,0.0,0
1994-08-17,3.68,3.68,3.68,3.68,0,0.0,0
1994-08-18,3.59,3.59,3.59,3.59,400,0.0,0
1994-08-19,3.59,3.59,3.59,3.59,0,0.0,0
1994-08-22,3.72,3.72,3.59,3.59,500,0.0,0
1994-08-23,3.7,3.81,3.7,3.81,1000,0.0,0
1994-08-24,3.81,3.96,3.81,3.96,2100,0.0,0
1994-08-25,3.88,3.88,3.66,3.67,1500,0.0,0
1994-08-26,3.81,3.81,3.81,3.81,500,0.0,0
1994-08-29,3.88,3.88,3.81,3.88,1600,0.0,0
1994-08-30,3.88,3.96,3.74,3.87,9900,0.0,0
1994-08-31,3.88,3.88,3.7,3.84,21500,0.0,0
1994-09-01,3.84,3.84,3.84,3.84,0,0.0,0
1994-09-02,3.74,3.96,3.74,3.9,4500,0.0,0
1994-09-06,3.9,3.9,3.9,3.9,0,0.0,0
1994-09-07,3.9,3.9,3.9,3.9,0,0.0,0
1994-09-08,3.81,3.9,3.81,3.9,3200,0.0,0
1994-09-09,3.9,3.9,3.9,3.9,0,0.0,0
1994-09-12,3.9,3.9,3.9,3.9,0,0.0,0
1994-09-13,3.9,3.9,3.9,3.9,0,0.0,0
1994-09-14,3.9,3.9,3.9,3.9,0,0.0,0
1994-09-15,3.9,3.9,3.9,3.9,0,0.0,0
1994-09-16,4.03,4.03,4.03,4.03,500,0.0,0
1994-09-19,4.03,4.03,4.03,4.03,400,0.0,0
1994-09-20,3.88,3.88,3.88,3.88,300,0.0,0
1994-09-21,3.74,3.8,3.74,3.8,2300,0.0,0
1994-09-22,3.96,3.96,3.81,3.96,800,0.0,0
1994-09-23,3.74,3.81,3.74,3.74,900,0.0,0
1994-09-26,3.96,3.96,3.74,3.74,2000,0.0,0
1994-09-27,3.88,3.88,3.7,3.7,1000,0.0,0
1994-09-28,3.7,3.7,3.7,3.7,0,0.0,0
1994-09-29,3.7,3.7,3.7,3.7,0,0.0,0
1994-09-30,3.7,3.7,3.7,3.7,0,0.0,0
1994-10-03,3.7,3.7,3.7,3.7,0,0.0,0
1994-10-04,3.69,3.69,3.69,3.69,1000,0.0,0
1994-10-05,3.69,3.69,3.69,3.69,0,0.0,0
1994-10-06,3.69,3.69,3.69,3.69,0,0.0,0
1994-10-07,3.66,3.81,3.66,3.74,8000,0.0,0
1994-10-10,3.66,3.81,3.66,3.7,7300,0.0,0
1994-10-11,3.74,3.74,3.74,3.74,1000,0.0,0
1994-10-12,3.74,3.74,3.74,3.74,0,0.0,0
1994-10-13,3.74,3.88,3.59,3.76,6300,0.0,0
1994-10-14,3.76,3.76,3.76,3.76,0,0.0,0
1994-10-17,3.76,3.76,3.76,3.76,0,0.0,0
1994-10-18,3.76,3.76,3.76,3.76,0,0.0,0
1994-10-19,3.88,3.88,3.8,3.8,5300,0.0,0
1994-10-20,3.66,3.88,3.66,3.88,1100,0.0,0
1994-10-21,3.88,3.88,3.76,3.81,1900,0.0,0
1994-10-24,3.81,3.81,3.81,3.81,400,0.0,0
1994-10-25,3.81,3.81,3.81,3.81,0,0.0,0
1994-10-26,3.59,3.59,3.59,3.59,1500,0.0,0
1994-10-27,3.88,3.88,3.88,3.88,500,0.0,0
1994-10-28,3.88,3.88,3.82,3.82,1200,0.0,0
1994-10-31,3.77,3.77,3.77,3.77,1000,0.0,0
1994-11-01,3.77,3.77,3.77,3.77,0,0.0,0
1994-11-02,3.77,3.77,3.77,3.77,0,0.0,0
1994-11-03,4.03,4.03,4.03,4.03,1200,0.0,0
1994-11-04,3.88,4.18,3.88,4.03,1600,0.0,0
1994-11-07,4.25,4.25,4.03,4.1,6300,0.0,0
1994-11-08,4.25,4.25,4.25,4.25,500,0.0,0
1994-11-09,4.13,4.13,4.03,4.03,4700,0.0,0
1994-11-10,4.03,4.03,4.03,4.03,0,0.0,0
1994-11-11,4.03,4.03,4.03,4.03,400,0.0,0
1994-11-14,4.03,4.03,4.03,4.03,0,0.0,0
1994-11-15,4.03,4.03,4.03,4.03,6100,0.0,0
1994-11-16,3.99,3.99,3.99,3.99,2500,0.0,0
1994-11-17,4.03,4.03,4.03,4.03,6000,0.0,0
1994-11-18,3.96,4.01,3.96,4.01,3000,0.0,0
1994-11-21,3.96,4.03,3.88,3.92,10800,0.0,0
1994-11-22,3.88,3.88,3.88,3.88,3500,0.0,0
1994-11-23,3.74,3.74,3.74,3.74,500,0.0,0
1994-11-25,3.74,3.74,3.74,3.74,0,0.0,0
1994-11-28,3.74,3.74,3.74,3.74,0,0.0,0
1994-11-29,3.74,3.74,3.74,3.74,0,0.0,0
1994-11-30,3.74,3.74,3.74,3.74,0,0.0,0
1994-12-01,3.74,3.74,3.74,3.74,0,0.0,0
1994-12-02,3.74,3.74,3.74,3.74,0,0.0,0
1994-12-05,3.74,3.74,3.74,3.74,0,0.0,0
1994-12-06,3.74,3.74,3.74,3.74,0,0.0,0
1994-12-07,3.74,3.74,3.74,3.74,0,0.0,0
1994-12-08,3.81,3.81,3.81,3.81,500,0.0,0
1994-12-09,3.74,3.8,3.74,3.8,30000,0.0,0
1994-12-12,3.74,3.96,3.74,3.96,800,0.0,0
1994-12-13,3.96,3.96,3.96,3.96,0,0.0,0
1994-12-14,3.96,3.96,3.96,3.96,0,0.0,0
1994-12-15,3.96,3.96,3.96,3.96,0,0.0,0
1994-12-16,3.78,3.78,3.78,3.78,500,0.0,0
1994-12-19,3.78,3.78,3.78,3.78,0,0.0,0
1994-12-20,3.78,3.78,3.78,3.78,0,0.0,0
1994-12-21,3.84,3.84,3.84,3.84,10000,0.0,0
1994-12-22,3.81,3.81,3.81,3.81,500,0.0,0
1994-12-23,3.81,3.81,3.81,3.81,1300,0.0,0
1994-12-27,3.74,3.74,3.74,3.74,1000,0.0,0
1994-12-28,3.74,3.74,3.74,3.74,200,0.0,0
1994-12-29,3.71,3.71,3.71,3.71,2000,0.0,0
1994-12-30,3.71,3.71,3.71,3.71,0,0.0,0
1995-01-03,3.88,3.88,3.8,3.8,3200,0.0,0
1995-01-04,3.8,3.8,3.8,3.8,0,0.0,0
1995-01-05,3.74,3.74,3.74,3.74,600,0.0,0
1995-01-06,3.74,3.87,3.74,3.87,2000,0.0,0
1995-01-09,3.79,3.79,3.79,3.79,500,0.0,0
1995-01-10,3.79,3.79,3.79,3.79,0,0.0,0
1995-01-11,3.96,3.96,3.96,3.96,1200,0.0,0
1995-01-12,3.96,3.96,3.96,3.96,0,0.0,0
1995-01-13,3.96,3.96,3.96,3.96,0,0.0,0
1995-01-16,3.96,3.96,3.96,3.96,0,0.0,0
1995-01-17,3.96,3.96,3.9,3.9,9500,0.0,0
1995-01-18,3.96,3.96,3.9,3.9,10000,0.0,0
1995-01-19,3.9,3.9,3.9,3.9,0,0.0,0
1995-01-20,3.9,3.9,3.9,3.9,0,0.0,0
1995-01-23,3.9,3.9,3.9,3.9,0,0.0,0
1995-01-24,3.74,3.88,3.74,3.81,10300,0.0,0
1995-01-25,3.84,3.96,3.84,3.96,3300,0.0,0
1995-01-26,3.96,3.96,3.74,3.74,10700,0.0,0
1995-01-27,3.79,3.96,3.74,3.96,1400,0.0,0
1995-01-30,3.96,3.96,3.96,3.96,0,0.0,0
1995-01-31,3.81,3.81,3.72,3.72,3800,0.0,0
1995-02-01,3.71,3.71,3.71,3.71,100,0.0,0
1995-02-02,3.66,3.77,3.66,3.77,2100,0.0,0
1995-02-03,3.81,3.88,3.81,3.88,3600,0.0,0
1995-02-06,3.88,3.88,3.88,3.88,0,0.0,0
1995-02-07,4.05,4.05,3.9,3.9,2600,0.15,0
1995-02-08,3.75,3.91,3.75,3.75,400,0.0,0
1995-02-09,4.05,4.05,4.02,4.05,1000,0.0,0
1995-02-10,3.75,3.88,3.75,3.75,2200,0.0,0
1995-02-13,3.75,3.86,3.75,3.75,600,0.0,0
1995-02-14,3.75,3.75,3.75,3.75,0,0.0,0
1995-02-15,3.75,3.86,3.75,3.82,6200,0.0,0
1995-02-16,3.82,3.82,3.82,3.82,0,0.0,0
1995-02-17,3.75,3.75,3.75,3.75,2800,0.0,0
1995-02-21,3.75,3.75,3.75,3.75,0,0.0,0
1995-02-22,3.82,3.82,3.82,3.82,2000,0.0,0
1995-02-23,3.82,4.08,3.82,4.08,800,0.0,0
1995-02-24,3.82,3.82,3.82,3.82,400,0.0,0
1995-02-27,3.9,4.03,3.9,3.97,11700,0.0,0
1995-02-28,3.9,4.12,3.9,4.12,1400,0.0,0
1995-03-01,3.9,4.02,3.9,3.97,11800,0.0,0
1995-03-02,3.97,3.97,3.97,3.97,0,0.0,0
1995-03-03,3.97,3.97,3.97,3.97,0,0.0,0
1995-03-06,3.97,3.97,3.97,3.97,0,0.0,0
1995-03-07,4.12,4.12,3.9,3.9,2400,0.0,0
1995-03-08,3.95,3.95,3.84,3.84,7900,0.0,0
1995-03-09,4.05,4.05,3.93,4.05,3800,0.0,0
1995-03-10,3.82,3.82,3.82,3.82,800,0.0,0
1995-03-13,3.82,3.82,3.82,3.82,0,0.0,0
1995-03-14,3.75,3.75,3.75,3.75,400,0.0,0
1995-03-15,4.05,4.05,3.94,4.05,400,0.0,0
1995-03-16,4.05,4.05,4.05,4.05,0,0.0,0
1995-03-17,4.05,4.05,4.05,4.05,0,0.0,0
1995-03-20,3.75,3.93,3.75,3.93,5500,0.0,0
1995-03-21,3.9,4.05,3.9,4.05,4400,0.0,0
1995-03-22,3.9,3.9,3.9,3.9,200,0.0,0
1995-03-23,3.9,4.05,3.9,3.9,600,0.0,0
1995-03-24,3.97,4.12,3.97,3.97,1500,0.0,0
1995-03-27,3.97,4.05,3.97,3.97,400,0.0,0
1995-03-28,4.12,4.12,4.01,4.01,1100,0.0,0
1995-03-29,4.01,4.01,4.01,4.01,0,0.0,0
1995-03-30,4.01,4.01,4.01,4.01,0,0.0,0
1995-03-31,3.97,3.97,3.97,3.97,300,0.0,0
1995-04-03,3.97,3.97,3.97,3.97,100,0.0,0
1995-04-04,4.05,4.2,4.05,4.05,1400,0.0,0
1995-04-05,4.31,4.31,4.17,4.17,4000,0.0,0
1995-04-06,4.2,4.26,4.2,4.26,3800,0.0,0
1995-04-07,4.31,4.31,4.22,4.31,17000,0.0,0
1995-04-10,4.31,4.31,4.31,4.31,0,0.0,0
1995-04-11,4.31,4.31,4.31,4.31,15000,0.0,0
1995-04-12,4.21,4.31,4.21,4.31,3000,0.0,0
1995-04-13,4.35,4.35,4.35,4.35,2000,0.0,0
1995-04-17,4.2,4.2,4.2,4.2,200,0.0,0
1995-04-18,4.2,4.2,4.2,4.2,0,0.0,0
1995-04-19,4.2,4.2,4.2,4.2,0,0.0,0
1995-04-20,4.2,4.2,4.2,4.2,0,0.0,0
1995-04-21,4.2,4.2,4.2,4.2,0,0.0,0
1995-04-24,4.2,4.2,4.2,4.2,0,0.0,0
1995-04-25,4.2,4.2,4.2,4.2,0,0.0,0
1995-04-26,4.2,4.2,4.2,4.2,0,0.0,0
1995-04-27,4.46,4.46,4.46,4.46,300,0.0,0
1995-04-28,4.26,4.31,4.26,4.26,2000,0.0,0
1995-05-01,4.2,4.31,4.2,4.2,1600,0.0,0
1995-05-02,4.2,4.2,4.2,4.2,0,0.0,0
1995-05-03,4.2,4.2,4.2,4.2,0,0.0,0
1995-05-04,4.2,4.2,4.2,4.2,0,0.0,0
1995-05-05,4.2,4.2,4.2,4.2,300,0.0,0
1995-05-08,4.2,4.5,4.2,4.5,700,0.0,0
1995-05-09,4.46,4.5,4.46,4.5,4900,0.0,0
1995-05-10,4.5,4.5,4.5,4.5,0,0.0,0
1995-05-11,4.4,4.4,4.4,4.4,300,0.0,0
1995-05-12,4.4,4.4,4.4,4.4,0,0.0,0
1995-05-15,4.5,4.5,4.2,4.2,3000,0.0,0
1995-05-16,4.27,4.27,4.27,4.27,600,0.0,0
1995-05-17,4.47,4.5,4.47,4.5,2500,0.0,0
1995-05-18,4.65,4.65,4.65,4.65,500,0.0,0
1995-05-19,4.65,4.65,4.65,4.65,0,0.0,0
1995-05-22,4.57,4.57,4.57,4.57,1500,0.0,0
1995-05-23,4.42,4.42,4.42,4.42,2000,0.0,0
1995-05-24,4.42,4.42,4.35,4.35,2100,0.0,0
1995-05-25,4.35,4.35,4.35,4.35,500,0.0,0
1995-05-26,4.35,4.35,4.35,4.35,0,0.0,0
1995-05-30,4.27,4.27,4.27,4.27,300,0.0,0
1995-05-31,4.27,4.27,4.27,4.27,0,0.0,0
1995-06-01,4.27,4.35,4.12,4.35,1700,0.0,0
1995-06-02,4.12,4.35,4.12,4.27,1100,0.0,0
1995-06-05,4.35,4.42,4.35,4.42,4500,0.0,0
1995-06-06,4.35,4.35,4.35,4.35,2000,0.0,0
1995-06-07,4.5,4.5,4.46,4.46,1500,0.0,0
1995-06-08,4.57,4.57,4.35,4.35,6000,0.0,0
1995-06-09,4.35,4.35,4.35,4.35,5000,0.0,0
1995-06-12,4.35,4.35,4.35,4.35,0,0.0,0
1995-06-13,4.35,4.35,4.35,4.35,200,0.0,0
1995-06-14,4.35,4.35,4.35,4.35,2000,0.0,0
1995-06-15,4.24,4.24,4.24,4.24,200,0.0,0
1995-06-16,4.24,4.24,4.24,4.24,0,0.0,0
1995-06-19,4.42,4.42,4.35,4.35,2000,0.0,0
1995-06-20,4.35,4.35,4.35,4.35,0,0.0,0
1995-06-21,4.35,4.35,4.35,4.35,0,0.0,0
1995-06-22,4.35,4.35,4.35,4.35,0,0.0,0
1995-06-23,4.35,4.35,4.35,4.35,0,0.0,0
1995-06-26,4.39,4.39,4.39,4.39,1000,0.0,0
1995-06-27,4.39,4.39,4.39,4.39,0,0.0,0
1995-06-28,4.39,4.39,4.39,4.39,0,0.0,0
1995-06-29,4.31,4.35,4.31,4.35,3000,0.0,0
1995-06-30,4.27,4.27,4.27,4.27,1000,0.0,0
1995-07-03,4.27,4.27,4.27,4.27,0,0.0,0
1995-07-05,4.27,4.27,4.27,4.27,0,0.0,0
1995-07-06,4.27,4.27,4.27,4.27,0,0.0,0
1995-07-07,4.27,4.27,4.27,4.27,0,0.0,0
1995-07-10,4.2,4.2,4.2,4.2,1000,0.0,0
1995-07-11,4.47,4.47,4.47,4.47,1000,0.0,0
1995-07-12,4.27,4.27,4.27,4.27,10700,0.0,0
1995-07-13,4.27,4.27,4.27,4.27,1000,0.0,0
1995-07-14,4.5,4.5,4.42,4.42,1400,0.0,0
1995-07-17,4.5,4.72,4.35,4.5,16600,0.0,0
1995-07-18,4.72,4.72,4.57,4.57,4800,0.0,0
1995-07-19,4.8,4.8,4.57,4.57,6100,0.0,0
1995-07-20,4.76,4.8,4.71,4.72,7300,0.0,0
1995-07-21,4.87,4.87,4.72,4.87,1200,0.0,0
1995-07-24,4.92,5.02,4.92,5.02,4000,0.0,0
1995-07-25,4.87,5.02,4.8,5.02,2900,0.0,0
1995-07-26,5.02,5.02,5.02,5.02,100,0.0,0
1995-07-27,4.8,4.8,4.8,4.8,1600,0.0,0
1995-07-28,4.8,5.02,4.8,5.02,800,0.0,0
1995-07-31,5.02,5.02,4.8,4.87,3000,0.0,0
1995-08-01,4.87,4.87,4.87,4.87,0,0.0,0
1995-08-02,4.87,4.87,4.87,4.87,0,0.0,0
1995-08-03,4.87,5.1,4.87,5.1,10000,0.0,0
1995-08-04,5.1,5.32,5.1,5.32,4400,0.0,0
1995-08-07,5.25,5.25,5.25,5.25,1000,0.0,0
1995-08-08,5.25,5.29,5.25,5.25,10100,0.0,0
1995-08-09,5.4,5.4,5.14,5.29,17000,0.0,0
1995-08-10,5.4,5.4,5.26,5.26,5200,0.0,0
1995-08-11,5.25,5.29,5.25,5.25,4300,0.0,0
1995-08-14,5.25,5.25,5.25,5.25,500,0.0,0
1995-08-15,5.25,5.29,5.25,5.29,6500,0.0,0
1995-08-16,5.17,5.17,5.02,5.06,17000,0.0,0
1995-08-17,4.87,5.06,4.87,5.06,9200,0.0,0
1995-08-18,5.02,5.02,5.02,5.02,600,0.0,0
1995-08-21,5.02,5.02,5.02,5.02,0,0.0,0
1995-08-22,5.02,5.02,5.02,5.02,0,0.0,0
1995-08-23,4.95,5.1,4.87,4.87,4700,0.0,0
1995-08-24,5.02,5.02,5.02,5.02,300,0.0,0
1995-08-25,5.1,5.1,5.02,5.02,3000,0.0,0
1995-08-28,5.01,5.1,4.95,5.02,5300,0.0,0
1995-08-29,5.02,5.02,5.02,5.02,0,0.0,0
1995-08-30,5.1,5.1,5.1,5.1,800,0.0,0
1995-08-31,5.02,5.1,5.02,5.1,7100,0.0,0
1995-09-01,5.1,5.1,5.1,5.1,6000,0.0,0
1995-09-05,5.02,5.02,5.02,5.02,1400,0.0,0
1995-09-06,5.25,5.25,5.17,5.25,9600,0.0,0
1995-09-07,5.25,5.25,5.25,5.25,2000,0.0,0
1995-09-08,5.25,5.44,5.1,5.32,19100,0.0,0
1995-09-11,5.37,5.55,5.32,5.32,3700,0.0,0
1995-09-12,5.4,5.55,5.32,5.4,5500,0.0,0
1995-09-13,5.4,5.4,5.4,5.4,0,0.0,0
1995-09-14,5.32,5.44,5.32,5.4,2600,0.0,0
1995-09-15,5.32,5.47,5.32,5.47,2500,0.0,0
1995-09-18,5.4,5.4,5.4,5.4,1500,0.0,0
1995-09-19,5.4,5.4,5.4,5.4,3000,0.0,0
1995-09-20,5.62,5.62,5.4,5.54,13400,0.0,0
1995-09-21,5.54,5.54,5.54,5.54,0,0.0,0
1995-09-22,5.4,5.74,5.4,5.74,14100,0.0,0
1995-09-25,5.77,5.77,5.62,5.67,3600,0.0,0
1995-09-26,5.67,5.67,5.67,5.67,0,0.0,0
1995-09-27,5.77,5.77,5.6,5.6,1600,0.0,0
1995-09-28,5.62,5.7,5.55,5.6,87000,0.0,0
1995-09-29,5.62,5.7,5.62,5.7,20900,0.0,0
1995-10-02,5.7,5.7,5.62,5.63,4700,0.0,0
1995-10-03,5.59,5.7,5.59,5.7,5300,0.0,0
1995-10-04,5.7,5.7,5.7,5.7,1700,0.0,0
1995-10-05,5.7,5.7,5.7,5.7,500,0.0,0
1995-10-06,5.55,5.77,5.55,5.62,6400,0.0,0
1995-10-09,5.85,5.85,5.77,5.77,6000,0.0,0
1995-10-10,5.85,5.85,5.62,5.77,4500,0.0,0
1995-10-11,5.62,5.62,5.62,5.62,3500,0.0,0
1995-10-12,5.77,5.77,5.7,5.7,5100,0.0,0
1995-10-13,5.81,5.81,5.77,5.77,1000,0.0,0
1995-10-16,5.85,5.85,5.7,5.7,2600,0.0,0
1995-10-17,5.85,5.85,5.85,5.85,1000,0.0,0
1995-10-18,5.7,5.7,5.7,5.7,800,0.0,0
1995-10-19,5.7,6.3,5.7,6.3,25800,0.0,0
1995-10-20,6.3,6.3,6.0,6.13,18500,0.0,0
1995-10-23,6.22,6.22,5.85,6.0,4600,0.0,0
1995-10-24,5.92,5.92,5.73,5.73,7000,0.0,0
1995-10-25,5.62,5.85,5.62,5.85,1400,0.0,0
1995-10-26,5.77,6.0,5.7,5.7,13700,0.0,0
1995-10-27,5.92,5.92,5.82,5.92,2900,0.0,0
1995-10-30,5.92,5.92,5.91,5.91,4200,0.0,0
1995-10-31,5.92,5.92,5.89,5.89,3800,0.0,0
1995-11-01,6.0,6.0,5.74,5.74,1500,0.0,0
1995-11-02,5.7,5.7,5.7,5.7,800,0.0,0
1995-11-03,5.77,5.81,5.77,5.77,200,0.0,0
1995-11-06,6.0,6.0,6.0,6.0,1000,0.0,0
1995-11-07,5.82,5.92,5.82,5.92,8400,0.0,0
1995-11-08,5.76,5.92,5.74,5.74,3400,0.0,0
1995-11-09,5.77,6.0,5.77,6.0,3300,0.0,0
1995-11-10,6.0,6.0,5.85,6.0,6800,0.0,0
1995-11-13,5.7,6.0,5.7,6.0,400,0.0,0
1995-11-14,5.7,6.0,5.7,5.77,7100,0.0,0
1995-11-15,5.77,6.0,5.77,6.0,5600,0.0,0
1995-11-16,5.92,5.92,5.83,5.92,1200,0.0,0
1995-11-17,5.92,6.0,5.7,5.7,5700,0.0,0
1995-11-20,5.92,5.92,5.7,5.7,1600,0.0,0
1995-11-21,5.9,5.92,5.9,5.92,4200,0.0,0
1995-11-22,5.75,5.75,5.7,5.7,3900,0.0,0
1995-11-24,5.77,5.77,5.77,5.77,100,0.0,0
1995-11-27,5.92,5.92,5.7,5.7,7000,0.0,0
1995-11-28,5.85,5.85,5.55,5.7,2200,0.0,0
1995-11-29,5.47,5.47,5.47,5.47,10100,0.0,0
1995-11-30,5.46,5.62,5.4,5.43,9400,0.0,0
1995-12-01,5.32,5.55,5.25,5.55,16700,0.0,0
1995-12-04,5.4,5.55,5.25,5.25,69000,0.0,0
1995-12-05,5.25,5.25,5.25,5.25,4500,0.0,0
1995-12-06,5.21,5.29,5.1,5.1,19800,0.0,0
1995-12-07,4.99,5.17,4.87,5.02,9200,0.0,0
1995-12-08,5.17,5.25,5.02,5.02,9000,0.0,0
1995-12-11,5.32,5.32,5.32,5.32,900,0.0,0
1995-12-12,5.32,5.4,5.24,5.4,10100,0.0,0
1995-12-13,5.4,5.4,5.4,5.4,0,0.0,0
1995-12-14,5.47,5.55,5.47,5.55,2700,0.0,0
1995-12-15,5.25,5.25,5.25,5.25,200,0.0,0
1995-12-18,5.29,5.55,5.25,5.4,20200,0.0,0
1995-12-19,5.25,5.25,5.25,5.25,3100,0.0,0
1995-12-20,5.25,5.25,5.25,5.25,0,0.0,0
1995-12-21,5.31,5.31,5.31,5.31,800,0.0,0
1995-12-22,5.21,5.21,5.21,5.21,1500,0.0,0
1995-12-26,5.17,5.17,5.17,5.17,100,0.0,0
1995-12-27,5.47,5.47,5.37,5.37,8500,0.0,0
1995-12-28,5.55,5.55,5.55,5.55,400,0.0,0
1995-12-29,5.55,5.62,5.4,5.59,13300,0.0,0
1996-01-02,5.54,5.54,5.54,5.54,200,0.0,0
1996-01-03,5.47,5.55,5.47,5.49,23900,0.0,0
1996-01-04,5.7,5.7,5.7,5.7,600,0.0,0
1996-01-05,5.47,5.62,5.47,5.62,16000,0.0,0
1996-01-08,5.32,5.32,5.32,5.32,600,0.0,0
1996-01-09,5.32,5.55,5.25,5.25,6500,0.0,0
1996-01-10,5.55,5.55,5.25,5.25,3300,0.0,0
1996-01-11,5.25,5.36,5.25,5.36,2000,0.0,0
1996-01-12,5.55,5.55,5.55,5.55,1000,0.0,0
1996-01-15,5.4,5.55,5.4,5.55,1200,0.0,0
1996-01-16,5.17,5.4,5.17,5.28,3800,0.0,0
1996-01-17,5.17,5.25,5.17,5.17,3200,0.0,0
1996-01-18,5.1,5.17,5.1,5.17,1400,0.0,0
1996-01-19,5.1,5.32,5.1,5.32,3600,0.0,0
1996-01-22,5.1,5.47,5.1,5.39,7800,0.0,0
1996-01-23,5.55,5.55,5.55,5.55,1000,0.0,0
1996-01-24,5.55,5.55,5.55,5.55,0,0.0,0
1996-01-25,5.55,5.55,5.55,5.55,0,0.0,0
1996-01-26,5.55,5.85,5.47,5.47,89600,0.0,0
1996-01-29,5.47,5.85,5.47,5.81,6400,0.0,0
1996-01-30,5.7,5.7,5.54,5.7,7000,0.0,0
1996-01-31,5.7,5.7,5.47,5.7,3900,0.0,0
1996-02-01,5.62,5.7,5.59,5.7,5800,0.0,0
1996-02-02,5.7,5.7,5.62,5.7,5700,0.0,0
1996-02-05,5.7,5.7,5.55,5.62,11500,0.0,0
1996-02-06,5.7,5.7,5.4,5.7,16300,0.0,0
1996-02-07,5.9,6.36,5.67,6.36,120500,0.2,0
1996-02-08,6.28,6.51,6.28,6.51,57100,0.0,0
1996-02-09,6.51,6.51,6.35,6.51,27700,0.0,0
1996-02-12,6.51,6.51,6.13,6.51,11200,0.0,0
1996-02-13,6.13,6.51,6.13,6.36,8300,0.0,0
1996-02-14,6.43,6.43,6.13,6.28,23200,0.0,0
1996-02-15,6.36,6.43,6.13,6.13,13700,0.0,0
1996-02-16,6.43,6.43,6.39,6.39,4200,0.0,0
1996-02-20,6.13,6.51,6.13,6.43,12700,0.0,0
1996-02-21,6.28,6.36,6.28,6.28,1300,0.0,0
1996-02-22,6.59,6.59,6.51,6.59,21300,0.0,0
1996-02-23,6.59,6.59,6.28,6.28,23000,0.0,0
1996-02-26,6.59,6.59,6.28,6.51,18100,0.0,0
1996-02-27,6.59,6.59,6.47,6.51,17700,0.0,0
1996-02-28,6.51,6.51,6.51,6.51,0,0.0,0
1996-02-29,6.43,6.51,6.28,6.36,51300,0.0,0
1996-03-01,6.59,6.59,6.51,6.57,2200,0.0,0
1996-03-04,6.36,6.59,6.13,6.13,13200,0.0,0
1996-03-05,6.05,6.28,6.05,6.18,3400,0.0,0
1996-03-06,6.28,6.36,6.28,6.34,7500,0.0,0
1996-03-07,6.36,6.51,6.28,6.51,19000,0.0,0
1996-03-08,6.21,6.51,6.13,6.13,9000,0.0,0
1996-03-11,6.13,6.17,6.13,6.17,3200,0.0,0
1996-03-12,6.51,6.51,6.51,6.51,3000,0.0,0
1996-03-13,6.51,6.59,6.36,6.36,14200,0.0,0
1996-03-14,6.51,6.51,6.47,6.51,10700,0.0,0
1996-03-15,6.51,6.51,6.51,6.51,3100,0.0,0
1996-03-18,6.51,6.51,6.21,6.21,8200,0.0,0
1996-03-19,6.43,6.59,6.43,6.59,42900,0.0,0
1996-03-20,6.59,6.59,6.21,6.21,2500,0.0,0
1996-03-21,6.59,6.59,6.36,6.36,10800,0.0,0
1996-03-22,6.59,6.59,6.28,6.28,1000,0.0,0
1996-03-25,6.28,6.59,6.28,6.59,3400,0.0,0
1996-03-26,6.59,6.66,6.43,6.51,15800,0.0,0
1996-03-27,6.66,6.66,6.63,6.63,23100,0.0,0
1996-03-28,6.51,6.66,6.51,6.66,25400,0.0,0
1996-03-29,6.66,6.66,6.51,6.51,8400,0.0,0
1996-04-01,6.66,6.82,6.51,6.51,15900,0.0,0
1996-04-02,6.51,6.51,6.51,6.51,0,0.0,0
1996-04-03,6.82,6.82,6.82,6.82,500,0.0,0
1996-04-04,6.89,6.89,6.85,6.86,17800,0.0,0
1996-04-08,6.86,6.89,6.86,6.89,36000,0.0,0
1996-04-09,6.89,6.89,6.74,6.86,20900,0.0,0
1996-04-10,7.05,7.12,6.82,7.12,3600,0.0,0
1996-04-11,6.82,7.12,6.74,7.12,29500,0.0,0
1996-04-12,7.05,7.05,6.89,6.89,16100,0.0,0
1996-04-15,6.89,7.12,6.89,7.01,26700,0.0,0
1996-04-16,7.05,7.05,6.89,6.89,8400,0.0,0
1996-04-17,6.89,6.97,6.66,6.97,8600,0.0,0
1996-04-18,6.74,7.05,6.74,7.05,8800,0.0,0
1996-04-19,7.05,7.12,6.89,7.09,92700,0.0,0
1996-04-22,7.28,7.43,7.09,7.2,47300,0.0,0
1996-04-23,7.43,7.43,7.12,7.2,16700,0.0,0
1996-04-24,7.12,7.43,7.05,7.35,16300,0.0,0
1996-04-25,7.35,7.35,7.12,7.35,20400,0.0,0
1996-04-26,7.35,7.35,6.88,7.35,27100,0.0,0
1996-04-29,7.28,7.28,6.97,7.28,6100,0.0,0
1996-04-30,7.28,7.28,7.05,7.18,24300,0.0,0
1996-05-01,7.18,7.28,7.05,7.2,13200,0.0,0
1996-05-02,7.2,7.2,6.89,6.89,11500,0.0,0
1996-05-03,7.2,7.2,6.89,7.05,20700,0.0,0
1996-05-06,7.2,7.2,6.89,7.2,7000,0.0,0
1996-05-07,7.23,7.23,7.2,7.23,14100,0.05,0
1996-05-08,7.23,7.23,6.92,7.23,4500,0.0,0
1996-05-09,7.15,7.15,7.07,7.15,19600,0.0,0
1996-05-10,7.08,7.15,7.08,7.15,1800,0.0,0
1996-05-13,7.15,7.15,6.92,6.92,5000,0.0,0
1996-05-14,7.15,7.15,6.92,7.08,16000,0.0,0
1996-05-15,6.92,7.15,6.92,7.15,10300,0.0,0
1996-05-16,6.92,7.15,6.92,6.92,5400,0.0,0
1996-05-17,6.92,7.15,6.92,7.15,9800,0.0,0
1996-05-20,7.15,7.15,6.92,7.0,6200,0.0,0
1996-05-21,7.15,7.15,7.0,7.0,6800,0.0,0
1996-05-22,7.12,7.15,6.77,6.92,41800,0.0,0
1996-05-23,6.77,7.08,6.77,7.08,8500,0.0,0
1996-05-24,7.08,7.08,6.85,7.08,2300,0.0,0
1996-05-28,6.92,7.08,6.9,7.08,6400,0.0,0
1996-05-29,6.92,7.08,6.85,6.85,15800,0.0,0
1996-05-30,7.15,7.21,6.92,7.15,13300,0.0,0
1996-05-31,7.31,7.31,7.0,7.15,7400,0.0,0
1996-06-03,7.15,7.31,7.0,7.31,10500,0.0,0
1996-06-04,7.31,7.62,7.12,7.54,73200,0.0,0
1996-06-05,7.54,7.54,7.23,7.54,9600,0.0,0
1996-06-06,7.54,7.54,7.23,7.31,39700,0.0,0
1996-06-07,7.23,7.54,7.15,7.22,8200,0.0,0
1996-06-10,7.39,7.39,7.15,7.39,7900,0.0,0
1996-06-11,7.15,7.46,7.15,7.39,6700,0.0,0
1996-06-12,7.17,7.46,7.15,7.46,9500,0.0,0
1996-06-13,7.46,7.46,7.15,7.15,3800,0.0,0
1996-06-14,7.31,7.54,7.23,7.23,49300,0.0,0
1996-06-17,7.39,7.69,7.31,7.62,66500,0.0,0
1996-06-18,7.39,7.62,7.31,7.31,10600,0.0,0
1996-06-19,7.23,7.54,7.23,7.54,4100,0.0,0
1996-06-20,7.48,7.62,7.39,7.39,55100,0.0,0
1996-06-21,7.46,7.64,7.39,7.62,73100,0.0,0
1996-06-24,7.62,7.85,7.46,7.85,143900,0.0,0
1996-06-25,8.0,8.08,7.85,8.08,75200,0.0,0
1996-06-26,7.85,8.08,7.85,8.08,33100,0.0,0
1996-06-27,8.15,8.27,8.08,8.19,40700,0.0,0
1996-06-28,8.23,8.23,7.92,8.08,42200,0.0,0
1996-07-01,8.15,8.15,7.85,8.0,11700,0.0,0
1996-07-02,8.0,8.08,7.77,8.06,18700,0.0,0
1996-07-03,8.08,8.15,7.92,8.15,37300,0.0,0
1996-07-05,8.15,8.15,8.0,8.08,3700,0.0,0
1996-07-08,8.08,8.15,7.85,7.92,15300,0.0,0
1996-07-09,7.85,8.08,7.85,8.0,8000,0.0,0
1996-07-10,7.85,7.92,7.62,7.62,23200,0.0,0
1996-07-11,7.62,7.69,7.39,7.62,17000,0.0,0
1996-07-12,7.39,7.62,7.31,7.39,32400,0.0,0
1996-07-15,7.31,7.35,7.08,7.08,21700,0.0,0
1996-07-16,7.0,7.83,6.92,7.39,70000,0.0,0
1996-07-17,7.54,8.69,7.54,8.35,182800,0.0,0
1996-07-18,8.23,8.41,7.92,8.15,86700,0.0,0
1996-07-19,8.23,8.23,7.89,8.0,79400,0.0,0
1996-07-22,8.08,8.15,7.85,8.0,55200,0.0,0
1996-07-23,8.15,8.15,7.85,7.85,21000,0.0,0
1996-07-24,7.85,8.0,7.77,7.85,85900,0.0,0
1996-07-25,8.0,8.15,7.85,8.0,17100,0.0,0
1996-07-26,8.15,8.15,7.92,7.92,1600,0.0,0
1996-07-29,7.92,8.23,7.92,8.23,61900,0.0,0
1996-07-30,8.23,8.23,7.92,8.0,6800,0.0,0
1996-07-31,7.92,8.15,7.92,8.0,8600,0.0,0
1996-08-01,8.0,8.0,7.77,8.0,3900,0.0,0
1996-08-02,7.85,8.15,7.85,8.0,11000,0.0,0
1996-08-05,8.23,8.39,8.15,8.39,78500,0.0,0
1996-08-06,8.39,8.54,8.31,8.39,88900,0.0,0
1996-08-07,8.49,8.49,8.34,8.46,73700,0.05,0
1996-08-08,8.49,8.49,8.42,8.42,40200,0.0,0
1996-08-09,8.49,8.5,8.34,8.49,22700,0.0,0
1996-08-12,8.49,8.57,8.42,8.53,35500,0.0,0
1996-08-13,8.42,8.57,8.42,8.53,8300,0.0,0
1996-08-14,8.53,8.57,8.34,8.49,15800,0.0,0
1996-08-15,8.57,8.57,8.49,8.53,13300,0.0,0
1996-08-16,8.57,8.57,8.42,8.52,7500,0.0,0
1996-08-19,8.42,8.57,8.42,8.57,2600,0.0,0
1996-08-20,8.57,8.57,8.42,8.49,44200,0.0,0
1996-08-21,8.57,8.57,8.49,8.57,7800,0.0,0
1996-08-22,8.57,8.57,8.42,8.49,6500,0.0,0
1996-08-23,8.42,8.57,8.42,8.49,7500,0.0,0
1996-08-26,8.42,8.96,8.42,8.88,64600,0.0,0
1996-08-27,8.88,8.88,8.42,8.76,43500,0.0,0
1996-08-28,8.73,8.73,8.57,8.65,7600,0.0,0
1996-08-29,8.65,8.73,8.49,8.49,18700,0.0,0
1996-08-30,8.57,8.57,8.42,8.49,4500,0.0,0
1996-09-03,8.34,8.49,8.26,8.49,10600,0.0,0
1996-09-04,8.49,8.49,8.42,8.42,4900,0.0,0
1996-09-05,8.42,8.49,8.34,8.34,5300,0.0,0
1996-09-06,8.42,8.42,8.34,8.34,4600,0.0,0
1996-09-09,8.42,8.49,8.18,8.18,13700,0.0,0
1996-09-10,8.26,8.42,8.18,8.34,15200,0.0,0
1996-09-11,8.42,8.42,8.34,8.42,14700,0.0,0
1996-09-12,8.34,8.49,8.34,8.34,17500,0.0,0
1996-09-13,8.34,8.42,8.34,8.34,23000,0.0,0
1996-09-16,8.42,8.42,8.34,8.34,8000,0.0,0
1996-09-17,8.42,8.42,8.11,8.26,37100,0.0,0
1996-09-18,8.18,8.18,8.11,8.11,7800,0.0,0
1996-09-19,8.11,8.18,8.03,8.11,12100,0.0,0
1996-09-20,8.11,8.11,7.95,8.03,29800,0.0,0
1996-09-23,8.03,8.03,7.88,7.95,10800,0.0,0
1996-09-24,7.88,7.95,7.88,7.95,28500,0.0,0
1996-09-25,7.95,7.95,7.88,7.88,5900,0.0,0
1996-09-26,7.88,7.95,7.88,7.88,7700,0.0,0
1996-09-27,7.88,7.88,7.57,7.57,28100,0.0,0
1996-09-30,7.64,7.64,7.26,7.41,16200,0.0,0
1996-10-01,7.34,7.41,7.18,7.34,34900,0.0,0
1996-10-02,7.26,7.49,7.26,7.41,20600,0.0,0
1996-10-03,7.41,7.64,7.41,7.57,9100,0.0,0
1996-10-04,7.64,7.95,7.64,7.8,13500,0.0,0
1996-10-07,7.8,7.95,7.8,7.88,6300,0.0,0
1996-10-08,7.88,7.95,7.8,7.95,53200,0.0,0
1996-10-09,7.88,8.03,7.88,7.95,49900,0.0,0
1996-10-10,8.03,8.03,7.88,7.95,9600,0.0,0
1996-10-11,7.88,8.03,7.88,8.03,23300,0.0,0
1996-10-14,7.95,7.95,7.88,7.88,500,0.0,0
1996-10-15,7.95,7.95,7.88,7.95,5200,0.0,0
1996-10-16,7.95,8.03,7.88,7.95,48300,0.0,0
1996-10-17,7.95,8.03,7.88,7.95,80300,0.0,0
1996-10-18,7.95,8.03,7.95,8.03,24600,0.0,0
1996-10-21,7.95,8.03,7.88,7.88,32700,0.0,0
1996-10-22,7.8,7.8,7.49,7.64,94300,0.0,0
1996-10-23,7.64,7.72,7.64,7.64,22200,0.0,0
1996-10-24,7.72,7.95,7.72,7.95,11800,0.0,0
1996-10-25,7.88,7.88,7.88,7.88,6300,0.0,0
1996-10-28,7.88,7.95,7.8,7.88,14800,0.0,0
1996-10-29,7.88,8.11,7.88,8.03,14900,0.0,0
1996-10-30,8.03,8.11,8.03,8.03,14900,0.0,0
1996-10-31,8.03,8.26,8.03,8.26,6000,0.0,0
1996-11-01,8.34,8.65,8.34,8.57,13700,0.0,0
1996-11-04,8.57,8.57,8.34,8.34,4300,0.0,0
1996-11-05,8.34,8.49,8.34,8.42,3500,0.0,0
1996-11-06,8.53,8.68,8.37,8.6,8000,0.05,0
1996-11-07,8.68,8.68,8.45,8.53,19600,0.0,0
1996-11-08,8.53,8.6,8.45,8.6,10600,0.0,0
1996-11-11,8.53,8.53,8.45,8.53,6500,0.0,0
1996-11-12,8.53,8.68,8.45,8.45,20000,0.0,0
1996-11-13,8.37,8.45,8.29,8.29,5300,0.0,0
1996-11-14,8.29,8.37,8.29,8.29,1600,0.0,0
1996-11-15,8.29,8.29,8.22,8.29,8600,0.0,0
1996-11-18,8.29,8.45,8.29,8.45,8700,0.0,0
1996-11-19,8.37,8.53,8.37,8.53,12000,0.0,0
1996-11-20,8.53,8.53,8.37,8.37,17800,0.0,0
1996-11-21,8.45,8.53,8.37,8.45,26700,0.0,0
1996-11-22,8.53,8.76,8.53,8.76,31500,0.0,0
1996-11-25,8.76,8.91,8.76,8.84,25500,0.0,0
1996-11-26,8.91,9.07,8.91,8.99,26000,0.0,0
1996-11-27,9.07,9.07,8.99,8.99,7600,0.0,0
1996-11-29,8.91,8.99,8.91,8.99,4300,0.0,0
1996-12-02,8.99,9.07,8.99,9.07,4300,0.0,0
1996-12-03,9.07,9.07,8.99,9.07,1800,0.0,0
1996-12-04,8.99,9.07,8.99,8.99,4800,0.0,0
1996-12-05,8.99,9.07,8.99,8.99,18700,0.0,0
1996-12-06,8.84,8.84,8.68,8.76,10200,0.0,0
1996-12-09,8.84,8.91,8.84,8.84,5600,0.0,0
1996-12-10,8.84,9.07,8.84,9.07,15700,0.0,0
1996-12-11,8.99,8.99,8.84,8.99,14700,0.0,0
1996-12-12,8.91,8.99,8.91,8.99,8100,0.0,0
1996-12-13,8.91,8.99,8.91,8.91,3100,0.0,0
1996-12-16,8.91,8.99,8.91,8.91,4400,0.0,0
1996-12-17,8.91,8.99,8.84,8.84,5100,0.0,0
1996-12-18,8.91,8.91,8.68,8.68,18200,0.0,0
1996-12-19,8.76,8.99,8.76,8.99,11600,0.0,0
1996-12-20,8.99,8.99,8.84,8.91,12500,0.0,0
1996-12-23,8.99,8.99,8.91,8.91,2500,0.0,0
1996-12-24,8.99,8.99,8.91,8.99,6100,0.0,0
1996-12-26,8.99,8.99,8.99,8.99,3600,0.0,0
1996-12-27,9.07,9.07,8.99,8.99,3200,0.0,0
1996-12-30,9.07,9.07,8.91,9.07,15900,0.0,0
1996-12-31,8.99,8.99,8.99,8.99,8200,0.0,0
1997-01-02,8.99,8.99,8.68,8.68,10600,0.0,0
1997-01-03,8.76,8.99,8.76,8.99,6000,0.0,0
1997-01-06,8.91,8.99,8.91,8.99,6800,0.0,0
1997-01-07,8.99,8.99,8.84,8.99,47000,0.0,0
1997-01-08,8.99,9.07,8.91,8.99,5300,0.0,0
1997-01-09,8.99,9.15,8.99,9.15,17200,0.0,0
1997-01-10,9.07,9.22,9.07,9.22,10100,0.0,0
1997-01-13,9.22,9.22,9.15,9.15,4500,0.0,0
1997-01-14,9.22,9.22,9.15,9.22,7000,0.0,0
1997-01-15,9.22,9.38,9.22,9.38,20900,0.0,0
1997-01-16,9.38,9.46,9.38,9.46,9500,0.0,0
1997-01-17,9.46,9.92,9.46,9.84,27400,0.0,0
1997-01-20,9.92,10.0,9.92,10.0,5800,0.0,0
1997-01-21,10.0,10.0,9.84,9.92,15700,0.0,0
1997-01-22,10.0,10.0,9.61,9.69,71800,0.0,0
1997-01-23,9.61,9.77,9.61,9.69,23200,0.0,0
1997-01-24,9.61,9.61,9.53,9.61,6500,0.0,0
1997-01-27,9.61,9.77,9.61,9.77,2700,0.0,0
1997-01-28,9.77,9.77,9.77,9.77,1400,0.0,0
1997-01-29,9.84,9.84,9.69,9.69,50000,0.0,0
1997-01-30,9.61,9.69,9.61,9.61,32200,0.0,0
1997-01-31,9.61,9.69,9.53,9.53,9200,0.0,0
1997-02-03,9.61,9.77,9.61,9.77,1700,0.0,0
1997-02-04,9.69,9.69,9.53,9.61,2500,0.0,0
1997-02-05,9.61,10.0,9.53,9.92,42000,0.0,0
1997-02-06,9.88,10.11,9.88,10.04,44500,0.06,0
1997-02-07,9.96,10.04,9.96,9.96,11200,0.0,0
1997-02-10,9.96,9.96,9.88,9.96,6500,0.0,0
1997-02-11,9.96,9.96,9.8,9.8,18800,0.0,0
1997-02-12,9.88,9.88,9.88,9.88,10100,0.0,0
1997-02-13,9.96,10.11,9.96,10.11,12700,0.0,0
1997-02-14,10.11,10.35,10.11,10.35,25000,0.0,0
1997-02-18,10.42,11.05,10.42,11.05,50700,0.0,0
1997-02-19,11.2,11.2,11.05,11.12,24300,0.0,0
1997-02-20,11.12,11.44,10.97,11.44,54500,0.0,0
1997-02-21,11.28,11.28,10.89,10.97,37300,0.0,0
1997-02-24,10.97,11.12,10.97,10.97,22100,0.0,0
1997-02-25,10.97,10.97,10.74,10.89,18400,0.0,0
1997-02-26,10.89,10.97,10.81,10.97,14100,0.0,0
1997-02-27,11.05,11.05,10.89,10.89,4200,0.0,0
1997-02-28,10.81,10.89,10.81,10.89,21200,0.0,0
1997-03-03,10.81,10.81,10.81,10.81,11000,0.0,0
1997-03-04,10.81,10.81,10.81,10.81,9700,0.0,0
1997-03-05,10.81,11.05,10.81,11.05,6800,0.0,0
1997-03-06,10.97,11.2,10.97,11.2,9500,0.0,0
1997-03-07,11.2,11.2,11.05,11.05,4400,0.0,0
1997-03-10,10.97,11.05,10.97,11.05,6500,0.0,0
1997-03-11,10.97,10.97,10.89,10.89,31500,0.0,0
1997-03-12,10.89,10.97,10.89,10.89,7600,0.0,0
1997-03-13,10.97,11.05,10.97,10.97,10000,0.0,0
1997-03-14,11.05,11.05,10.97,11.05,12500,0.0,0
1997-03-17,10.97,10.97,10.89,10.89,2500,0.0,0
1997-03-18,10.97,10.97,10.89,10.89,1500,0.0,0
1997-03-19,10.89,10.89,10.81,10.81,2400,0.0,0
1997-03-20,10.89,10.89,10.74,10.89,10000,0.0,0
1997-03-21,10.89,10.89,10.74,10.81,13400,0.0,0
1997-03-24,10.81,10.89,10.81,10.89,13200,0.0,0
1997-03-25,10.89,10.97,10.89,10.89,4500,0.0,0
1997-03-26,10.89,11.05,10.89,10.97,4400,0.0,0
1997-03-27,10.97,10.97,10.66,10.66,4300,0.0,0
1997-03-31,10.58,10.58,10.42,10.5,24400,0.0,0
1997-04-01,10.42,10.58,10.42,10.5,19800,0.0,0
1997-04-02,10.42,10.42,9.96,9.96,9800,0.0,0
1997-04-03,10.04,10.04,10.04,10.04,16900,0.0,0
1997-04-04,10.04,10.11,10.04,10.04,19600,0.0,0
1997-04-07,10.19,10.35,10.19,10.35,3400,0.0,0
1997-04-08,10.35,10.35,10.27,10.35,4300,0.0,0
1997-04-09,10.42,10.42,10.11,10.11,9200,0.0,0
1997-04-10,10.11,10.11,10.11,10.11,1000,0.0,0
1997-04-11,10.11,10.11,9.65,9.65,30600,0.0,0
1997-04-14,9.65,9.65,9.57,9.57,3200,0.0,0
1997-04-15,9.65,9.65,9.57,9.65,8500,0.0,0
1997-04-16,9.49,9.49,9.34,9.49,9500,0.0,0
1997-04-17,9.57,9.65,9.49,9.65,11300,0.0,0
1997-04-18,9.57,9.65,9.57,9.65,8500,0.0,0
1997-04-21,9.65,9.65,9.49,9.57,5900,0.0,0
1997-04-22,9.41,9.41,9.18,9.34,15500,0.0,0
1997-04-23,9.34,9.34,9.26,9.26,13500,0.0,0
1997-04-24,9.34,9.49,9.34,9.34,13500,0.0,0
1997-04-25,9.41,9.41,9.41,9.41,300,0.0,0
1997-04-28,9.49,9.57,9.49,9.57,2300,0.0,0
1997-04-29,9.65,9.65,9.49,9.57,13600,0.0,0
1997-04-30,9.41,9.65,9.41,9.65,8500,0.0,0
1997-05-01,9.65,9.72,9.65,9.72,31800,0.0,0
1997-05-02,9.65,9.88,9.65,9.88,13300,0.0,0
1997-05-05,9.88,9.88,9.8,9.8,11200,0.0,0
1997-05-06,9.8,9.8,9.72,9.8,6900,0.0,0
1997-05-07,9.76,9.76,9.76,9.76,3100,0.06,0
1997-05-08,9.68,9.84,9.68,9.84,3700,0.0,0
1997-05-09,9.76,9.84,9.61,9.61,16600,0.0,0
1997-05-12,9.61,9.68,9.45,9.53,12000,0.0,0
1997-05-13,9.53,9.53,9.37,9.37,16500,0.0,0
1997-05-14,9.45,9.45,9.29,9.37,27400,0.0,0
1997-05-15,9.29,9.68,9.29,9.68,9800,0.0,0
1997-05-16,9.61,9.76,9.61,9.68,3200,0.0,0
1997-05-19,9.68,9.76,9.68,9.76,47600,0.0,0
1997-05-20,9.76,9.76,9.76,9.76,5600,0.0,0
1997-05-21,9.84,10.0,9.84,9.92,17800,0.0,0
1997-05-22,10.0,10.0,10.0,10.0,4500,0.0,0
1997-05-23,10.07,10.15,10.07,10.15,2700,0.0,0
1997-05-27,10.07,10.23,10.0,10.23,7300,0.0,0
1997-05-28,10.31,10.39,10.31,10.39,4800,0.0,0
1997-05-29,10.31,10.46,10.31,10.39,2900,0.0,0
1997-05-30,10.39,10.54,10.39,10.54,7300,0.0,0
1997-06-02,10.54,10.62,10.54,10.62,1800,0.0,0
1997-06-03,10.54,10.62,10.54,10.62,700,0.0,0
1997-06-04,10.62,10.62,10.46,10.46,1900,0.0,0
1997-06-05,10.54,10.62,10.46,10.46,9100,0.0,0
1997-06-06,10.39,10.78,10.39,10.78,7800,0.0,0
1997-06-09,10.78,10.85,10.7,10.85,3200,0.0,0
1997-06-10,10.85,10.85,10.7,10.78,53200,0.0,0
1997-06-11,10.7,10.93,10.7,10.93,46200,0.0,0
1997-06-12,11.01,11.4,11.01,11.4,14400,0.0,0
1997-06-13,11.48,11.79,11.32,11.79,25600,0.0,0
1997-06-16,11.79,11.79,11.64,11.71,2700,0.0,0
1997-06-17,11.64,13.04,11.64,13.04,35000,0.0,0
1997-06-18,12.81,12.88,12.1,12.18,31100,0.0,0
1997-06-19,12.18,12.18,12.03,12.03,4400,0.0,0
1997-06-20,12.1,12.26,12.03,12.03,10200,0.0,0
1997-06-23,11.87,11.95,11.87,11.95,700,0.0,0
1997-06-24,12.03,12.03,11.87,12.03,4400,0.0,0
1997-06-25,12.1,12.1,12.1,12.1,20200,0.0,0
1997-06-26,12.1,12.1,11.64,11.71,12600,0.0,0
1997-06-27,11.95,12.03,11.79,12.03,25400,0.0,0
1997-06-30,11.87,11.87,11.71,11.79,5900,0.0,0
1997-07-01,11.87,11.87,11.56,11.79,8600,0.0,0
1997-07-02,11.71,11.79,11.64,11.79,2000,0.0,0
1997-07-03,11.83,11.83,11.83,11.83,500,0.0,0
1997-07-07,11.71,11.95,11.71,11.95,4600,0.0,0
1997-07-08,11.87,12.1,11.87,11.95,19900,0.0,0
1997-07-09,11.99,11.99,11.87,11.95,16000,0.0,0
1997-07-10,12.03,12.03,11.87,11.95,15400,0.0,0
1997-07-11,12.03,12.03,11.83,12.03,6500,0.0,0
1997-07-14,12.06,12.14,12.06,12.06,6200,0.0,0
1997-07-15,12.06,12.42,12.06,12.34,23300,0.0,0
1997-07-16,12.57,12.81,12.57,12.81,10300,0.0,0
1997-07-17,12.81,12.96,12.65,12.81,6500,0.0,0
1997-07-18,12.81,13.12,12.73,13.12,8400,0.0,0
1997-07-21,13.04,13.12,12.46,12.49,26800,0.0,0
1997-07-22,12.34,12.34,11.09,11.48,45100,0.0,0
1997-07-23,11.32,12.06,11.32,12.06,22200,0.0,0
1997-07-24,12.06,12.06,11.83,11.87,13200,0.0,0
1997-07-25,11.95,12.03,11.95,12.03,1600,0.0,0
1997-07-28,12.06,12.06,11.75,11.83,5600,0.0,0
1997-07-29,11.79,11.83,11.71,11.83,6600,0.0,0
1997-07-30,11.75,12.14,11.75,12.1,4800,0.0,0
1997-07-31,11.99,12.22,11.91,12.22,6600,0.0,0
1997-08-01,12.1,12.1,11.79,11.83,7100,0.0,0
1997-08-04,11.79,12.26,11.79,12.26,4600,0.0,0
1997-08-05,12.1,12.3,12.1,12.3,4200,0.0,0
1997-08-06,12.3,12.53,12.26,12.34,5800,0.06,0
1997-08-07,12.26,12.26,12.22,12.22,600,0.0,0
1997-08-08,12.18,12.18,11.98,11.98,2400,0.0,0
1997-08-11,11.91,11.91,11.83,11.87,2400,0.0,0
1997-08-12,11.91,12.34,11.91,12.22,12300,0.0,0
1997-08-13,12.14,12.14,11.75,11.75,8000,0.0,0
1997-08-14,11.75,11.75,11.51,11.59,7700,0.0,0
1997-08-15,11.44,11.55,11.44,11.55,6300,0.0,0
1997-08-18,11.59,11.59,11.04,11.44,10700,0.0,0
1997-08-19,11.36,11.36,11.28,11.28,5600,0.0,0
1997-08-20,11.44,11.48,11.28,11.28,9400,0.0,0
1997-08-21,11.36,11.59,11.36,11.59,4700,0.0,0
1997-08-22,11.67,11.67,11.51,11.59,2100,0.0,0
1997-08-25,11.59,11.87,11.59,11.87,4700,0.0,0
1997-08-26,11.91,11.91,11.87,11.87,7600,0.0,0
1997-08-27,11.83,11.87,11.79,11.87,6300,0.0,0
1997-08-28,11.91,11.91,11.79,11.83,6300,0.0,0
1997-08-29,11.83,11.83,11.83,11.83,2200,0.0,0
1997-09-02,11.75,11.75,11.59,11.67,12000,0.0,0
1997-09-03,11.67,11.75,11.67,11.71,26900,0.0,0
1997-09-04,11.67,11.67,11.59,11.59,26600,0.0,0
1997-09-05,11.63,11.63,11.59,11.59,13500,0.0,0
1997-09-08,11.59,11.59,11.51,11.55,10200,0.0,0
1997-09-09,11.51,11.51,11.51,11.51,2100,0.0,0
1997-09-10,11.55,11.59,11.51,11.55,6900,0.0,0
1997-09-11,11.51,11.55,11.51,11.55,4900,0.0,0
1997-09-12,11.44,11.51,11.44,11.51,1200,0.0,0
1997-09-15,11.59,11.67,11.59,11.67,12500,0.0,0
1997-09-16,11.67,11.91,11.67,11.91,23500,0.0,0
1997-09-17,11.91,12.06,11.79,11.98,34100,0.0,0
1997-09-18,11.91,11.91,11.87,11.87,6900,0.0,0
1997-09-19,11.91,11.91,11.91,11.91,6400,0.0,0
1997-09-22,11.91,11.91,11.91,11.91,9700,0.0,0
1997-09-23,11.91,11.91,11.91,11.91,4200,0.0,0
1997-09-24,11.91,11.95,11.91,11.95,700,0.0,0
1997-09-25,11.98,11.98,11.98,11.98,4300,0.0,0
1997-09-26,11.91,11.98,11.91,11.95,3600,0.0,0
1997-09-29,11.91,11.91,11.83,11.91,1700,0.0,0
1997-09-30,11.91,11.91,11.83,11.91,4300,0.0,0
1997-10-01,11.95,12.22,11.95,12.22,20200,0.0,0
1997-10-02,12.14,12.22,12.14,12.18,6900,0.0,0
1997-10-03,12.22,12.3,12.22,12.3,21100,0.0,0
1997-10-06,12.38,12.38,12.3,12.38,11600,0.0,0
1997-10-07,12.45,12.45,12.42,12.42,6900,0.0,0
1997-10-08,12.45,12.45,12.38,12.45,11000,0.0,0
1997-10-09,12.45,12.69,12.45,12.69,16200,0.0,0
1997-10-10,12.77,13.16,12.77,13.16,17300,0.0,0
1997-10-13,13.16,13.39,13.16,13.39,5100,0.0,0
1997-10-14,13.32,13.32,13.08,13.08,5800,0.0,0
1997-10-15,13.08,13.16,13.08,13.16,2200,0.0,0
1997-10-16,13.24,13.32,13.24,13.32,1500,0.0,0
1997-10-17,13.24,13.24,12.85,13.08,8000,0.0,0
1997-10-20,13.08,13.47,13.0,13.47,8500,0.0,0
1997-10-21,13.39,13.39,13.2,13.2,8900,0.0,0
1997-10-22,13.32,13.32,13.16,13.2,7000,0.0,0
1997-10-23,12.89,13.16,12.89,13.0,9800,0.0,0
1997-10-24,13.0,13.08,12.77,12.85,18100,0.0,0
1997-10-27,12.77,12.77,11.91,11.91,5900,0.0,0
1997-10-28,11.44,12.14,11.36,12.06,23900,0.0,0
1997-10-29,12.22,12.38,12.18,12.22,8600,0.0,0
1997-10-30,12.06,12.06,11.98,11.98,2000,0.0,0
1997-10-31,12.14,12.3,11.95,11.95,7800,0.0,0
1997-11-03,12.06,12.14,12.06,12.06,4800,0.0,0
1997-11-04,12.06,12.06,11.98,12.02,2700,0.0,0
1997-11-05,11.94,11.94,11.47,11.55,36400,0.06,0
1997-11-06,11.47,11.63,11.47,11.55,8700,0.0,0
1997-11-07,11.47,11.55,11.43,11.43,17600,0.0,0
1997-11-10,11.59,11.67,11.43,11.43,9800,0.0,0
1997-11-11,11.55,11.55,11.39,11.55,9900,0.0,0
1997-11-12,11.47,11.47,11.39,11.39,700,0.0,0
1997-11-13,11.08,11.28,11.08,11.16,18500,0.0,0
1997-11-14,11.24,11.24,11.24,11.24,800,0.0,0
1997-11-17,11.39,11.39,11.39,11.39,1700,0.0,0
1997-11-18,11.47,11.47,11.47,11.47,2800,0.0,0
1997-11-19,11.55,11.55,11.55,11.55,600,0.0,0
1997-11-20,11.71,12.18,11.71,12.18,10900,0.0,0
1997-11-21,12.18,12.26,11.86,11.86,6300,0.0,0
1997-11-24,11.86,11.86,11.55,11.55,17400,0.0,0
1997-11-25,11.47,11.55,11.31,11.31,12900,0.0,0
1997-11-26,11.31,11.31,11.16,11.16,3900,0.0,0
1997-11-28,11.08,11.31,11.08,11.31,3200,0.0,0
1997-12-01,11.24,11.31,11.24,11.31,2000,0.0,0
1997-12-02,11.47,11.47,11.31,11.31,4600,0.0,0
1997-12-03,11.31,11.39,11.31,11.39,7200,0.0,0
1997-12-04,11.47,11.63,11.47,11.55,7100,0.0,0
1997-12-05,11.47,11.47,11.31,11.39,3900,0.0,0
1997-12-08,11.39,11.39,11.31,11.39,6500,0.0,0
1997-12-09,11.39,11.39,11.39,11.39,0,0.0,0
1997-12-10,11.31,11.31,11.16,11.16,1400,0.0,0
1997-12-11,11.08,11.16,11.08,11.16,6800,0.0,0
1997-12-12,11.24,11.24,11.16,11.24,3000,0.0,0
1997-12-15,11.16,11.16,11.08,11.08,3400,0.0,0
1997-12-16,11.0,11.16,11.0,11.12,4600,0.0,0
1997-12-17,11.28,11.28,11.16,11.24,4000,0.0,0
1997-12-18,11.16,11.24,11.16,11.24,3400,0.0,0
1997-12-19,11.08,11.08,11.08,11.08,2100,0.0,0
1997-12-22,11.16,11.24,11.16,11.16,2500,0.0,0
1997-12-23,11.08,11.16,11.08,11.12,20700,0.0,0
1997-12-24,11.04,11.04,10.92,11.0,2600,0.0,0
1997-12-26,10.92,11.0,10.73,11.0,8100,0.0,0
1997-12-29,10.92,10.92,10.92,10.92,1400,0.0,0
1997-12-30,10.84,11.0,10.84,11.0,5800,0.0,0
1997-12-31,11.0,11.0,10.84,10.96,6500,0.0,0
1998-01-02,11.08,11.08,11.08,11.08,1600,0.0,0
1998-01-05,11.16,11.16,11.16,11.16,3200,0.0,0
1998-01-06,11.16,11.31,11.16,11.16,4000,0.0,0
1998-01-07,11.24,11.31,11.24,11.31,1200,0.0,0
1998-01-08,11.24,11.24,10.96,11.08,4000,0.0,0
1998-01-09,11.16,11.16,10.69,10.69,13800,0.0,0
1998-01-12,10.53,10.53,10.37,10.53,6500,0.0,0
1998-01-13,10.69,11.0,10.69,11.0,6800,0.0,0
1998-01-14,10.92,11.0,10.84,10.84,1100,0.0,0
1998-01-15,10.76,11.08,10.69,11.0,9600,0.0,0
1998-01-16,11.08,11.16,11.04,11.12,19700,0.0,0
1998-01-20,11.08,11.08,11.0,11.0,6900,0.0,0
1998-01-21,11.16,11.24,11.0,11.0,14600,0.0,0
1998-01-22,11.0,11.0,11.0,11.0,5000,0.0,0
1998-01-23,10.92,11.0,10.84,11.0,8000,0.0,0
1998-01-26,10.92,10.92,10.88,10.88,600,0.0,0
1998-01-27,10.96,11.31,10.76,11.31,39100,0.0,0
1998-01-28,11.24,11.31,11.16,11.31,12600,0.0,0
1998-01-29,11.24,11.47,11.16,11.24,30500,0.0,0
1998-01-30,11.31,11.39,11.31,11.31,10800,0.0,0
1998-02-02,11.43,11.43,11.31,11.39,27200,0.0,0
1998-02-03,11.39,11.39,11.39,11.39,4500,0.0,0
1998-02-04,11.44,11.44,11.28,11.36,4400,0.07,0
1998-02-05,11.36,11.44,11.36,11.44,700,0.0,0
1998-02-06,11.44,11.44,11.36,11.36,3900,0.0,0
1998-02-09,11.36,11.36,11.2,11.28,3500,0.0,0
1998-02-10,11.2,11.36,11.2,11.28,13000,0.0,0
1998-02-11,11.36,11.36,11.2,11.2,11300,0.0,0
1998-02-12,11.12,11.2,11.04,11.12,5400,0.0,0
1998-02-13,11.2,11.28,11.2,11.2,12600,0.0,0
1998-02-17,11.2,11.28,11.2,11.28,6700,0.0,0
1998-02-18,11.16,11.2,11.12,11.12,20900,0.0,0
1998-02-19,11.2,11.32,11.2,11.28,25700,0.0,0
1998-02-20,11.24,11.28,11.2,11.2,10700,0.0,0
1998-02-23,11.28,11.28,11.28,11.28,5400,0.0,0
1998-02-24,11.28,11.6,11.28,11.36,4700,0.0,0
1998-02-25,11.4,11.52,11.28,11.36,12700,0.0,0
1998-02-26,11.36,11.36,11.12,11.2,45700,0.0,0
1998-02-27,11.28,11.36,11.12,11.36,9300,0.0,0
1998-03-02,11.36,11.36,11.04,11.12,15900,0.0,0
1998-03-03,11.2,11.2,11.04,11.12,32600,0.0,0
1998-03-04,11.16,11.16,11.16,11.16,500,0.0,0
1998-03-05,11.16,11.16,11.12,11.12,800,0.0,0
1998-03-06,11.2,11.2,11.16,11.2,20300,0.0,0
1998-03-09,11.2,11.2,10.96,11.12,4200,0.0,0
1998-03-10,11.2,11.36,11.2,11.2,13900,0.0,0
1998-03-11,11.36,11.36,11.28,11.28,10600,0.0,0
1998-03-12,11.28,11.28,11.28,11.28,1400,0.0,0
1998-03-13,11.36,11.44,11.2,11.2,8500,0.0,0
1998-03-16,11.12,11.44,11.12,11.36,6700,0.0,0
1998-03-17,11.28,11.36,11.28,11.28,11400,0.0,0
1998-03-18,11.28,11.67,11.28,11.44,20500,0.0,0
1998-03-19,11.44,11.6,11.24,11.32,15700,0.0,0
1998-03-20,11.24,11.28,11.2,11.28,4800,0.0,0
1998-03-23,11.32,11.44,11.32,11.44,27200,0.0,0
1998-03-24,11.44,11.52,11.36,11.36,10000,0.0,0
1998-03-25,11.52,11.6,11.4,11.4,11000,0.0,0
1998-03-26,11.48,11.48,11.28,11.36,6000,0.0,0
1998-03-27,11.44,11.52,11.36,11.52,8500,0.0,0
1998-03-30,11.67,11.67,11.44,11.52,11400,0.0,0
1998-03-31,11.44,11.44,11.36,11.36,3500,0.0,0
1998-04-01,11.4,11.4,11.32,11.36,19700,0.0,0
1998-04-02,11.36,11.52,11.2,11.52,14900,0.0,0
1998-04-03,11.67,11.95,11.67,11.91,36200,0.0,0
1998-04-06,12.23,12.27,12.15,12.23,23700,0.0,0
1998-04-07,12.42,12.46,12.31,12.31,23100,0.0,0
1998-04-08,12.34,12.34,12.27,12.31,2100,0.0,0
1998-04-09,12.34,12.86,12.34,12.86,28100,0.0,0
1998-04-13,13.09,13.65,13.09,13.61,38000,0.0,0
1998-04-14,13.88,13.96,13.57,13.72,33400,0.0,0
1998-04-15,13.84,13.84,13.29,13.33,27300,0.0,0
1998-04-16,13.25,13.37,13.17,13.29,19200,0.0,0
1998-04-17,13.25,13.96,13.17,13.8,34000,0.0,0
1998-04-20,14.0,14.0,13.53,13.72,10000,0.0,0
1998-04-21,13.53,13.72,13.49,13.57,7600,0.0,0
1998-04-22,13.49,13.65,13.49,13.65,3400,0.0,0
1998-04-23,13.49,13.49,13.25,13.25,14400,0.0,0
1998-04-24,13.41,13.41,13.25,13.33,5200,0.0,0
1998-04-27,13.17,13.17,12.7,12.9,23800,0.0,0
1998-04-28,12.82,12.86,12.82,12.86,700,0.0,0
1998-04-29,12.74,12.74,12.7,12.7,900,0.0,0
1998-04-30,12.78,12.78,12.74,12.74,9700,0.0,0
1998-05-01,12.9,12.9,12.74,12.78,19400,0.0,0
1998-05-04,12.94,12.94,12.94,12.94,19500,0.0,0
1998-05-05,13.02,13.25,12.9,13.17,8900,0.0,0
1998-05-06,13.22,13.26,13.06,13.18,18300,0.07,0
1998-05-07,13.22,13.26,13.1,13.22,94500,0.0,0
1998-05-08,13.14,13.22,13.06,13.22,5400,0.0,0
1998-05-11,13.3,13.3,13.14,13.14,12800,0.0,0
1998-05-12,12.98,12.98,12.86,12.86,6400,0.0,0
1998-05-13,12.94,12.94,12.82,12.9,700,0.0,0
1998-05-14,12.78,12.9,12.66,12.74,2800,0.0,0
1998-05-15,12.66,12.74,12.5,12.5,13500,0.0,0
1998-05-18,12.35,12.35,12.35,12.35,5100,0.0,0
1998-05-19,12.35,12.35,12.35,12.35,1900,0.0,0
1998-05-20,12.35,12.35,12.35,12.35,0,0.0,0
1998-05-21,12.35,12.35,12.35,12.35,600,0.0,0
1998-05-22,12.43,12.82,12.43,12.74,27600,0.0,0
1998-05-26,12.66,12.66,12.27,12.27,1800,0.0,0
1998-05-27,12.11,12.11,11.56,11.59,8900,0.0,0
1998-05-28,11.71,11.87,11.71,11.87,3400,0.0,0
1998-05-29,11.71,11.71,11.56,11.71,2500,0.0,0
1998-06-01,11.71,11.71,11.71,11.71,2200,0.0,0
1998-06-02,11.71,11.79,11.63,11.71,12900,0.0,0
1998-06-03,11.79,11.95,11.71,11.79,11000,0.0,0
1998-06-04,11.71,11.71,11.56,11.56,3400,0.0,0
1998-06-05,11.71,11.87,11.71,11.71,2700,0.0,0
1998-06-08,11.63,11.63,11.48,11.48,3000,0.0,0
1998-06-09,11.63,11.79,11.63,11.79,5100,0.0,0
1998-06-10,11.87,11.95,11.79,11.91,8800,0.0,0
1998-06-11,11.87,11.87,11.71,11.71,2200,0.0,0
1998-06-12,11.71,11.71,11.56,11.56,4800,0.0,0
1998-06-15,11.48,11.56,11.48,11.56,6000,0.0,0
1998-06-16,11.48,11.48,11.4,11.4,3000,0.0,0
1998-06-17,11.56,11.67,11.56,11.56,8400,0.0,0
1998-06-18,11.56,11.56,11.4,11.4,14400,0.0,0
1998-06-19,11.32,11.48,11.24,11.48,8400,0.0,0
1998-06-22,11.4,11.59,11.32,11.56,6200,0.0,0
1998-06-23,11.44,11.48,11.36,11.4,6700,0.0,0
1998-06-24,11.32,11.32,11.16,11.16,16100,0.0,0
1998-06-25,11.16,11.52,11.16,11.4,28200,0.0,0
1998-06-26,11.48,11.48,11.4,11.4,5400,0.0,0
1998-06-29,11.4,11.48,11.4,11.48,6300,0.0,0
1998-06-30,11.63,12.27,11.63,12.27,10900,0.0,0
1998-07-01,12.35,12.43,12.07,12.15,6800,0.0,0
1998-07-02,12.11,12.11,11.91,11.91,1700,0.0,0
1998-07-06,12.03,12.35,12.03,12.15,19500,0.0,0
1998-07-07,12.27,12.43,12.03,12.43,14700,0.0,0
1998-07-08,12.27,12.43,12.27,12.35,3000,0.0,0
1998-07-09,12.35,12.35,12.27,12.31,3000,0.0,0
1998-07-10,12.23,12.23,12.03,12.19,5000,0.0,0
1998-07-13,12.27,12.31,12.27,12.27,11700,0.0,0
1998-07-14,12.19,12.19,11.99,12.03,2100,0.0,0
1998-07-15,12.03,12.58,12.03,12.47,11100,0.0,0
1998-07-16,12.43,12.5,12.27,12.43,22600,0.0,0
1998-07-17,12.43,12.43,12.43,12.43,9300,0.0,0
1998-07-20,12.43,12.43,12.35,12.35,6000,0.0,0
1998-07-21,12.27,12.58,12.19,12.58,15900,0.0,0
1998-07-22,12.5,12.54,12.5,12.5,4100,0.0,0
1998-07-23,12.43,12.47,12.27,12.47,37700,0.0,0
1998-07-24,12.39,12.47,12.39,12.39,34900,0.0,0
1998-07-27,12.27,12.39,12.07,12.07,7500,0.0,0
1998-07-28,12.03,12.03,11.71,11.71,1900,0.0,0
1998-07-29,11.71,11.83,11.71,11.71,5500,0.0,0
1998-07-30,11.79,11.79,11.71,11.71,1800,0.0,0
1998-07-31,11.63,11.63,11.28,11.4,8200,0.0,0
1998-08-03,11.24,11.24,10.76,10.84,33000,0.0,0
1998-08-04,10.76,11.0,10.45,10.61,24000,0.0,0
1998-08-05,10.57,10.65,10.57,10.61,24700,0.07,0
1998-08-06,10.57,10.57,10.33,10.41,71900,0.0,0
1998-08-07,10.41,10.49,10.33,10.33,55000,0.0,0
1998-08-10,10.17,10.25,10.17,10.17,43800,0.0,0
1998-08-11,10.01,10.17,9.82,10.17,13500,0.0,0
1998-08-12,10.09,10.17,10.09,10.09,5400,0.0,0
1998-08-13,10.01,10.01,9.93,9.97,10300,0.0,0
1998-08-14,10.13,10.33,10.09,10.09,6400,0.0,0
1998-08-17,10.01,10.17,10.01,10.17,3400,0.0,0
1998-08-18,10.41,10.41,10.13,10.21,20900,0.0,0
1998-08-19,10.21,10.33,10.13,10.33,17600,0.0,0
1998-08-20,10.25,10.25,10.09,10.13,1500,0.0,0
1998-08-21,10.17,10.17,9.7,9.93,13300,0.0,0
1998-08-24,9.86,9.86,9.7,9.82,13100,0.0,0
1998-08-25,9.86,9.86,9.78,9.78,12500,0.0,0
1998-08-26,9.82,9.82,9.66,9.7,15000,0.0,0
1998-08-27,9.62,9.62,9.3,9.34,23200,0.0,0
1998-08-28,9.5,9.54,9.3,9.38,27800,0.0,0
1998-08-31,9.3,9.3,8.9,8.9,36100,0.0,0
1998-09-01,9.18,9.22,8.82,8.82,31300,0.0,0
1998-09-02,8.74,9.06,8.74,8.9,12500,0.0,0
1998-09-03,8.98,8.98,8.78,8.86,8900,0.0,0
1998-09-04,8.82,8.82,8.62,8.62,1600,0.0,0
1998-09-08,8.7,8.9,8.7,8.9,4300,0.0,0
1998-09-09,8.9,8.9,8.82,8.86,13000,0.0,0
1998-09-10,8.78,9.06,8.78,9.02,4900,0.0,0
1998-09-11,8.94,8.94,8.78,8.86,33500,0.0,0
1998-09-14,8.86,8.98,8.82,8.98,18700,0.0,0
1998-09-15,8.94,8.94,8.94,8.94,100,0.0,0
1998-09-16,8.86,8.98,8.86,8.98,8600,0.0,0
1998-09-17,8.86,8.98,8.82,8.98,6600,0.0,0
1998-09-18,8.9,8.9,8.9,8.9,600,0.0,0
1998-09-21,8.9,8.9,8.86,8.9,3000,0.0,0
1998-09-22,8.86,8.86,8.86,8.86,200,0.0,0
1998-09-23,8.9,8.9,8.86,8.86,3300,0.0,0
1998-09-24,8.9,8.9,8.82,8.82,3000,0.0,0
1998-09-25,8.82,8.9,8.74,8.82,10300,0.0,0
1998-09-28,8.98,9.38,8.98,9.38,9700,0.0,0
1998-09-29,9.3,9.38,9.06,9.14,4600,0.0,0
1998-09-30,9.06,9.06,8.82,8.82,6400,0.0,0
1998-10-01,8.74,8.82,8.66,8.66,18800,0.0,0
1998-10-02,8.7,8.7,8.66,8.7,5600,0.0,0
1998-10-05,8.66,8.66,8.66,8.66,16500,0.0,0
1998-10-06,8.66,8.66,8.66,8.66,8100,0.0,0
1998-10-07,8.66,8.74,8.66,8.66,16400,0.0,0
1998-10-08,8.62,8.62,8.46,8.5,20000,0.0,0
1998-10-09,8.5,8.5,8.5,8.5,12300,0.0,0
1998-10-12,8.5,8.66,8.5,8.66,1500,0.0,0
1998-10-13,8.62,8.62,8.62,8.62,1400,0.0,0
1998-10-14,8.62,8.86,8.62,8.7,6500,0.0,0
1998-10-15,8.58,8.9,8.58,8.82,6100,0.0,0
1998-10-16,8.9,9.06,8.74,8.74,10100,0.0,0
1998-10-19,8.82,8.82,8.58,8.74,6600,0.0,0
1998-10-20,8.82,9.22,8.74,9.06,209100,0.0,0
1998-10-21,9.34,9.54,9.34,9.5,27600,0.0,0
1998-10-22,9.54,9.54,9.22,9.34,13600,0.0,0
1998-10-23,9.42,9.5,9.42,9.5,19100,0.0,0
1998-10-26,9.54,9.54,9.38,9.54,11400,0.0,0
1998-10-27,9.46,9.54,9.46,9.54,2900,0.0,0
1998-10-28,9.54,10.01,9.54,10.01,11100,0.0,0
1998-10-29,9.93,10.01,9.93,9.93,1600,0.0,0
1998-10-30,9.89,10.01,9.89,9.93,2000,0.0,0
1998-11-02,10.01,10.09,10.01,10.01,2000,0.0,0
1998-11-03,10.09,10.33,10.09,10.33,4100,0.0,0
1998-11-04,10.46,11.17,10.46,10.62,15500,0.07,0
1998-11-05,10.74,11.1,10.5,11.02,9800,0.0,0
1998-11-06,11.02,11.1,10.78,10.86,7200,0.0,0
1998-11-09,10.78,10.86,10.7,10.7,2200,0.0,0
1998-11-10,10.7,10.78,10.7,10.78,3000,0.0,0
1998-11-11,10.86,10.94,10.66,10.7,6800,0.0,0
1998-11-12,10.7,10.7,10.7,10.7,0,0.0,0
1998-11-13,10.62,10.62,10.54,10.54,1200,0.0,0
1998-11-16,10.46,10.7,10.46,10.7,5400,0.0,0
1998-11-17,10.58,10.7,10.58,10.7,800,0.0,0
1998-11-18,10.62,10.94,10.62,10.78,9100,0.0,0
1998-11-19,10.86,10.94,10.78,10.78,18100,0.0,0
1998-11-20,10.62,10.7,10.54,10.54,18700,0.0,0
1998-11-23,10.7,10.94,10.7,10.74,5200,0.0,0
1998-11-24,10.82,10.82,10.74,10.74,900,0.0,0
1998-11-25,10.78,10.78,10.58,10.58,5500,0.0,0
1998-11-27,10.5,10.58,10.5,10.54,3100,0.0,0
1998-11-30,10.46,10.46,10.26,10.26,13400,0.0,0
1998-12-01,10.18,10.18,9.9,10.18,13700,0.0,0
1998-12-02,10.1,10.1,10.02,10.06,2900,0.0,0
1998-12-03,10.06,10.3,10.06,10.3,6700,0.0,0
1998-12-04,10.38,10.78,10.38,10.78,4400,0.0,0
1998-12-07,10.7,10.78,10.7,10.74,2600,0.0,0
1998-12-08,10.86,10.86,10.78,10.78,11600,0.0,0
1998-12-09,10.78,10.94,10.78,10.94,5700,0.0,0
1998-12-10,11.02,11.13,10.98,11.06,4400,0.0,0
1998-12-11,10.94,10.98,10.14,10.22,16700,0.0,0
1998-12-14,10.06,10.14,9.58,9.86,11800,0.0,0
1998-12-15,9.98,10.22,9.86,10.14,9400,0.0,0
1998-12-16,10.3,10.62,9.98,10.54,12000,0.0,0
1998-12-17,10.46,10.54,10.46,10.5,5400,0.0,0
1998-12-18,10.46,10.5,10.3,10.5,7800,0.0,0
1998-12-21,10.38,10.78,10.38,10.7,5200,0.0,0
1998-12-22,10.62,10.62,10.62,10.62,800,0.0,0
1998-12-23,10.62,10.62,10.46,10.62,4900,0.0,0
1998-12-24,10.54,11.17,10.38,11.17,15800,0.0,0
1998-12-28,11.33,11.41,11.25,11.25,6400,0.0,0
1998-12-29,11.17,11.17,10.86,10.86,4900,0.0,0
1998-12-30,10.86,11.17,10.7,11.17,12900,0.0,0
1998-12-31,11.02,11.17,11.02,11.17,5300,0.0,0
1999-01-04,11.25,11.25,11.02,11.06,2100,0.0,0
1999-01-05,11.02,11.02,10.9,10.9,700,0.0,0
1999-01-06,10.86,11.1,10.86,10.94,4100,0.0,0
1999-01-07,10.86,10.94,10.7,10.7,7700,0.0,0
1999-01-08,11.02,11.02,10.7,10.86,27900,0.0,0
1999-01-11,10.94,10.94,10.78,10.78,8400,0.0,0
1999-01-12,10.86,10.86,10.54,10.54,3300,0.0,0
1999-01-13,10.62,10.62,10.54,10.62,3200,0.0,0
1999-01-14,10.54,10.54,10.38,10.46,4300,0.0,0
1999-01-15,10.38,10.38,10.34,10.34,300,0.0,0
1999-01-19,10.42,10.42,10.26,10.26,5300,0.0,0
1999-01-20,10.22,10.22,9.9,9.9,8700,0.0,0
1999-01-21,9.82,10.06,9.74,10.06,7100,0.0,0
1999-01-22,9.94,9.94,9.82,9.82,8900,0.0,0
1999-01-25,9.74,9.86,9.74,9.82,2500,0.0,0
1999-01-26,9.74,9.74,9.74,9.74,700,0.0,0
1999-01-27,9.82,9.82,9.42,9.42,19500,0.0,0
1999-01-28,9.34,9.46,9.18,9.46,22100,0.0,0
1999-01-29,9.54,9.54,9.3,9.34,15000,0.0,0
1999-02-01,9.26,9.34,9.1,9.1,9200,0.0,0
1999-02-02,9.26,9.26,8.9,9.1,13700,0.0,0
1999-02-03,9.14,10.86,9.1,10.54,337000,0.0,0
1999-02-04,12.13,12.73,10.58,10.82,371800,0.0,0
1999-02-05,10.86,10.86,9.42,9.9,55900,0.0,0
1999-02-08,9.98,10.3,9.98,10.06,21200,0.0,0
1999-02-09,10.06,10.06,9.34,9.58,24700,0.0,0
1999-02-10,9.38,9.5,9.14,9.22,17100,0.07,0
1999-02-11,9.14,9.22,9.06,9.14,65700,0.0,0
1999-02-12,9.14,9.46,9.06,9.06,26100,0.0,0
1999-02-16,9.14,9.22,8.98,9.02,22800,0.0,0
1999-02-17,9.02,9.02,8.98,9.02,46300,0.0,0
1999-02-18,8.98,8.98,8.9,8.9,29000,0.0,0
1999-02-19,8.9,9.14,8.9,9.1,34700,0.0,0
1999-02-22,9.1,9.62,9.06,9.3,24200,0.0,0
1999-02-23,9.38,9.46,8.98,9.06,19000,0.0,0
1999-02-24,9.1,9.14,8.9,8.98,44500,0.0,0
1999-02-25,8.9,8.9,8.82,8.82,20200,0.0,0
1999-02-26,8.78,8.9,8.74,8.74,29800,0.0,0
1999-03-01,8.82,8.98,8.82,8.98,17000,0.0,0
1999-03-02,8.9,8.94,8.86,8.86,3100,0.0,0
1999-03-03,8.86,8.9,8.78,8.82,19800,0.0,0
1999-03-04,8.74,8.82,8.74,8.82,1900,0.0,0
1999-03-05,8.9,8.98,8.86,8.94,12900,0.0,0
1999-03-08,8.86,8.86,8.78,8.78,7900,0.0,0
1999-03-09,8.7,8.82,8.66,8.74,54500,0.0,0
1999-03-10,8.7,8.82,8.54,8.82,36700,0.0,0
1999-03-11,8.74,8.74,8.58,8.66,9800,0.0,0
1999-03-12,8.58,8.74,8.58,8.74,200,0.0,0
1999-03-15,8.66,8.74,8.5,8.7,15300,0.0,0
1999-03-16,8.62,8.66,8.54,8.66,13400,0.0,0
1999-03-17,8.58,8.58,8.54,8.58,3900,0.0,0
1999-03-18,8.66,8.94,8.66,8.82,6900,0.0,0
1999-03-19,8.9,8.9,8.74,8.74,4200,0.0,0
1999-03-22,8.82,8.82,8.74,8.74,6800,0.0,0
1999-03-23,8.74,8.74,8.74,8.74,1100,0.0,0
1999-03-24,8.82,8.82,8.62,8.62,8600,0.0,0
1999-03-25,8.54,8.54,8.54,8.54,3100,0.0,0
1999-03-26,8.54,8.58,8.5,8.5,5300,0.0,0
1999-03-29,8.58,8.74,8.5,8.74,16700,0.0,0
1999-03-30,8.82,8.82,8.82,8.82,4600,0.0,0
1999-03-31,8.82,9.26,8.74,9.22,14200,0.0,0
1999-04-01,9.18,10.35,9.18,10.26,65700,0.0,0
1999-04-05,10.35,10.91,10.18,10.51,51900,0.0,0
1999-04-06,10.35,10.43,10.18,10.35,7800,0.0,0
1999-04-07,10.35,10.35,10.35,10.35,9100,0.0,0
1999-04-08,10.35,10.51,10.35,10.43,34200,0.0,0
1999-04-09,10.47,10.47,10.31,10.47,7100,0.0,0
1999-04-12,10.43,11.55,10.43,11.39,74200,0.0,0
1999-04-13,11.39,11.39,10.63,10.67,9800,0.0,0
1999-04-14,10.67,10.67,10.47,10.55,3300,0.0,0
1999-04-15,10.51,10.55,10.26,10.55,59400,0.0,0
1999-04-16,10.51,10.55,10.43,10.43,18600,0.0,0
1999-04-19,10.51,10.59,10.43,10.55,38500,0.0,0
1999-04-20,10.59,10.59,10.35,10.43,3100,0.0,0
1999-04-21,10.51,10.63,10.26,10.31,31800,0.0,0
1999-04-22,10.22,10.22,10.02,10.1,11100,0.0,0
1999-04-23,10.1,10.35,10.02,10.26,4400,0.0,0
1999-04-26,10.18,10.51,10.06,10.47,20400,0.0,0
1999-04-27,10.63,11.15,10.63,10.91,26600,0.0,0
1999-04-28,10.83,10.99,10.75,10.91,10800,0.0,0
1999-04-29,10.91,11.07,10.91,11.03,11600,0.0,0
1999-04-30,10.95,11.03,10.67,10.67,3400,0.0,0
1999-05-03,10.59,11.23,10.59,11.23,29600,0.0,0
1999-05-04,11.31,11.47,11.15,11.15,14500,0.0,0
1999-05-05,11.03,11.03,11.03,11.03,300,0.07,0
1999-05-06,11.03,11.11,10.95,10.95,2600,0.0,0
1999-05-07,10.87,11.03,10.79,10.87,5100,0.0,0
1999-05-10,10.95,11.23,10.95,11.19,12400,0.0,0
1999-05-11,11.11,11.11,11.11,11.11,300,0.0,0
1999-05-12,11.11,11.27,11.03,11.19,7400,0.0,0
1999-05-13,11.19,11.19,10.95,10.95,4300,0.0,0
1999-05-14,10.87,10.95,10.79,10.95,4000,0.0,0
1999-05-17,10.95,10.95,10.87,10.87,5200,0.0,0
1999-05-18,10.95,10.95,10.95,10.95,100,0.0,0
1999-05-19,10.79,10.79,10.55,10.55,6800,0.0,0
1999-05-20,10.47,10.47,10.47,10.47,1000,0.0,0
1999-05-21,10.55,10.55,10.06,10.15,109400,0.0,0
1999-05-24,10.19,10.23,10.15,10.15,6500,0.0,0
1999-05-25,10.15,10.15,10.06,10.15,1000,0.0,0
1999-05-26,10.02,10.31,10.02,10.23,7900,0.0,0
1999-05-27,10.15,10.15,10.15,10.15,1100,0.0,0
1999-05-28,10.23,10.23,10.06,10.06,1000,0.0,0
1999-06-01,10.23,10.27,9.98,9.98,16200,0.0,0
1999-06-02,9.9,9.9,9.58,9.58,10000,0.0,0
1999-06-03,9.42,9.82,9.34,9.82,26000,0.0,0
1999-06-04,9.82,9.82,9.82,9.82,0,0.0,0
1999-06-07,9.74,9.74,9.58,9.62,4900,0.0,0
1999-06-08,9.54,9.66,9.54,9.58,9900,0.0,0
1999-06-09,9.5,9.74,9.42,9.74,16600,0.0,0
1999-06-10,9.66,9.66,9.62,9.66,12400,0.0,0
1999-06-11,9.58,9.66,9.58,9.58,8000,0.0,0
1999-06-14,9.66,9.9,9.66,9.82,9900,0.0,0
1999-06-15,9.9,9.9,9.5,9.5,5900,0.0,0
1999-06-16,9.58,9.58,9.58,9.58,1900,0.0,0
1999-06-17,9.66,9.66,9.66,9.66,700,0.0,0
1999-06-18,9.62,9.62,9.62,9.62,100,0.0,0
1999-06-21,9.62,9.74,9.46,9.46,7700,0.0,0
1999-06-22,9.38,9.46,9.34,9.38,4500,0.0,0
1999-06-23,9.42,9.78,9.42,9.78,10900,0.0,0
1999-06-24,9.78,9.78,9.78,9.78,0,0.0,0
1999-06-25,9.86,9.98,9.86,9.9,6900,0.0,0
1999-06-28,9.82,9.82,9.74,9.82,2700,0.0,0
1999-06-29,9.78,9.78,9.74,9.74,2500,0.0,0
1999-06-30,9.82,10.15,9.82,10.06,15500,0.0,0
1999-07-01,9.98,10.15,9.98,10.15,2300,0.0,0
1999-07-02,10.06,10.06,9.98,10.02,2700,0.0,0
1999-07-06,10.06,10.06,10.06,10.06,3000,0.0,0
1999-07-07,9.98,9.98,9.9,9.9,12600,0.0,0
1999-07-08,9.82,9.9,9.82,9.9,6600,0.0,0
1999-07-09,9.82,10.31,9.82,10.23,17500,0.0,0
1999-07-12,10.15,10.15,9.94,9.94,3400,0.0,0
1999-07-13,9.9,9.9,9.82,9.82,1100,0.0,0
1999-07-14,9.82,9.82,9.82,9.82,600,0.0,0
1999-07-15,9.82,9.82,9.66,9.7,4100,0.0,0
1999-07-16,9.66,9.66,9.34,9.34,57600,0.0,0
1999-07-19,9.42,9.66,9.42,9.54,11200,0.0,0
1999-07-20,9.62,9.66,9.58,9.58,5800,0.0,0
1999-07-21,9.66,9.66,9.54,9.58,2900,0.0,0
1999-07-22,9.66,9.66,9.26,9.42,12000,0.0,0
1999-07-23,9.42,9.42,9.34,9.34,14400,0.0,0
1999-07-26,9.34,9.5,9.34,9.42,5400,0.0,0
1999-07-27,9.42,9.42,9.38,9.38,600,0.0,0
1999-07-28,9.42,9.74,9.42,9.66,10800,0.0,0
1999-07-29,9.66,9.66,9.66,9.66,20500,0.0,0
1999-07-30,9.58,9.58,9.5,9.5,2200,0.0,0
1999-08-02,9.58,9.66,9.5,9.66,8300,0.0,0
1999-08-03,9.7,9.7,9.5,9.66,4600,0.0,0
1999-08-04,9.71,9.71,9.55,9.55,2800,0.07,0
1999-08-05,9.55,9.55,9.38,9.42,3100,0.0,0
1999-08-06,9.46,9.87,9.38,9.75,26200,0.0,0
1999-08-09,9.71,9.79,9.55,9.55,8600,0.0,0
1999-08-10,9.51,9.87,9.46,9.79,8300,0.0,0
1999-08-11,9.71,9.79,9.63,9.79,21000,0.0,0
1999-08-12,9.87,10.03,9.87,10.03,27100,0.0,0
1999-08-13,9.95,10.27,9.95,10.27,8400,0.0,0
1999-08-16,10.19,10.19,10.11,10.11,3700,0.0,0
1999-08-17,10.07,10.11,10.03,10.03,2000,0.0,0
1999-08-18,10.15,10.15,10.03,10.03,5700,0.0,0
1999-08-19,10.03,10.11,10.03,10.11,8600,0.0,0
1999-08-20,10.11,10.11,10.11,10.11,0,0.0,0
1999-08-23,10.15,10.35,10.11,10.35,18600,0.0,0
1999-08-24,10.27,10.52,10.19,10.44,25200,0.0,0
1999-08-25,10.35,10.52,10.23,10.52,17000,0.0,0
1999-08-26,10.44,10.44,10.27,10.35,4700,0.0,0
1999-08-27,10.35,10.35,10.27,10.35,7100,0.0,0
1999-08-30,10.27,10.27,9.95,9.95,2900,0.0,0
1999-08-31,9.87,9.87,9.83,9.83,2800,0.0,0
1999-09-01,9.79,9.79,9.71,9.71,700,0.0,0
1999-09-02,9.71,9.71,9.71,9.71,4400,0.0,0
1999-09-03,9.79,9.79,9.79,9.79,40600,0.0,0
1999-09-07,9.79,9.79,9.71,9.79,3500,0.0,0
1999-09-08,9.71,9.75,9.55,9.63,103900,0.0,0
1999-09-09,9.55,9.71,9.55,9.71,5500,0.0,0
1999-09-10,9.63,9.71,9.63,9.63,4500,0.0,0
1999-09-13,9.63,9.71,9.63,9.71,3300,0.0,0
1999-09-14,9.63,9.63,9.55,9.55,2200,0.0,0
1999-09-15,9.63,9.71,9.63,9.63,2400,0.0,0
1999-09-16,9.55,9.87,9.38,9.79,11100,0.0,0
1999-09-17,9.75,9.79,9.55,9.55,9400,0.0,0
1999-09-20,9.55,9.55,9.55,9.55,300,0.0,0
1999-09-21,9.63,9.79,9.59,9.71,16500,0.0,0
1999-09-22,9.71,9.71,9.46,9.46,7500,0.0,0
1999-09-23,9.46,9.46,9.38,9.38,5600,0.0,0
1999-09-24,9.46,9.87,9.46,9.87,17400,0.0,0
1999-09-27,9.79,9.79,9.71,9.71,15700,0.0,0
1999-09-28,9.59,9.67,9.46,9.46,3700,0.0,0
1999-09-29,9.55,9.71,9.55,9.63,11800,0.0,0
1999-09-30,9.71,9.71,9.63,9.63,1400,0.0,0
1999-10-01,9.71,9.87,9.71,9.87,35700,0.0,0
1999-10-04,9.87,10.03,9.79,9.87,38500,0.0,0
1999-10-05,9.95,10.35,9.95,10.27,36900,0.0,0
1999-10-06,10.35,10.44,10.35,10.4,29000,0.0,0
1999-10-07,10.27,10.27,10.15,10.15,4300,0.0,0
1999-10-08,10.03,10.11,9.87,10.03,12900,0.0,0
1999-10-11,10.03,10.03,9.87,9.87,4300,0.0,0
1999-10-12,9.79,9.87,9.79,9.87,13200,0.0,0
1999-10-13,9.87,9.95,9.87,9.87,5900,0.0,0
1999-10-14,9.87,9.87,9.71,9.71,7500,0.0,0
1999-10-15,9.63,9.63,9.46,9.59,9000,0.0,0
1999-10-18,9.55,9.71,9.55,9.71,9500,0.0,0
1999-10-19,9.71,9.87,9.63,9.87,5400,0.0,0
1999-10-20,9.79,9.79,9.79,9.79,200,0.0,0
1999-10-21,9.71,9.71,9.63,9.71,3200,0.0,0
1999-10-22,9.63,9.75,9.63,9.63,14100,0.0,0
1999-10-25,9.71,9.71,9.63,9.63,5800,0.0,0
1999-10-26,9.63,9.87,9.63,9.83,8100,0.0,0
1999-10-27,9.79,9.87,9.63,9.87,4300,0.0,0
1999-10-28,9.87,9.87,9.87,9.87,0,0.0,0
1999-10-29,9.95,10.03,9.87,9.95,7900,0.0,0
1999-11-01,9.99,10.27,9.99,10.11,29900,0.0,0
1999-11-02,10.15,10.19,9.99,9.99,13800,0.0,0
1999-11-03,9.91,9.91,9.79,9.79,2100,0.07,0
1999-11-04,9.71,9.71,9.67,9.71,1600,0.0,0
1999-11-05,9.59,9.59,9.59,9.59,15600,0.0,0
1999-11-08,9.71,9.71,9.59,9.59,30900,0.0,0
1999-11-09,9.63,9.63,9.59,9.59,19600,0.0,0
1999-11-10,9.51,9.71,9.51,9.59,19600,0.0,0
1999-11-11,9.51,9.51,9.51,9.51,100,0.0,0
1999-11-12,9.67,9.67,9.63,9.63,1100,0.0,0
1999-11-15,9.63,9.63,9.59,9.59,4300,0.0,0
1999-11-16,9.67,9.83,9.67,9.75,22200,0.0,0
1999-11-17,9.71,9.71,9.59,9.59,4400,0.0,0
1999-11-18,9.59,9.59,9.59,9.59,3100,0.0,0
1999-11-19,9.55,9.55,9.55,9.55,2200,0.0,0
1999-11-22,9.55,9.63,9.51,9.51,3400,0.0,0
1999-11-23,9.51,9.51,9.51,9.51,1400,0.0,0
1999-11-24,9.51,9.55,9.51,9.55,41200,0.0,0
1999-11-26,9.47,9.47,9.47,9.47,1500,0.0,0
1999-11-29,9.47,9.47,9.43,9.43,74600,0.0,0
1999-11-30,9.43,9.43,9.39,9.39,27100,0.0,0
1999-12-01,9.39,9.39,9.39,9.39,3200,0.0,0
1999-12-02,9.3,9.39,9.3,9.35,6400,0.0,0
1999-12-03,9.43,9.47,9.39,9.43,39200,0.0,0
1999-12-06,9.39,9.39,9.39,9.39,100,0.0,0
1999-12-07,9.39,9.39,9.35,9.35,203000,0.0,0
1999-12-08,9.35,9.35,9.35,9.35,2900,0.0,0
1999-12-09,9.35,9.63,9.35,9.55,31600,0.0,0
1999-12-10,9.63,9.83,9.63,9.75,16400,0.0,0
1999-12-13,9.67,9.91,9.67,9.83,16900,0.0,0
1999-12-14,9.83,9.83,9.79,9.79,6400,0.0,0
1999-12-15,9.79,9.79,9.75,9.75,1400,0.0,0
1999-12-16,9.75,9.75,9.71,9.71,200,0.0,0
1999-12-17,9.63,9.63,9.55,9.59,12400,0.0,0
1999-12-20,9.51,9.51,9.51,9.51,4500,0.0,0
1999-12-21,9.51,9.51,9.51,9.51,20000,0.0,0
1999-12-22,9.55,9.75,9.55,9.75,5600,0.0,0
1999-12-23,9.67,9.75,9.63,9.75,2100,0.0,0
1999-12-27,9.63,9.63,9.59,9.59,1900,0.0,0
1999-12-28,9.63,9.75,9.63,9.75,5000,0.0,0
1999-12-29,9.67,9.83,9.67,9.67,600,0.0,0
1999-12-30,9.63,9.63,9.59,9.59,5700,0.0,0
1999-12-31,9.59,9.71,9.59,9.71,8800,0.0,0
2000-01-03,9.83,9.83,9.75,9.75,2500,0.0,0
2000-01-04,9.75,9.75,9.59,9.59,2900,0.0,0
2000-01-05,9.59,9.67,9.59,9.67,1000,0.0,0
2000-01-06,9.67,9.67,9.55,9.55,14100,0.0,0
2000-01-07,9.55,9.59,9.55,9.55,15300,0.0,0
2000-01-10,9.51,9.67,9.51,9.59,40500,0.0,0
2000-01-11,9.67,9.75,9.67,9.75,3000,0.0,0
2000-01-12,9.83,9.87,9.83,9.87,1500,0.0,0
2000-01-13,9.91,10.08,9.91,10.08,4400,0.0,0
2000-01-14,10.08,10.08,9.95,10.0,23100,0.0,0
2000-01-18,9.83,9.83,9.75,9.75,3200,0.0,0
2000-01-19,9.83,9.87,9.83,9.87,6400,0.0,0
2000-01-20,9.79,9.95,9.79,9.95,25200,0.0,0
2000-01-21,9.91,9.91,9.83,9.83,1700,0.0,0
2000-01-24,9.79,9.83,9.51,9.83,14500,0.0,0
2000-01-25,9.75,9.75,9.67,9.67,5100,0.0,0
2000-01-26,9.59,9.59,9.51,9.51,3000,0.0,0
2000-01-27,9.47,9.75,9.47,9.67,36800,0.0,0
2000-01-28,9.75,10.24,9.75,10.24,14400,0.0,0
2000-01-31,10.24,10.32,10.24,10.24,1700,0.0,0
2000-02-01,10.24,10.24,10.24,10.24,4900,0.0,0
2000-02-02,10.4,10.4,10.24,10.32,7200,0.0,0
2000-02-03,10.32,10.32,10.24,10.24,9000,0.0,0
2000-02-04,10.24,10.24,10.16,10.24,4000,0.0,0
2000-02-07,10.24,10.24,10.24,10.24,200,0.0,0
2000-02-08,10.24,10.24,10.24,10.24,2600,0.0,0
2000-02-09,10.29,10.29,10.29,10.29,5700,0.07,0
2000-02-10,10.29,10.29,10.29,10.29,3600,0.0,0
2000-02-11,10.29,10.29,10.29,10.29,4400,0.0,0
2000-02-14,10.29,10.29,10.29,10.29,3600,0.0,0
2000-02-15,10.29,10.29,10.29,10.29,4000,0.0,0
2000-02-16,10.29,10.37,10.24,10.29,6300,0.0,0
2000-02-17,10.37,10.37,10.29,10.29,3000,0.0,0
2000-02-18,10.29,10.29,10.29,10.29,3000,0.0,0
2000-02-22,10.29,10.33,10.29,10.29,2900,0.0,0
2000-02-23,10.29,10.37,10.29,10.37,51200,0.0,0
2000-02-24,10.33,10.33,10.29,10.29,2700,0.0,0
2000-02-25,10.45,10.45,10.37,10.45,66200,0.0,0
2000-02-28,10.41,10.61,10.37,10.61,10800,0.0,0
2000-02-29,10.69,11.18,10.65,11.1,22400,0.0,0
2000-03-01,11.1,11.1,11.02,11.02,6200,0.0,0
2000-03-02,11.06,11.06,10.98,10.98,1500,0.0,0
2000-03-03,10.94,10.94,10.9,10.9,1800,0.0,0
2000-03-06,10.9,10.9,10.69,10.77,3400,0.0,0
2000-03-07,10.86,10.86,10.41,10.45,6900,0.0,0
2000-03-08,10.37,10.45,10.37,10.37,3300,0.0,0
2000-03-09,10.45,10.45,10.45,10.45,15100,0.0,0
2000-03-10,10.45,10.45,10.45,10.45,2900,0.0,0
2000-03-13,10.37,10.37,10.37,10.37,2000,0.0,0
2000-03-14,10.29,10.45,10.29,10.41,25600,0.0,0
2000-03-15,10.33,10.53,10.24,10.53,13100,0.0,0
2000-03-16,10.45,10.45,10.37,10.45,11500,0.0,0
2000-03-17,10.45,10.65,10.45,10.57,16900,0.0,0
2000-03-20,10.49,10.73,10.49,10.65,4200,0.0,0
2000-03-21,10.53,10.69,10.45,10.61,7800,0.0,0
2000-03-22,10.61,10.77,10.53,10.69,13800,0.0,0
2000-03-23,10.86,10.86,10.73,10.86,12700,0.0,0
2000-03-24,10.86,10.86,10.77,10.77,600,0.0,0
2000-03-27,10.77,10.77,10.61,10.61,1900,0.0,0
2000-03-28,10.53,10.9,10.45,10.82,13900,0.0,0
2000-03-29,10.77,10.94,10.77,10.86,13800,0.0,0
2000-03-30,10.94,11.06,10.65,10.69,41000,0.0,0
2000-03-31,10.82,11.02,10.82,10.98,41500,0.0,0
2000-04-03,10.98,10.98,10.98,10.98,900,0.0,0
2000-04-04,11.02,11.14,11.02,11.14,25300,0.0,0
2000-04-05,11.1,11.1,11.1,11.1,6300,0.0,0
2000-04-06,11.14,11.26,11.1,11.26,10500,0.0,0
2000-04-07,11.26,11.26,11.1,11.1,1100,0.0,0
2000-04-10,11.1,11.43,11.1,11.43,26300,0.0,0
2000-04-11,11.35,11.47,11.35,11.35,9900,0.0,0
2000-04-12,11.43,11.43,11.26,11.26,64800,0.0,0
2000-04-13,11.31,11.31,11.31,11.31,1000,0.0,0
2000-04-14,11.31,11.31,11.31,11.31,300,0.0,0
2000-04-17,11.14,11.14,10.86,10.86,27600,0.0,0
2000-04-18,10.77,11.18,10.77,11.18,11600,0.0,0
2000-04-19,11.1,11.1,11.02,11.1,3700,0.0,0
2000-04-20,11.1,11.1,11.02,11.1,97600,0.0,0
2000-04-24,10.98,11.02,10.98,10.98,4100,0.0,0
2000-04-25,11.1,11.1,11.1,11.1,25000,0.0,0
2000-04-26,11.1,11.1,10.94,10.98,2600,0.0,0
2000-04-27,10.94,11.22,10.94,11.02,29400,0.0,0
2000-04-28,11.06,11.06,10.94,11.02,10400,0.0,0
2000-05-01,11.02,11.02,10.9,11.02,6800,0.0,0
2000-05-02,11.02,11.1,10.98,11.1,8100,0.0,0
2000-05-03,11.11,11.11,11.11,11.11,4000,0.08,0
2000-05-04,11.03,11.03,11.03,11.03,8800,0.0,0
2000-05-05,11.11,11.15,11.11,11.15,19200,0.0,0
2000-05-08,11.24,11.48,11.24,11.48,4500,0.0,0
2000-05-09,11.56,11.73,11.56,11.65,6300,0.0,0
2000-05-10,11.56,11.56,11.52,11.52,3700,0.0,0
2000-05-11,11.48,11.48,11.48,11.48,1000,0.0,0
2000-05-12,11.65,11.65,11.65,11.65,1000,0.0,0
2000-05-15,11.77,11.89,11.73,11.81,21000,0.0,0
2000-05-16,11.89,12.06,11.81,12.06,17600,0.0,0
2000-05-17,11.97,11.97,11.97,11.97,6500,0.0,0
2000-05-18,11.97,11.97,11.89,11.89,500,0.0,0
2000-05-19,11.81,11.89,11.81,11.81,7300,0.0,0
2000-05-22,11.81,11.81,11.81,11.81,400,0.0,0
2000-05-23,11.81,11.81,11.48,11.48,24600,0.0,0
2000-05-24,11.4,11.4,11.15,11.32,11800,0.0,0
2000-05-25,11.32,11.32,11.07,11.07,2100,0.0,0
2000-05-26,11.03,11.07,11.03,11.03,3200,0.0,0
2000-05-30,11.11,11.15,11.07,11.15,11200,0.0,0
2000-05-31,11.15,11.24,11.15,11.24,300,0.0,0
2000-06-01,11.24,11.24,11.24,11.24,12200,0.0,0
2000-06-02,11.32,11.81,11.32,11.77,17300,0.0,0
2000-06-05,11.77,11.77,11.65,11.73,6700,0.0,0
2000-06-06,11.73,11.81,11.65,11.65,12100,0.0,0
2000-06-07,11.65,11.65,11.65,11.65,0,0.0,0
2000-06-08,11.69,11.69,11.52,11.52,2900,0.0,0
2000-06-09,11.48,11.93,11.4,11.93,16300,0.0,0
2000-06-12,11.81,11.93,11.6,11.6,9100,0.0,0
2000-06-13,11.48,11.56,11.4,11.4,3800,0.0,0
2000-06-14,11.4,11.4,10.91,11.15,167000,0.0,0
2000-06-15,11.15,11.15,11.15,11.15,14100,0.0,0
2000-06-16,11.19,11.19,11.15,11.15,1600,0.0,0
2000-06-19,11.15,11.32,11.15,11.32,6600,0.0,0
2000-06-20,11.24,11.32,11.24,11.32,2100,0.0,0
2000-06-21,11.28,11.73,11.28,11.73,11800,0.0,0
2000-06-22,11.73,11.77,11.69,11.69,3300,0.0,0
2000-06-23,11.73,11.97,11.73,11.89,12100,0.0,0
2000-06-26,11.81,11.89,11.73,11.81,6800,0.0,0
2000-06-27,11.73,12.14,11.73,11.97,18000,0.0,0
2000-06-28,11.89,11.97,11.81,11.97,4200,0.0,0
2000-06-29,12.06,12.38,12.06,12.22,14500,0.0,0
2000-06-30,12.3,12.38,12.3,12.3,10800,0.0,0
2000-07-03,12.22,12.22,12.22,12.22,500,0.0,0
2000-07-05,12.3,12.3,12.3,12.3,2100,0.0,0
2000-07-06,12.3,12.3,12.22,12.22,2000,0.0,0
2000-07-07,12.22,12.22,12.22,12.22,0,0.0,0
2000-07-10,12.22,12.22,12.18,12.18,1400,0.0,0
2000-07-11,12.14,12.22,12.1,12.1,3800,0.0,0
2000-07-12,12.47,12.55,12.47,12.51,9000,0.0,0
2000-07-13,12.51,12.71,12.51,12.71,4200,0.0,0
2000-07-14,12.63,12.71,12.55,12.71,8000,0.0,0
2000-07-17,12.63,12.63,12.47,12.55,23500,0.0,0
2000-07-18,13.04,13.04,12.84,12.92,6900,0.0,0
2000-07-19,12.79,12.79,12.79,12.79,6500,0.0,0
2000-07-20,12.79,12.79,12.79,12.79,1000,0.0,0
2000-07-21,12.79,12.79,12.79,12.79,0,0.0,0
2000-07-24,12.88,12.88,12.88,12.88,5200,0.0,0
2000-07-25,13.04,13.04,12.79,12.84,2200,0.0,0
2000-07-26,12.84,13.04,12.79,13.0,4000,0.0,0
2000-07-27,12.96,12.96,12.88,12.88,400,0.0,0
2000-07-28,12.88,13.04,12.79,12.84,7700,0.0,0
2000-07-31,12.75,12.75,12.63,12.63,1900,0.0,0
2000-08-01,12.55,12.55,12.22,12.26,4000,0.0,0
2000-08-02,12.27,12.44,12.27,12.44,5900,0.08,0
2000-08-03,12.44,12.44,12.44,12.44,0,0.0,0
2000-08-04,12.44,12.44,12.44,12.44,0,0.0,0
2000-08-07,12.44,12.44,12.44,12.44,700,0.0,0
2000-08-08,12.52,12.52,12.52,12.52,6000,0.0,0
2000-08-09,12.52,12.85,12.35,12.85,12800,0.0,0
2000-08-10,12.85,12.85,12.85,12.85,5700,0.0,0
2000-08-11,12.85,12.93,12.85,12.93,900,0.0,0
2000-08-14,12.89,12.89,12.89,12.89,1000,0.0,0
2000-08-15,12.93,13.26,12.85,13.18,5500,0.0,0
2000-08-16,13.18,13.18,12.89,12.89,4300,0.0,0
2000-08-17,12.93,13.01,12.93,12.93,1900,0.0,0
2000-08-18,13.1,13.1,13.1,13.1,2000,0.0,0
2000-08-21,13.06,13.26,13.01,13.22,12300,0.0,0
2000-08-22,13.34,13.59,13.34,13.51,5700,0.0,0
2000-08-23,13.59,13.67,13.55,13.55,4600,0.0,0
2000-08-24,13.51,13.59,13.34,13.34,12500,0.0,0
2000-08-25,13.51,13.51,13.34,13.34,6500,0.0,0
2000-08-28,13.38,13.38,13.34,13.34,2800,0.0,0
2000-08-29,13.34,13.84,13.34,13.76,12100,0.0,0
2000-08-30,13.84,14.08,13.84,14.08,39200,0.0,0
2000-08-31,14.13,14.13,14.0,14.0,3100,0.0,0
2000-09-01,14.08,14.17,14.04,14.17,3200,0.0,0
2000-09-05,14.08,14.25,13.92,14.17,6200,0.0,0
2000-09-06,14.17,14.83,14.17,14.83,9200,0.0,0
2000-09-07,14.99,15.11,14.95,14.95,7000,0.0,0
2000-09-08,14.99,14.99,14.58,14.66,9700,0.0,0
2000-09-11,14.5,14.74,14.5,14.66,4800,0.0,0
2000-09-12,14.66,14.66,14.66,14.66,900,0.0,0
2000-09-13,14.66,14.91,14.5,14.91,9500,0.0,0
2000-09-14,14.91,15.16,14.91,14.99,12200,0.0,0
2000-09-15,14.83,14.91,14.83,14.91,1600,0.0,0
2000-09-18,14.74,14.74,14.41,14.41,37200,0.0,0
2000-09-19,14.33,14.41,14.25,14.25,24700,0.0,0
2000-09-20,14.25,14.33,14.17,14.25,2800,0.0,0
2000-09-21,14.33,14.5,14.25,14.41,15400,0.0,0
2000-09-22,14.25,14.25,14.21,14.21,700,0.0,0
2000-09-25,14.17,14.33,14.17,14.17,3500,0.0,0
2000-09-26,14.08,14.08,14.0,14.0,1800,0.0,0
2000-09-27,13.96,13.96,13.96,13.96,1300,0.0,0
2000-09-28,13.84,13.92,13.67,13.92,2900,0.0,0
2000-09-29,14.0,14.83,14.0,14.83,9500,0.0,0
2000-10-02,14.74,14.74,14.58,14.58,1500,0.0,0
2000-10-03,14.5,14.5,14.5,14.5,4000,0.0,0
2000-10-04,14.5,14.58,14.33,14.58,4700,0.0,0
2000-10-05,14.5,14.58,14.5,14.58,6800,0.0,0
2000-10-06,14.5,14.5,14.5,14.5,2500,0.0,0
2000-10-09,14.5,14.5,14.5,14.5,200,0.0,0
2000-10-10,14.41,14.46,14.29,14.46,5500,0.0,0
2000-10-11,14.33,14.33,14.08,14.13,8400,0.0,0
2000-10-12,14.13,14.13,14.13,14.13,3100,0.0,0
2000-10-13,14.25,14.66,14.25,14.66,4000,0.0,0
2000-10-16,14.5,14.5,14.33,14.37,3900,0.0,0
2000-10-17,14.25,14.25,13.84,13.92,6100,0.0,0
2000-10-18,13.84,13.84,13.59,13.59,1900,0.0,0
2000-10-19,13.43,13.51,13.1,13.1,5900,0.0,0
2000-10-20,13.1,13.1,13.1,13.1,0,0.0,0
2000-10-23,13.1,13.18,13.1,13.18,25500,0.0,0
2000-10-24,13.1,13.14,13.1,13.14,700,0.0,0
2000-10-25,13.14,13.14,13.14,13.14,500,0.0,0
2000-10-26,13.14,13.14,13.14,13.14,0,0.0,0
2000-10-27,13.18,13.18,13.18,13.18,1500,0.0,0
2000-10-30,13.18,13.18,13.18,13.18,200,0.0,0
2000-10-31,13.1,13.26,13.1,13.26,13400,0.0,0
2000-11-01,13.31,13.89,13.31,13.89,6700,0.08,0
2000-11-02,13.89,14.39,13.89,14.31,3100,0.0,0
2000-11-03,14.31,14.39,14.06,14.39,3500,0.0,0
2000-11-06,14.39,14.6,14.39,14.55,5100,0.0,0
2000-11-07,14.64,14.72,14.39,14.39,5400,0.0,0
2000-11-08,14.39,14.39,14.39,14.39,0,0.0,0
2000-11-09,14.39,14.39,14.39,14.39,400,0.0,0
2000-11-10,14.39,14.55,14.39,14.39,2800,0.0,0
2000-11-13,14.22,14.22,14.22,14.22,500,0.0,0
2000-11-14,14.18,14.64,14.18,14.64,2900,0.0,0
2000-11-15,14.55,14.6,14.55,14.55,800,0.0,0
2000-11-16,14.55,14.97,14.55,14.97,10700,0.0,0
2000-11-17,14.89,14.89,14.64,14.76,9100,0.0,0
2000-11-20,14.68,14.97,14.68,14.97,6300,0.0,0
2000-11-21,14.93,14.97,14.8,14.89,4500,0.0,0
2000-11-22,14.89,14.89,14.89,14.89,1000,0.0,0
2000-11-24,14.89,14.89,14.89,14.89,0,0.0,0
2000-11-27,14.89,14.97,14.8,14.89,1400,0.0,0
2000-11-28,15.05,15.17,15.05,15.05,3800,0.0,0
2000-11-29,15.05,15.13,15.05,15.13,3000,0.0,0
2000-11-30,15.13,15.22,15.13,15.22,14900,0.0,0
2000-12-01,15.22,15.22,14.97,15.01,6500,0.0,0
2000-12-04,14.95,15.05,14.95,15.05,1100,0.0,0
2000-12-05,15.05,15.05,15.04,15.04,1000,0.0,0
2000-12-06,15.13,15.32,15.13,15.22,8400,0.0,0
2000-12-07,15.22,15.22,15.22,15.22,400,0.0,0
2000-12-08,15.22,15.22,15.22,15.22,400,0.0,0
2000-12-11,15.22,15.22,15.22,15.22,1300,0.0,0
2000-12-12,15.23,15.23,15.23,15.23,600,0.0,0
2000-12-13,15.15,15.15,15.15,15.15,300,0.0,0
2000-12-14,15.09,15.35,15.09,15.35,4800,0.0,0
2000-12-15,15.25,15.28,14.72,14.73,23400,0.0,0
2000-12-18,14.73,14.85,14.62,14.85,3600,0.0,0
2000-12-19,14.78,14.84,14.72,14.84,4500,0.0,0
2000-12-20,14.75,14.75,14.75,14.75,800,0.0,0
2000-12-21,14.69,14.69,14.69,14.69,200,0.0,0
2000-12-22,14.75,15.25,14.75,15.25,20000,0.0,0
2000-12-26,15.25,15.25,15.23,15.25,2000,0.0,0
2000-12-27,15.25,15.41,15.25,15.41,4400,0.0,0
2000-12-28,15.48,15.65,15.48,15.65,4100,0.0,0
2000-12-29,15.61,15.94,15.61,15.94,5300,0.0,0
2001-01-02,15.88,15.88,15.74,15.74,4700,0.0,0
2001-01-03,15.71,15.71,15.58,15.58,3600,0.0,0
2001-01-04,15.55,15.55,15.48,15.48,700,0.0,0
2001-01-05,15.41,15.42,15.41,15.42,4000,0.0,0
2001-01-08,15.15,15.61,14.95,15.55,20200,0.0,0
2001-01-09,15.55,15.55,15.35,15.35,3800,0.0,0
2001-01-10,15.28,15.28,15.02,15.02,5000,0.0,0
2001-01-11,15.08,15.08,15.02,15.03,4400,0.0,0
2001-01-12,14.97,15.02,14.89,14.89,5800,0.0,0
2001-01-16,14.82,15.11,14.55,15.11,20700,0.0,0
2001-01-17,15.11,15.18,15.08,15.08,4300,0.0,0
2001-01-18,15.06,15.08,15.05,15.05,3800,0.0,0
2001-01-19,15.06,15.41,15.06,15.41,4100,0.0,0
2001-01-22,15.34,15.41,15.34,15.35,2800,0.0,0
2001-01-23,15.28,15.35,15.28,15.35,400,0.0,0
2001-01-24,15.35,15.68,15.35,15.68,12700,0.0,0
2001-01-25,15.71,15.71,15.55,15.58,1400,0.0,0
2001-01-26,15.58,15.58,15.25,15.25,5900,0.0,0
2001-01-29,15.28,15.88,15.28,15.88,10000,0.0,0
2001-01-30,15.81,15.81,15.55,15.55,4400,0.0,0
2001-01-31,15.61,16.0,15.61,15.88,15900,0.0,0
2001-02-01,15.91,15.91,15.81,15.88,7500,0.0,0
2001-02-02,15.91,15.94,15.91,15.91,8900,0.0,0
2001-02-05,15.94,16.01,15.94,16.01,800,0.0,0
2001-02-06,16.08,16.18,16.01,16.18,6800,0.0,0
2001-02-07,16.1,16.37,16.1,16.37,7200,0.09,0
2001-02-08,16.33,16.57,16.27,16.57,6600,0.0,0
2001-02-09,16.47,16.93,16.47,16.8,8200,0.0,0
2001-02-12,16.73,16.8,16.73,16.8,900,0.0,0
2001-02-13,16.7,16.97,16.7,16.97,4900,0.0,0
2001-02-14,17.06,17.1,16.97,17.1,2800,0.0,0
2001-02-15,17.1,17.36,17.1,17.33,5600,0.0,0
2001-02-16,17.2,17.2,17.0,17.0,5100,0.0,0
2001-02-20,16.89,17.0,16.83,16.83,4900,0.0,0
2001-02-21,16.83,16.83,16.6,16.6,3500,0.0,0
2001-02-22,16.6,16.6,16.47,16.47,3300,0.0,0
2001-02-23,16.47,16.47,16.26,16.26,1700,0.0,0
2001-02-26,16.26,16.26,15.84,15.94,8900,0.0,0
2001-02-27,15.87,15.9,15.78,15.8,1100,0.0,0
2001-02-28,15.78,15.78,15.7,15.71,900,0.0,0
2001-03-01,15.6,15.6,15.54,15.54,600,0.0,0
2001-03-02,15.4,16.0,15.4,16.0,8500,0.0,0
2001-03-05,16.0,16.02,16.0,16.02,600,0.0,0
2001-03-06,16.1,16.23,16.1,16.17,3100,0.0,0
2001-03-07,16.25,16.6,16.23,16.6,16000,0.0,0
2001-03-08,16.7,16.8,16.7,16.8,3700,0.0,0
2001-03-09,16.73,16.77,16.6,16.67,9500,0.0,0
2001-03-12,16.57,16.77,16.57,16.7,4600,0.0,0
2001-03-13,16.71,16.88,16.7,16.77,5100,0.0,0
2001-03-14,16.6,16.63,16.53,16.53,2900,0.0,0
2001-03-15,16.63,16.63,16.55,16.56,7500,0.0,0
2001-03-16,16.63,17.33,16.63,17.33,7400,0.0,0
2001-03-19,17.32,18.33,17.26,18.21,18300,0.0,0
2001-03-20,18.19,18.19,18.06,18.06,3900,0.0,0
2001-03-21,17.93,17.99,17.86,17.86,2900,0.0,0
2001-03-22,17.8,17.8,17.6,17.6,3000,0.0,0
2001-03-23,17.6,17.6,17.6,17.6,0,0.0,0
2001-03-26,17.56,17.6,17.46,17.6,3500,0.0,0
2001-03-27,17.53,17.53,17.53,17.53,400,0.0,0
2001-03-28,17.43,17.44,17.43,17.44,1200,0.0,0
2001-03-29,17.26,17.3,17.2,17.2,1700,0.0,0
2001-03-30,17.2,17.4,17.2,17.2,4500,0.0,0
2001-04-02,17.26,17.26,17.26,17.26,7200,0.0,0
2001-04-03,17.26,17.26,16.8,17.1,10500,0.0,0
2001-04-04,17.1,17.26,17.1,17.16,6200,0.0,0
2001-04-05,17.08,17.2,17.07,17.2,1500,0.0,0
2001-04-06,17.1,17.26,17.0,17.16,11400,0.0,0
2001-04-09,17.1,17.24,17.03,17.23,6500,0.0,0
2001-04-10,17.13,17.26,16.97,17.2,11100,0.0,0
2001-04-11,17.26,17.26,17.26,17.26,1000,0.0,0
2001-04-12,17.36,17.96,17.36,17.93,14800,0.0,0
2001-04-16,17.93,17.93,17.83,17.83,1000,0.0,0
2001-04-17,17.93,17.93,17.66,17.66,3100,0.0,0
2001-04-18,17.66,17.89,17.66,17.66,11400,0.0,0
2001-04-19,17.66,17.89,17.66,17.89,15900,0.0,0
2001-04-20,17.89,17.93,17.86,17.87,6900,0.0,0
2001-04-23,17.8,17.8,17.73,17.73,600,0.0,0
2001-04-24,17.63,17.63,17.06,17.22,9000,0.0,0
2001-04-25,17.3,17.3,17.13,17.13,26600,0.0,0
2001-04-26,17.06,17.06,16.8,16.83,4200,0.0,0
2001-04-27,16.67,16.97,16.67,16.84,7400,0.0,0
2001-04-30,16.84,16.84,16.53,16.73,11700,0.0,0
2001-05-01,16.6,16.6,16.47,16.47,2000,0.0,0
2001-05-02,16.53,16.99,16.49,16.99,18100,0.09,0
2001-05-03,17.09,17.33,17.09,17.33,5100,0.0,0
2001-05-04,17.33,17.36,17.33,17.36,3300,0.0,0
2001-05-07,17.53,17.93,17.53,17.93,9400,0.0,0
2001-05-08,17.99,18.09,17.89,18.06,8800,0.0,0
2001-05-09,17.99,17.99,17.99,17.99,500,0.0,0
2001-05-10,18.09,18.56,18.09,18.47,9900,0.0,0
2001-05-11,18.49,18.49,18.37,18.46,6200,0.0,0
2001-05-14,18.47,18.59,18.46,18.59,2900,0.0,0
2001-05-15,18.49,18.66,18.42,18.42,2300,0.0,0
2001-05-16,18.39,18.39,18.19,18.33,1500,0.0,0
2001-05-17,18.33,18.49,18.33,18.49,1300,0.0,0
2001-05-18,18.46,18.46,18.39,18.39,1300,0.0,0
2001-05-21,18.42,18.42,18.42,18.42,100,0.0,0
2001-05-22,18.43,18.43,18.43,18.43,200,0.0,0
2001-05-23,18.49,18.49,18.29,18.29,2200,0.0,0
2001-05-24,18.33,18.69,18.33,18.67,9000,0.0,0
2001-05-25,18.73,18.86,18.69,18.69,3900,0.0,0
2001-05-29,18.67,18.7,18.66,18.66,3000,0.0,0
2001-05-30,18.66,18.76,18.39,18.76,13800,0.0,0
2001-05-31,18.73,18.99,18.73,18.99,4300,0.0,0
2001-06-01,18.99,18.99,18.99,18.99,100,0.0,0
2001-06-04,18.99,19.23,18.99,19.23,5300,0.0,0
2001-06-05,19.23,19.46,19.19,19.46,15000,0.0,0
2001-06-06,19.49,19.49,19.49,19.49,2600,0.0,0
2001-06-07,19.49,19.49,19.33,19.33,2200,0.0,0
2001-06-08,19.31,19.31,19.19,19.19,2400,0.0,0
2001-06-11,19.19,19.19,19.06,19.06,2900,0.0,0
2001-06-12,19.03,19.06,18.99,19.03,7400,0.0,0
2001-06-13,18.99,18.99,18.99,18.99,500,0.0,0
2001-06-14,18.93,18.93,18.69,18.69,6500,0.0,0
2001-06-15,18.66,18.66,17.93,17.99,15400,0.0,0
2001-06-18,17.99,17.99,17.66,17.83,22100,0.0,0
2001-06-19,17.79,17.79,17.59,17.73,4900,0.0,0
2001-06-20,17.79,17.99,17.79,17.83,9000,0.0,0
2001-06-21,17.93,18.13,17.93,18.13,4700,0.0,0
2001-06-22,17.99,17.99,17.73,17.73,3700,0.0,0
2001-06-25,17.66,17.66,17.21,17.21,13700,0.0,0
2001-06-26,17.19,17.19,16.69,16.69,43500,0.0,0
2001-06-27,16.69,16.83,16.69,16.83,3700,0.0,0
2001-06-28,16.79,17.33,16.79,17.26,12000,0.0,0
2001-06-29,17.43,17.83,17.26,17.83,15200,0.0,0
2001-07-02,17.83,17.89,17.83,17.89,1000,0.0,0
2001-07-03,17.89,17.89,17.89,17.89,2000,0.0,0
2001-07-05,17.89,17.89,17.83,17.83,900,0.0,0
2001-07-06,17.76,17.76,17.66,17.74,3900,0.0,0
2001-07-09,17.83,18.39,17.83,18.39,4500,0.0,0
2001-07-10,18.33,18.39,18.26,18.39,3800,0.0,0
2001-07-11,18.49,18.76,18.49,18.73,3900,0.0,0
2001-07-12,18.79,18.93,18.79,18.86,2400,0.0,0
2001-07-13,18.79,18.89,18.79,18.89,900,0.0,0
2001-07-16,18.89,18.89,18.62,18.66,9700,0.0,0
2001-07-17,18.59,18.59,18.53,18.53,1100,0.0,0
2001-07-18,18.53,18.53,18.53,18.53,0,0.0,0
2001-07-19,18.63,18.73,18.59,18.66,4000,0.0,0
2001-07-20,18.59,18.59,18.48,18.48,1900,0.0,0
2001-07-23,18.43,18.43,18.39,18.39,1000,0.0,0
2001-07-24,18.39,18.39,18.39,18.39,0,0.0,0
2001-07-25,18.33,18.33,18.33,18.33,300,0.0,0
2001-07-26,18.26,18.26,18.19,18.19,2000,0.0,0
2001-07-27,18.16,18.16,18.16,18.16,200,0.0,0
2001-07-30,18.13,18.13,18.09,18.09,400,0.0,0
2001-07-31,18.19,18.33,18.19,18.33,1500,0.0,0
2001-08-01,18.25,18.25,17.72,18.22,71800,0.09,0
2001-08-02,18.15,18.15,18.05,18.05,2300,0.0,0
2001-08-03,18.11,18.35,18.11,18.24,5300,0.0,0
2001-08-06,18.24,18.24,18.24,18.24,0,0.0,0
2001-08-07,18.09,18.09,18.09,18.09,1400,0.0,0
2001-08-08,18.12,18.12,17.99,17.99,2200,0.0,0
2001-08-09,17.92,17.92,17.72,17.72,2200,0.0,0
2001-08-10,17.58,17.58,17.58,17.58,500,0.0,0
2001-08-13,17.45,17.45,17.38,17.38,1300,0.0,0
2001-08-14,17.32,17.45,17.32,17.45,14400,0.0,0
2001-08-15,17.38,17.38,17.28,17.36,3300,0.0,0
2001-08-16,17.28,17.46,17.28,17.45,19800,0.0,0
2001-08-17,17.38,17.38,16.88,16.92,10900,0.0,0
2001-08-20,16.98,17.08,16.98,17.08,3300,0.0,0
2001-08-21,17.15,17.15,17.05,17.06,1300,0.0,0
2001-08-22,16.99,16.99,16.88,16.88,4200,0.0,0
2001-08-23,16.85,16.85,16.78,16.79,1300,0.0,0
2001-08-24,16.79,16.79,16.79,16.79,100,0.0,0
2001-08-27,16.78,16.78,16.61,16.65,3400,0.0,0
2001-08-28,16.58,17.07,16.57,17.07,16600,0.0,0
2001-08-29,16.98,17.02,16.98,17.02,1600,0.0,0
2001-08-30,17.05,17.18,17.05,17.17,6600,0.0,0
2001-08-31,17.18,17.38,17.12,17.38,3900,0.0,0
2001-09-04,17.32,17.32,17.18,17.18,1500,0.0,0
2001-09-05,17.22,17.38,17.22,17.22,3600,0.0,0
2001-09-06,17.22,17.22,17.22,17.22,0,0.0,0
2001-09-07,17.15,17.38,17.15,17.38,2800,0.0,0
2001-09-10,17.34,17.34,17.3,17.3,1400,0.0,0
2001-09-17,17.22,17.22,16.88,16.88,10500,0.0,0
2001-09-18,16.8,16.88,16.8,16.88,3300,0.0,0
2001-09-19,16.75,16.75,16.58,16.58,5100,0.0,0
2001-09-20,16.51,16.51,16.46,16.46,4600,0.0,0
2001-09-21,16.46,16.46,16.26,16.31,15800,0.0,0
2001-09-24,16.38,16.45,16.25,16.4,6900,0.0,0
2001-09-25,16.31,16.55,16.31,16.55,10500,0.0,0
2001-09-26,16.72,16.72,16.58,16.58,4500,0.0,0
2001-09-27,16.57,16.57,16.45,16.45,2700,0.0,0
2001-09-28,16.62,16.88,16.62,16.88,10700,0.0,0
2001-10-01,16.82,16.82,16.82,16.82,100,0.0,0
2001-10-02,16.85,16.85,16.85,16.85,200,0.0,0
2001-10-03,16.82,16.84,16.82,16.84,300,0.0,0
2001-10-04,16.78,16.85,16.72,16.72,3000,0.0,0
2001-10-05,16.58,16.58,16.58,16.58,800,0.0,0
2001-10-08,16.51,16.51,16.51,16.51,300,0.0,0
2001-10-09,16.38,16.48,16.28,16.28,2400,0.0,0
2001-10-10,16.28,16.28,16.28,16.28,0,0.0,0
2001-10-11,16.35,16.48,16.35,16.48,9200,0.0,0
2001-10-12,16.55,16.55,16.55,16.55,1700,0.0,0
2001-10-15,16.61,16.61,16.55,16.55,2100,0.0,0
2001-10-16,16.58,16.58,16.52,16.52,600,0.0,0
2001-10-17,16.41,16.41,16.21,16.28,3100,0.0,0
2001-10-18,16.15,16.15,15.98,15.98,2100,0.0,0
2001-10-19,15.88,15.88,15.83,15.83,1500,0.0,0
2001-10-22,15.71,15.78,15.48,15.71,17200,0.0,0
2001-10-23,15.75,16.05,15.65,16.05,33400,0.0,0
2001-10-24,16.0,16.11,16.0,16.11,5400,0.0,0
2001-10-25,16.05,16.05,16.05,16.05,5500,0.0,0
2001-10-26,16.05,16.21,15.94,16.21,14400,0.0,0
2001-10-29,16.11,16.17,15.78,16.17,33100,0.0,0
2001-10-30,16.08,16.08,15.91,16.05,16900,0.0,0
2001-10-31,15.94,15.97,15.87,15.97,2100,0.09,0
2001-11-01,15.91,16.01,15.91,15.97,4200,0.0,0
2001-11-02,16.01,16.17,16.01,16.17,8200,0.0,0
2001-11-05,16.17,16.17,16.17,16.17,0,0.0,0
2001-11-06,16.27,16.27,16.27,16.27,100,0.0,0
2001-11-07,16.21,16.21,16.21,16.21,1000,0.0,0
2001-11-08,16.17,16.17,16.17,16.17,100,0.0,0
2001-11-09,16.11,16.44,16.11,16.44,6200,0.0,0
2001-11-12,16.44,16.85,16.44,16.85,8200,0.0,0
2001-11-13,16.94,17.25,16.94,17.25,7600,0.0,0
2001-11-14,17.18,17.92,17.18,17.92,4900,0.0,0
2001-11-15,17.95,18.13,17.95,18.05,3800,0.0,0
2001-11-16,18.05,18.15,17.92,18.15,15400,0.0,0
2001-11-19,18.09,18.09,17.99,17.99,2200,0.0,0
2001-11-20,17.89,17.89,17.85,17.85,600,0.0,0
2001-11-21,17.85,17.85,17.85,17.85,0,0.0,0
2001-11-23,17.85,17.85,17.85,17.85,0,0.0,0
2001-11-26,17.95,17.99,17.95,17.99,1000,0.0,0
2001-11-27,17.96,17.96,17.92,17.92,1500,0.0,0
2001-11-28,17.92,17.92,17.92,17.92,0,0.0,0
2001-11-29,18.02,18.12,17.95,18.12,2900,0.0,0
2001-11-30,18.22,18.32,18.22,18.32,2400,0.0,0
2001-12-03,18.19,18.19,18.02,18.02,8000,0.0,0
2001-12-04,17.95,18.09,17.91,18.09,2200,0.0,0
2001-12-05,17.99,18.12,17.99,18.12,2900,0.0,0
2001-12-06,18.05,18.22,18.05,18.22,3600,0.0,0
2001-12-07,18.19,18.19,18.13,18.13,3100,0.0,0
2001-12-10,18.12,18.12,18.09,18.09,600,0.0,0
2001-12-11,18.09,18.17,18.09,18.17,1600,0.0,0
2001-12-12,18.24,18.39,18.24,18.25,2900,0.0,0
2001-12-13,18.32,18.32,18.22,18.32,1800,0.0,0
2001-12-14,18.32,18.32,18.32,18.32,500,0.0,0
2001-12-17,18.32,18.32,18.32,18.32,0,0.0,0
2001-12-18,18.32,18.32,18.32,18.32,0,0.0,0
2001-12-19,18.25,18.25,18.25,18.25,500,0.0,0
2001-12-20,18.34,18.46,18.29,18.32,19500,0.0,0
2001-12-21,18.36,18.44,18.27,18.44,5300,0.0,0
2001-12-24,18.34,18.79,18.34,18.79,4100,0.0,0
2001-12-26,18.72,18.72,18.56,18.56,2000,0.0,0
2001-12-27,18.66,19.03,18.66,19.03,7900,0.0,0
2001-12-28,18.99,18.99,18.99,18.99,500,0.0,0
2001-12-31,18.93,18.99,18.83,18.99,2900,0.0,0
2002-01-02,18.91,18.91,18.83,18.83,1000,0.0,0
2002-01-03,18.76,18.79,18.55,18.55,4800,0.0,0
2002-01-04,18.66,19.03,18.66,19.03,3300,0.0,0
2002-01-07,18.86,18.86,18.8,18.86,6800,0.0,0
2002-01-08,18.86,19.32,18.86,19.19,6900,0.0,0
2002-01-09,19.13,19.26,19.13,19.26,3100,0.0,0
2002-01-10,19.23,19.23,19.22,19.23,8600,0.0,0
2002-01-11,19.19,19.38,19.19,19.29,7700,0.0,0
2002-01-14,19.27,19.29,19.13,19.29,6500,0.0,0
2002-01-15,19.26,19.36,19.26,19.36,10600,0.0,0
2002-01-16,19.29,19.29,18.89,18.89,3700,0.0,0
2002-01-17,18.79,18.79,18.62,18.62,6400,0.0,0
2002-01-18,18.46,18.46,18.46,18.46,900,0.0,0
2002-01-22,18.56,18.59,18.46,18.46,2400,0.0,0
2002-01-23,18.46,18.49,18.46,18.49,3100,0.0,0
2002-01-24,18.46,18.46,18.46,18.46,2000,0.0,0
2002-01-25,18.39,18.46,18.22,18.46,5400,0.0,0
2002-01-28,18.52,18.52,18.52,18.52,1100,0.0,0
2002-01-29,18.46,18.46,18.32,18.32,1600,0.0,0
2002-01-30,18.49,18.66,18.25,18.59,9800,0.0,0
2002-01-31,18.56,18.56,18.56,18.56,2500,0.0,0
2002-02-01,18.52,18.59,18.52,18.59,2000,0.0,0
2002-02-04,18.52,18.52,18.19,18.19,2400,0.0,0
2002-02-05,18.19,18.19,17.91,17.91,2800,0.0,0
2002-02-06,17.92,18.06,17.92,18.04,4300,0.09,0
2002-02-07,17.91,17.91,17.91,17.91,1000,0.0,0
2002-02-08,17.91,17.91,17.91,17.91,0,0.0,0
2002-02-11,17.91,17.91,17.68,17.68,1500,0.0,0
2002-02-12,17.78,18.18,17.75,18.18,14100,0.0,0
2002-02-13,18.13,18.18,18.05,18.18,2100,0.0,0
2002-02-14,18.08,18.18,18.08,18.18,700,0.0,0
2002-02-15,18.18,18.18,18.08,18.08,600,0.0,0
2002-02-19,18.18,18.24,18.18,18.19,2600,0.0,0
2002-02-20,18.22,18.22,18.19,18.19,500,0.0,0
2002-02-21,18.15,18.15,18.15,18.15,100,0.0,0
2002-02-22,18.01,18.01,17.85,17.85,2200,0.0,0
2002-02-25,17.85,17.85,17.85,17.85,0,0.0,0
2002-02-26,17.78,17.78,17.47,17.47,4400,0.0,0
2002-02-27,17.58,17.64,17.51,17.51,3500,0.0,0
2002-02-28,17.34,17.34,17.1,17.24,3500,0.0,0
2002-03-01,17.21,17.23,17.17,17.17,2800,0.0,0
2002-03-04,17.17,17.17,17.17,17.17,0,0.0,0
2002-03-05,17.17,17.17,17.17,17.17,0,0.0,0
2002-03-06,17.1,17.21,17.0,17.21,5600,0.0,0
2002-03-07,17.24,17.24,17.17,17.17,1300,0.0,0
2002-03-08,17.17,17.17,17.17,17.17,200,0.0,0
2002-03-11,17.17,17.17,17.17,17.17,0,0.0,0
2002-03-12,17.17,17.17,17.1,17.14,3000,0.0,0
2002-03-13,17.1,17.1,17.0,17.0,1500,0.0,0
2002-03-14,17.04,17.04,17.04,17.04,100,0.0,0
2002-03-15,17.04,17.04,17.04,17.04,2200,0.0,0
2002-03-18,17.14,17.17,17.1,17.1,8800,0.0,0
2002-03-19,17.12,17.12,17.12,17.12,200,0.0,0
2002-03-20,17.1,17.1,17.1,17.1,200,0.0,0
2002-03-21,17.1,17.1,17.1,17.1,2200,0.0,0
2002-03-22,17.13,17.13,17.13,17.13,500,0.0,0
2002-03-25,17.1,17.1,17.0,17.0,1500,0.0,0
2002-03-26,16.83,16.94,16.73,16.83,14400,0.0,0
2002-03-27,16.83,16.83,16.8,16.8,10300,0.0,0
2002-03-28,16.83,16.83,16.8,16.83,12000,0.0,0
2002-04-01,16.73,16.73,16.73,16.73,200,0.0,0
2002-04-02,16.63,16.83,16.63,16.83,30100,0.0,0
2002-04-03,16.83,16.83,16.83,16.83,0,0.0,0
2002-04-04,16.73,16.73,16.73,16.73,1400,0.0,0
2002-04-05,16.73,16.77,16.73,16.77,9200,0.0,0
2002-04-08,16.87,16.87,16.87,16.87,2500,0.0,0
2002-04-09,16.73,16.81,16.73,16.77,6500,0.0,0
2002-04-10,16.73,16.83,16.73,16.83,1800,0.0,0
2002-04-11,16.87,16.87,16.77,16.87,7800,0.0,0
2002-04-12,16.83,16.97,16.7,16.97,9200,0.0,0
2002-04-15,17.07,17.31,16.7,16.7,29100,0.0,0
2002-04-16,16.83,16.97,16.83,16.97,4400,0.0,0
2002-04-17,17.0,17.21,17.0,17.21,5000,0.0,0
2002-04-18,17.14,17.14,17.0,17.04,2600,0.0,0
2002-04-19,17.08,17.08,16.83,16.83,1200,0.0,0
2002-04-22,16.7,16.7,16.7,16.7,600,0.0,0
2002-04-23,16.6,16.6,16.57,16.57,700,0.0,0
2002-04-24,16.51,16.51,16.01,16.01,7300,0.0,0
2002-04-25,16.03,16.06,15.7,15.7,23700,0.0,0
2002-04-26,15.82,16.06,15.82,16.06,1500,0.0,0
2002-04-29,15.99,15.99,15.99,15.99,500,0.0,0
2002-04-30,16.03,16.09,16.03,16.03,8000,0.0,0
2002-05-01,16.03,16.03,16.03,16.03,0,0.09,0
2002-05-02,16.09,16.09,16.09,16.09,100,0.0,0
2002-05-03,16.09,16.09,16.09,16.09,2500,0.0,0
2002-05-06,16.09,16.16,16.05,16.05,13500,0.0,0
2002-05-07,16.05,16.05,16.05,16.05,0,0.0,0
2002-05-08,16.05,16.05,16.05,16.05,200,0.0,0
2002-05-09,16.05,16.05,16.02,16.02,5400,0.0,0
2002-05-10,16.05,16.05,16.02,16.02,3400,0.0,0
2002-05-13,16.02,16.19,16.02,16.19,15000,0.0,0
2002-05-14,16.26,16.26,16.05,16.07,4400,0.0,0
2002-05-15,16.12,16.16,16.04,16.14,1900,0.0,0
2002-05-16,16.16,16.16,16.09,16.16,2600,0.0,0
2002-05-17,16.16,16.16,16.09,16.11,400,0.0,0
2002-05-20,16.05,16.05,16.05,16.05,500,0.0,0
2002-05-21,16.02,16.18,15.92,16.13,18700,0.0,0
2002-05-22,16.21,16.21,16.15,16.19,3900,0.0,0
2002-05-23,16.22,16.22,16.22,16.22,2200,0.0,0
2002-05-24,16.16,16.22,15.99,16.22,5100,0.0,0
2002-05-28,16.18,16.18,16.18,16.18,500,0.0,0
2002-05-29,16.19,16.19,16.19,16.19,500,0.0,0
2002-05-30,16.11,16.22,16.05,16.22,5000,0.0,0
2002-05-31,16.22,16.22,16.22,16.22,200,0.0,0
2002-06-03,16.22,16.22,16.22,16.22,800,0.0,0
2002-06-04,16.09,16.18,16.02,16.11,3000,0.0,0
2002-06-05,16.19,16.36,16.19,16.32,2400,0.0,0
2002-06-06,16.32,16.32,16.29,16.29,700,0.0,0
2002-06-07,16.29,16.29,16.12,16.12,700,0.0,0
2002-06-10,16.16,16.26,16.16,16.23,1500,0.0,0
2002-06-11,16.26,16.26,16.16,16.16,800,0.0,0
2002-06-12,16.16,16.16,15.94,15.94,900,0.0,0
2002-06-13,15.88,15.88,15.55,15.55,2000,0.0,0
2002-06-14,15.45,15.45,14.99,15.07,20200,0.0,0
2002-06-17,14.97,15.11,14.8,14.8,16900,0.0,0
2002-06-18,14.74,14.9,14.37,14.87,42300,0.0,0
2002-06-19,14.87,14.87,14.72,14.84,44600,0.0,0
2002-06-20,14.8,14.94,14.53,14.94,30300,0.0,0
2002-06-21,14.84,14.84,14.65,14.65,17700,0.0,0
2002-06-24,14.67,14.74,14.67,14.7,10400,0.0,0
2002-06-25,14.8,14.87,14.8,14.87,6000,0.0,0
2002-06-26,14.87,14.87,14.7,14.73,14600,0.0,0
2002-06-27,14.67,14.87,14.67,14.8,29600,0.0,0
2002-06-28,14.8,14.97,14.8,14.87,5600,0.0,0
2002-07-01,14.8,14.87,14.8,14.87,1100,0.0,0
2002-07-02,14.8,15.04,14.74,15.04,7000,0.0,0
2002-07-03,14.97,14.97,14.74,14.97,8400,0.0,0
2002-07-05,14.9,14.9,14.9,14.9,500,0.0,0
2002-07-08,15.41,15.65,15.24,15.24,9700,0.0,0
2002-07-09,15.24,15.28,15.14,15.14,2400,0.0,0
2002-07-10,15.07,15.07,15.07,15.07,500,0.0,0
2002-07-11,15.14,15.14,14.95,14.95,3300,0.0,0
2002-07-12,14.87,14.87,14.8,14.87,3500,0.0,0
2002-07-15,14.8,14.8,14.71,14.71,1400,0.0,0
2002-07-16,14.67,14.67,14.03,14.03,11000,0.0,0
2002-07-17,14.09,14.2,14.09,14.2,1700,0.0,0
2002-07-18,14.22,14.22,14.22,14.22,400,0.0,0
2002-07-19,14.2,14.2,14.13,14.19,15800,0.0,0
2002-07-22,14.2,14.2,14.02,14.02,10400,0.0,0
2002-07-23,13.96,13.96,13.69,13.69,20000,0.0,0
2002-07-24,13.52,13.69,13.52,13.69,14600,0.0,0
2002-07-25,13.69,14.12,13.69,14.03,6200,0.0,0
2002-07-26,14.13,14.13,14.11,14.13,700,0.0,0
2002-07-29,14.13,14.2,14.13,14.2,1200,0.0,0
2002-07-30,14.2,14.41,14.2,14.38,5500,0.0,0
2002-07-31,14.38,14.38,14.38,14.38,0,0.09,0
2002-08-01,14.32,14.32,14.29,14.29,1200,0.0,0
2002-08-02,14.26,14.29,14.24,14.24,1900,0.0,0
2002-08-05,14.19,14.19,14.19,14.19,200,0.0,0
2002-08-06,14.12,14.12,14.12,14.12,1000,0.0,0
2002-08-07,14.05,14.05,14.05,14.05,500,0.0,0
2002-08-08,13.98,14.43,13.98,14.43,8600,0.0,0
2002-08-09,14.53,14.69,14.53,14.69,7700,0.0,0
2002-08-12,14.68,14.68,14.66,14.66,1000,0.0,0
2002-08-13,14.59,14.9,14.59,14.8,12600,0.0,0
2002-08-14,14.73,14.76,14.46,14.46,17500,0.0,0
2002-08-15,14.46,14.63,14.46,14.56,6400,0.0,0
2002-08-16,14.59,14.59,14.46,14.46,6200,0.0,0
2002-08-19,14.39,14.39,14.32,14.36,4400,0.0,0
2002-08-20,14.43,14.43,14.43,14.43,300,0.0,0
2002-08-21,14.49,14.49,14.49,14.49,5400,0.0,0
2002-08-22,14.46,15.05,14.46,15.05,15500,0.0,0
2002-08-23,15.1,15.1,14.93,14.99,2000,0.0,0
2002-08-26,14.9,14.9,14.73,14.8,6000,0.0,0
2002-08-27,14.8,14.8,14.8,14.8,0,0.0,0
2002-08-28,14.73,14.73,14.73,14.73,600,0.0,0
2002-08-29,14.67,14.8,14.66,14.78,2800,0.0,0
2002-08-30,14.93,14.93,14.92,14.92,9700,0.0,0
2002-09-03,14.87,14.87,14.73,14.73,1300,0.0,0
2002-09-04,14.7,14.7,14.7,14.7,1800,0.0,0
2002-09-05,14.76,14.76,14.76,14.76,2500,0.0,0
2002-09-06,14.87,14.89,14.76,14.87,11100,0.0,0
2002-09-09,14.93,14.93,14.8,14.85,6300,0.0,0
2002-09-10,14.93,14.93,14.83,14.83,5900,0.0,0
2002-09-11,14.83,14.87,14.83,14.87,3600,0.0,0
2002-09-12,14.85,14.93,14.83,14.93,5600,0.0,0
2002-09-13,14.87,14.87,14.87,14.87,500,0.0,0
2002-09-16,14.9,14.9,14.9,14.9,800,0.0,0
2002-09-17,14.93,14.93,14.9,14.9,3900,0.0,0
2002-09-18,14.83,14.83,14.76,14.76,2000,0.0,0
2002-09-19,14.66,14.66,14.59,14.59,2400,0.0,0
2002-09-20,14.76,14.76,14.59,14.59,7300,0.0,0
2002-09-23,14.53,14.53,14.26,14.26,31400,0.0,0
2002-09-24,14.19,14.32,14.19,14.26,15300,0.0,0
2002-09-25,14.32,14.32,14.2,14.26,7700,0.0,0
2002-09-26,14.32,14.46,14.32,14.44,6800,0.0,0
2002-09-27,14.43,14.43,14.43,14.43,2800,0.0,0
2002-09-30,14.38,14.59,14.38,14.43,5300,0.0,0
2002-10-01,14.43,14.54,14.39,14.54,2200,0.0,0
2002-10-02,14.46,14.53,14.46,14.53,1400,0.0,0
2002-10-03,14.46,14.46,14.46,14.46,1400,0.0,0
2002-10-04,14.46,14.46,14.46,14.46,0,0.0,0
2002-10-07,14.36,14.36,14.19,14.26,42600,0.0,0
2002-10-08,14.26,14.26,13.74,13.75,9400,0.0,0
2002-10-09,13.68,13.68,13.58,13.58,3500,0.0,0
2002-10-10,13.58,13.6,13.44,13.44,30600,0.0,0
2002-10-11,13.44,13.58,13.42,13.51,4700,0.0,0
2002-10-14,13.58,13.64,13.58,13.64,4700,0.0,0
2002-10-15,13.64,14.17,13.64,14.17,11000,0.0,0
2002-10-16,14.13,14.13,14.13,14.13,200,0.0,0
2002-10-17,14.05,14.19,13.92,14.19,11600,0.0,0
2002-10-18,14.05,14.09,13.92,13.92,3000,0.0,0
2002-10-21,13.85,13.88,13.6,13.63,8900,0.0,0
2002-10-22,13.64,13.64,13.61,13.64,6100,0.0,0
2002-10-23,13.64,13.71,13.61,13.71,4100,0.0,0
2002-10-24,13.81,13.81,13.81,13.81,800,0.0,0
2002-10-25,13.81,13.81,13.81,13.81,600,0.0,0
2002-10-28,13.85,14.59,13.85,14.59,7000,0.0,0
2002-10-29,14.53,14.66,14.46,14.66,3600,0.0,0
2002-10-30,14.6,14.6,14.26,14.26,5800,0.0,0
2002-10-31,14.34,14.46,14.34,14.46,2000,0.0,0
2002-11-01,14.45,14.53,14.45,14.53,800,0.0,0
2002-11-04,14.61,14.61,14.54,14.59,1600,0.0,0
2002-11-05,14.63,14.63,14.53,14.53,600,0.0,0
2002-11-06,14.53,14.66,14.52,14.66,7800,0.09,0
2002-11-07,14.72,15.03,14.72,15.03,5800,0.0,0
2002-11-08,14.98,15.0,14.69,15.0,6300,0.0,0
2002-11-11,14.96,14.96,14.76,14.76,1400,0.0,0
2002-11-12,14.69,14.69,14.55,14.55,1000,0.0,0
2002-11-13,14.53,14.66,14.48,14.66,2300,0.0,0
2002-11-14,14.76,14.77,14.72,14.76,1700,0.0,0
2002-11-15,14.69,14.69,14.66,14.66,800,0.0,0
2002-11-18,14.6,14.72,14.6,14.66,1000,0.0,0
2002-11-19,14.76,15.0,14.76,15.0,4400,0.0,0
2002-11-20,15.0,15.1,15.0,15.1,4600,0.0,0
2002-11-21,15.16,15.41,15.16,15.41,4800,0.0,0
2002-11-22,15.47,15.71,15.47,15.71,5700,0.0,0
2002-11-25,15.78,15.85,15.78,15.82,1900,0.0,0
2002-11-26,15.71,16.12,15.68,16.12,5400,0.0,0
2002-11-27,16.19,16.19,16.18,16.19,11500,0.0,0
2002-11-29,16.09,16.09,16.03,16.03,1000,0.0,0
2002-12-02,15.95,15.95,15.79,15.91,5800,0.0,0
2002-12-03,15.96,16.05,15.96,16.05,1000,0.0,0
2002-12-04,15.99,16.01,15.82,15.88,7100,0.0,0
2002-12-05,15.82,15.82,15.82,15.82,1000,0.0,0
2002-12-06,15.82,15.82,15.82,15.82,100,0.0,0
2002-12-09,15.77,15.77,15.44,15.68,15400,0.0,0
2002-12-10,15.81,17.86,15.81,17.86,30100,0.0,0
2002-12-11,18.0,19.39,17.66,17.87,106500,0.0,0
2002-12-12,17.93,18.47,17.93,18.15,20900,0.0,0
2002-12-13,18.06,18.06,17.79,17.87,5400,0.0,0
2002-12-16,17.87,17.91,17.83,17.84,5000,0.0,0
2002-12-17,17.96,17.96,17.96,17.96,700,0.0,0
2002-12-18,17.89,17.89,17.86,17.86,1400,0.0,0
2002-12-19,17.91,17.96,17.32,17.35,14000,0.0,0
2002-12-20,17.38,17.42,17.27,17.42,4800,0.0,0
2002-12-23,17.52,17.53,17.28,17.41,3200,0.0,0
2002-12-24,17.42,17.49,17.42,17.49,700,0.0,0
2002-12-26,17.49,17.49,17.49,17.49,0,0.0,0
2002-12-27,17.38,17.55,17.38,17.45,2400,0.0,0
2002-12-30,17.38,17.38,17.28,17.28,1500,0.0,0
2002-12-31,17.21,17.21,17.21,17.21,500,0.0,0
2003-01-02,17.11,17.11,16.77,16.8,9300,0.0,0
2003-01-03,16.83,16.97,16.83,16.97,1100,0.0,0
2003-01-06,16.96,17.21,16.87,17.21,2000,0.0,0
2003-01-07,17.17,17.17,16.97,17.04,1800,0.0,0
2003-01-08,16.94,16.94,16.85,16.85,1100,0.0,0
2003-01-09,16.94,17.01,16.91,16.91,4200,0.0,0
2003-01-10,16.99,17.11,16.74,17.0,6300,0.0,0
2003-01-13,16.94,16.94,16.56,16.65,7500,0.0,0
2003-01-14,16.54,16.63,16.54,16.56,2300,0.0,0
2003-01-15,16.53,16.53,16.44,16.52,2200,0.0,0
2003-01-16,16.59,16.63,16.59,16.59,600,0.0,0
2003-01-17,16.5,16.63,16.22,16.53,20900,0.0,0
2003-01-21,16.53,16.57,16.19,16.57,10300,0.0,0
2003-01-22,16.63,16.63,16.48,16.53,2100,0.0,0
2003-01-23,16.63,16.63,16.63,16.63,500,0.0,0
2003-01-24,16.57,16.57,16.39,16.57,4800,0.0,0
2003-01-27,16.57,16.57,16.29,16.36,5700,0.0,0
2003-01-28,16.43,16.43,16.36,16.36,1600,0.0,0
2003-01-29,16.3,16.36,16.17,16.24,5200,0.0,0
2003-01-30,16.22,16.35,16.22,16.35,1000,0.0,0
2003-01-31,16.31,16.31,16.17,16.17,1400,0.0,0
2003-02-03,16.16,16.16,16.02,16.02,3300,0.0,0
2003-02-04,15.95,16.09,15.85,15.9,4500,0.0,0
2003-02-05,15.84,15.84,15.68,15.68,6200,0.0,0
2003-02-06,15.76,15.85,15.73,15.78,2200,0.0,0
2003-02-07,15.78,15.78,15.78,15.78,0,0.0,0
2003-02-10,15.68,15.85,15.68,15.82,3600,0.0,0
2003-02-11,15.71,15.71,15.67,15.67,4800,0.0,0
2003-02-12,15.59,15.67,15.59,15.67,9000,0.09,0
2003-02-13,15.64,15.7,15.64,15.7,1000,0.0,0
2003-02-14,15.69,15.77,15.69,15.77,500,0.0,0
2003-02-18,15.81,15.82,15.8,15.8,500,0.0,0
2003-02-19,15.82,15.82,15.74,15.82,500,0.0,0
2003-02-20,15.71,15.87,15.71,15.77,4700,0.0,0
2003-02-21,15.87,16.1,15.87,16.06,3000,0.0,0
2003-02-24,16.04,16.08,16.01,16.01,1300,0.0,0
2003-02-25,15.95,15.95,15.74,15.74,4500,0.0,0
2003-02-26,15.67,15.69,15.67,15.69,500,0.0,0
2003-02-27,15.73,15.73,15.67,15.73,2400,0.0,0
2003-02-28,15.74,15.74,15.74,15.74,2000,0.0,0
2003-03-03,15.67,15.74,15.67,15.67,1200,0.0,0
2003-03-04,15.6,15.6,15.43,15.54,6400,0.0,0
2003-03-05,15.47,15.57,15.47,15.57,800,0.0,0
2003-03-06,15.57,15.57,15.54,15.54,2100,0.0,0
2003-03-07,15.54,15.56,15.5,15.56,15600,0.0,0
2003-03-10,15.5,15.51,15.5,15.5,3300,0.0,0
2003-03-11,15.45,15.54,15.29,15.29,10500,0.0,0
2003-03-12,15.23,15.23,15.12,15.13,8100,0.0,0
2003-03-13,15.11,15.26,15.1,15.26,6000,0.0,0
2003-03-14,15.33,15.5,15.33,15.41,2800,0.0,0
2003-03-17,15.38,15.4,15.33,15.4,1100,0.0,0
2003-03-18,15.4,15.4,15.4,15.4,0,0.0,0
2003-03-19,15.39,15.6,15.39,15.6,2500,0.0,0
2003-03-20,15.6,15.6,15.43,15.54,2800,0.0,0
2003-03-21,15.61,15.8,15.61,15.8,1000,0.0,0
2003-03-24,15.74,15.74,15.74,15.74,600,0.0,0
2003-03-25,15.67,15.82,15.67,15.82,4200,0.0,0
2003-03-26,15.74,15.74,15.67,15.67,3400,0.0,0
2003-03-27,15.67,15.67,15.66,15.66,300,0.0,0
2003-03-28,15.64,15.67,15.58,15.64,8200,0.0,0
2003-03-31,15.58,15.58,15.58,15.58,1000,0.0,0
2003-04-01,15.57,15.57,15.23,15.26,17400,0.0,0
2003-04-02,15.36,15.38,15.3,15.3,3500,0.0,0
2003-04-03,15.33,15.36,15.33,15.36,900,0.0,0
2003-04-04,15.4,15.41,15.4,15.41,1400,0.0,0
2003-04-07,15.41,15.41,15.33,15.36,3200,0.0,0
2003-04-08,15.26,15.47,15.26,15.47,3900,0.0,0
2003-04-09,15.47,15.47,15.38,15.4,33200,0.0,0
2003-04-10,15.44,15.88,15.44,15.87,8800,0.0,0
2003-04-11,15.77,15.77,15.7,15.73,5300,0.0,0
2003-04-14,15.7,15.71,15.64,15.68,800,0.0,0
2003-04-15,15.68,15.68,15.68,15.68,300,0.0,0
2003-04-16,15.69,15.69,15.57,15.6,3600,0.0,0
2003-04-17,15.65,15.69,15.56,15.69,2600,0.0,0
2003-04-21,15.57,15.71,15.54,15.57,7300,0.0,0
2003-04-22,15.56,15.64,15.56,15.64,22800,0.0,0
2003-04-23,15.54,15.57,15.54,15.57,3200,0.0,0
2003-04-24,15.57,15.6,15.57,15.57,17200,0.0,0
2003-04-25,15.62,15.8,15.62,15.8,7200,0.0,0
2003-04-28,15.9,16.36,15.9,16.36,8500,0.0,0
2003-04-29,16.42,16.87,16.36,16.78,8900,0.0,0
2003-04-30,16.73,16.84,16.71,16.77,4700,0.0,0
2003-05-01,16.8,16.9,16.73,16.87,2400,0.0,0
2003-05-02,16.84,17.25,16.84,17.25,6700,0.0,0
2003-05-05,17.31,17.52,17.31,17.48,7300,0.0,0
2003-05-06,17.38,17.55,17.38,17.55,2900,0.0,0
2003-05-07,17.62,17.68,17.58,17.58,2800,0.09,0
2003-05-08,17.62,17.75,17.62,17.73,2200,0.0,0
2003-05-09,17.72,17.79,17.72,17.79,1600,0.0,0
2003-05-12,17.86,18.33,17.86,18.2,10300,0.0,0
2003-05-13,18.27,18.58,18.17,18.58,6900,0.0,0
2003-05-14,18.54,18.61,18.39,18.39,14500,0.0,0
2003-05-15,18.21,18.5,18.21,18.37,10100,0.0,0
2003-05-16,18.41,18.78,18.41,18.58,8900,0.0,0
2003-05-19,18.54,18.54,18.43,18.43,2800,0.0,0
2003-05-20,18.47,18.61,18.46,18.53,5400,0.0,0
2003-05-21,18.47,18.54,18.47,18.49,7300,0.0,0
2003-05-22,18.51,18.8,18.44,18.63,9700,0.0,0
2003-05-23,18.67,18.98,18.67,18.98,3600,0.0,0
2003-05-27,18.85,18.96,18.85,18.96,3900,0.0,0
2003-05-28,18.89,19.22,18.89,19.22,2100,0.0,0
2003-05-29,19.23,19.74,19.23,19.71,5800,0.0,0
2003-05-30,19.71,20.12,19.71,20.12,6000,0.0,0
2003-06-02,20.19,20.5,20.05,20.19,23200,0.0,0
2003-06-03,20.26,20.26,19.79,19.79,10600,0.0,0
2003-06-04,19.78,19.91,19.75,19.91,17100,0.0,0
2003-06-05,19.87,19.87,19.81,19.83,1900,0.0,0
2003-06-06,19.92,19.92,19.85,19.85,400,0.0,0
2003-06-09,19.77,19.77,19.67,19.75,3700,0.0,0
2003-06-10,19.68,19.72,19.68,19.68,3000,0.0,0
2003-06-11,19.68,19.74,19.64,19.74,3400,0.0,0
2003-06-12,19.71,19.75,19.71,19.75,7400,0.0,0
2003-06-13,19.66,19.9,19.66,19.9,1600,0.0,0
2003-06-16,19.97,19.97,19.9,19.93,4500,0.0,0
2003-06-17,19.85,20.12,19.85,20.12,10600,0.0,0
2003-06-18,20.12,20.19,20.12,20.14,1200,0.0,0
2003-06-19,20.14,20.14,19.92,19.95,3500,0.0,0
2003-06-20,19.88,19.88,19.85,19.85,400,0.0,0
2003-06-23,19.77,19.77,19.4,19.47,7000,0.0,0
2003-06-24,19.33,19.39,19.26,19.39,14000,0.0,0
2003-06-25,19.39,19.47,19.33,19.39,6800,0.0,0
2003-06-26,19.33,19.37,19.24,19.37,9800,0.0,0
2003-06-27,19.33,19.33,19.26,19.31,10000,0.0,0
2003-06-30,19.24,19.24,19.16,19.2,7600,0.0,0
2003-07-01,19.13,19.15,19.09,19.11,1600,0.0,0
2003-07-02,19.09,19.09,19.0,19.0,1100,0.0,0
2003-07-03,18.96,19.0,18.96,18.98,1500,0.0,0
2003-07-07,18.89,18.89,18.75,18.77,3200,0.0,0
2003-07-08,18.7,18.74,18.7,18.74,700,0.0,0
2003-07-09,18.68,18.74,18.52,18.54,11400,0.0,0
2003-07-10,18.47,18.54,17.99,17.99,6200,0.0,0
2003-07-11,18.06,18.16,18.06,18.16,1700,0.0,0
2003-07-14,18.21,18.33,18.2,18.21,15800,0.0,0
2003-07-15,18.13,18.13,17.99,18.06,1900,0.0,0
2003-07-16,17.99,18.09,17.72,18.03,12600,0.0,0
2003-07-17,18.03,18.03,18.03,18.03,0,0.0,0
2003-07-18,17.96,17.96,17.77,17.79,2800,0.0,0
2003-07-21,17.79,17.81,17.64,17.81,6100,0.0,0
2003-07-22,17.75,17.75,17.51,17.68,9600,0.0,0
2003-07-23,17.68,17.73,17.62,17.62,3400,0.0,0
2003-07-24,17.65,18.09,17.62,18.09,10600,0.0,0
2003-07-25,18.26,18.82,18.26,18.79,7400,0.0,0
2003-07-28,18.93,19.22,18.91,19.16,8500,0.0,0
2003-07-29,19.15,19.33,19.15,19.19,3400,0.0,0
2003-07-30,19.23,19.23,19.07,19.09,2700,0.0,0
2003-07-31,19.08,19.08,19.06,19.07,1100,0.0,0
2003-08-01,19.06,19.09,19.03,19.03,8700,0.0,0
2003-08-04,18.99,19.0,18.6,18.6,4400,0.0,0
2003-08-05,18.68,18.75,18.62,18.62,9900,0.0,0
2003-08-06,18.65,18.74,18.65,18.67,3400,0.09,0
2003-08-07,18.6,18.71,18.6,18.69,10000,0.0,0
2003-08-08,18.67,18.7,18.67,18.7,1600,0.0,0
2003-08-11,18.75,19.13,18.75,19.05,6700,0.0,0
2003-08-12,19.09,19.33,19.05,19.29,5700,0.0,0
2003-08-13,19.36,20.19,19.36,19.36,18300,0.0,0
2003-08-14,19.29,19.65,19.19,19.65,7000,0.0,0
2003-08-15,19.65,19.65,19.65,19.65,0,0.0,0
2003-08-18,19.57,19.78,19.5,19.74,5200,0.0,0
2003-08-19,19.78,19.78,19.77,19.77,200,0.0,0
2003-08-20,19.77,19.77,19.29,19.5,6900,0.0,0
2003-08-21,19.4,19.4,19.29,19.32,5400,0.0,0
2003-08-22,19.29,19.36,19.29,19.34,1300,0.0,0
2003-08-25,19.29,19.36,19.29,19.31,11100,0.0,0
2003-08-26,19.36,19.71,19.32,19.71,5500,0.0,0
2003-08-27,19.78,19.91,19.71,19.85,6700,0.0,0
2003-08-28,19.8,19.86,19.78,19.78,1800,0.0,0
2003-08-29,19.73,19.78,19.73,19.78,2800,0.0,0
2003-09-02,19.85,19.85,19.85,19.85,300,0.0,0
2003-09-03,19.78,19.85,19.67,19.78,8500,0.0,0
2003-09-04,19.74,19.75,19.57,19.61,26500,0.0,0
2003-09-05,19.47,19.57,19.46,19.57,17100,0.0,0
2003-09-08,19.51,19.51,19.39,19.42,1800,0.0,0
2003-09-09,19.47,19.47,19.36,19.36,5800,0.0,0
2003-09-10,19.42,19.47,19.4,19.44,7700,0.0,0
2003-09-11,19.47,19.47,19.47,19.47,200,0.0,0
2003-09-12,19.42,19.43,19.4,19.4,2400,0.0,0
2003-09-15,19.4,19.4,19.4,19.4,200,0.0,0
2003-09-16,19.29,19.43,19.23,19.43,5300,0.0,0
2003-09-17,19.47,19.49,19.43,19.49,1600,0.0,0
2003-09-18,19.5,19.51,19.44,19.51,3700,0.0,0
2003-09-19,19.54,19.67,19.54,19.64,6500,0.0,0
2003-09-22,19.71,19.71,19.69,19.69,10500,0.0,0
2003-09-23,19.66,19.66,19.6,19.6,1600,0.0,0
2003-09-24,19.69,19.78,19.69,19.78,2400,0.0,0
2003-09-25,19.81,19.85,19.67,19.85,6500,0.0,0
2003-09-26,19.81,20.12,19.8,20.12,27400,0.0,0
2003-09-29,20.16,20.16,20.05,20.07,4500,0.0,0
2003-09-30,20.09,20.12,20.05,20.07,6600,0.0,0
2003-10-01,20.15,20.22,20.09,20.13,1600,0.0,0
2003-10-02,20.2,20.33,20.16,20.29,8600,0.0,0
2003-10-03,20.24,20.43,20.19,20.43,4700,0.0,0
2003-10-06,20.33,20.33,20.33,20.33,700,0.0,0
2003-10-07,20.26,20.26,20.16,20.22,9400,0.0,0
2003-10-08,20.32,20.33,20.32,20.33,600,0.0,0
2003-10-09,20.22,20.23,20.22,20.22,2000,0.0,0
2003-10-10,20.35,20.36,20.35,20.36,1700,0.0,0
2003-10-13,20.26,20.36,20.23,20.33,4900,0.0,0
2003-10-14,20.36,20.91,20.36,20.91,9100,0.0,0
2003-10-15,20.95,21.12,20.93,20.95,8400,0.0,0
2003-10-16,21.02,21.18,21.02,21.18,2500,0.0,0
2003-10-17,21.18,21.56,21.05,21.53,9700,0.0,0
2003-10-20,21.57,21.88,21.57,21.88,4400,0.0,0
2003-10-21,22.0,23.19,22.0,23.15,34300,0.0,0
2003-10-22,23.22,23.36,23.22,23.26,14700,0.0,0
2003-10-23,23.26,23.26,23.08,23.08,4500,0.0,0
2003-10-24,23.17,23.3,23.12,23.13,6200,0.0,0
2003-10-27,23.19,23.21,23.13,23.13,8300,0.0,0
2003-10-28,23.15,23.19,23.13,23.19,3600,0.0,0
2003-10-29,23.22,23.32,23.22,23.28,1900,0.0,0
2003-10-30,23.39,23.56,23.39,23.56,7900,0.0,0
2003-10-31,23.53,23.53,23.29,23.37,6600,0.0,0
2003-11-03,23.43,23.5,23.39,23.49,4000,0.0,0
2003-11-04,23.5,23.94,23.48,23.81,9100,0.0,0
2003-11-05,23.84,24.01,23.84,23.94,9600,0.09,0
2003-11-06,23.9,23.94,23.84,23.84,20000,0.0,0
2003-11-07,23.84,23.84,23.84,23.84,100,0.0,0
2003-11-10,23.9,23.94,23.89,23.94,3200,0.0,0
2003-11-11,23.94,23.94,23.87,23.9,900,0.0,0
2003-11-12,23.94,24.03,23.94,23.97,2900,0.0,0
2003-11-13,24.01,24.1,24.01,24.04,4000,0.0,0
2003-11-14,24.11,24.11,24.07,24.07,1000,0.0,0
2003-11-17,24.04,24.04,23.97,23.99,6000,0.0,0
2003-11-18,24.01,24.08,23.94,24.08,5400,0.0,0
2003-11-19,24.04,24.04,23.89,23.89,4800,0.0,0
2003-11-20,23.87,23.9,23.87,23.87,2800,0.0,0
2003-11-21,23.8,23.84,23.8,23.84,1100,0.0,0
2003-11-24,23.87,23.9,23.86,23.88,5200,0.0,0
2003-11-25,23.86,23.9,23.84,23.84,15600,0.0,0
2003-11-26,23.87,24.18,23.87,24.18,17700,0.0,0
2003-11-28,24.18,24.22,24.18,24.22,2000,0.0,0
2003-12-01,24.22,24.22,24.15,24.17,5400,0.0,0
2003-12-02,24.18,24.19,24.08,24.18,5400,0.0,0
2003-12-03,24.1,24.18,24.1,24.18,7800,0.0,0
2003-12-04,24.21,24.25,24.11,24.11,9700,0.0,0
2003-12-05,24.18,24.24,24.18,24.24,700,0.0,0
2003-12-08,24.2,24.21,24.11,24.18,6000,0.0,0
2003-12-09,24.18,24.18,24.11,24.11,400,0.0,0
2003-12-10,24.08,24.08,23.98,23.99,4200,0.0,0
2003-12-11,23.94,23.94,23.77,23.77,11100,0.0,0
2003-12-12,23.7,23.7,23.64,23.66,1900,0.0,0
2003-12-15,23.72,23.73,23.63,23.63,3300,0.0,0
2003-12-16,23.49,23.49,23.42,23.42,3900,0.0,0
2003-12-17,23.49,23.5,23.43,23.49,1300,0.0,0
2003-12-18,23.52,23.52,23.51,23.51,200,0.0,0
2003-12-19,23.5,23.5,23.41,23.41,2400,0.0,0
2003-12-22,23.41,23.49,23.41,23.49,7300,0.0,0
2003-12-23,23.49,23.49,23.35,23.35,3300,0.0,0
2003-12-24,23.42,23.49,23.34,23.49,6400,0.0,0
2003-12-26,23.42,23.43,23.42,23.43,800,0.0,0
2003-12-29,23.41,23.41,23.35,23.35,300,0.0,0
2003-12-30,23.32,23.39,23.32,23.39,500,0.0,0
2003-12-31,23.32,23.42,23.29,23.41,3300,0.0,0
2004-01-02,23.35,23.42,23.25,23.32,4600,0.0,0
2004-01-05,23.28,23.28,23.27,23.27,2100,0.0,0
2004-01-06,23.25,23.3,23.25,23.3,1700,0.0,0
2004-01-07,23.25,23.32,23.25,23.32,900,0.0,0
2004-01-08,23.27,23.42,23.27,23.42,1100,0.0,0
2004-01-09,23.49,23.63,23.45,23.49,8100,0.0,0
2004-01-12,23.43,23.43,23.16,23.16,12100,0.0,0
2004-01-13,23.11,23.11,22.64,22.65,15100,0.0,0
2004-01-14,22.38,22.38,21.8,21.94,15500,0.0,0
2004-01-15,21.94,21.97,21.94,21.94,3500,0.0,0
2004-01-16,22.02,22.83,21.97,22.81,12600,0.0,0
2004-01-20,22.9,23.73,22.9,23.58,27700,0.0,0
2004-01-21,23.59,23.77,23.43,23.77,9300,0.0,0
2004-01-22,23.63,23.73,23.63,23.7,1300,0.0,0
2004-01-23,23.7,23.7,23.52,23.63,4600,0.0,0
2004-01-26,23.66,23.7,23.48,23.63,2300,0.0,0
2004-01-27,23.66,23.66,23.21,23.35,17200,0.0,0
2004-01-28,23.34,23.41,23.27,23.27,9500,0.0,0
2004-01-29,23.32,23.32,23.15,23.18,10200,0.0,0
2004-01-30,23.14,23.26,23.14,23.26,2700,0.0,0
2004-02-02,23.28,23.28,23.17,23.18,7800,0.0,0
2004-02-03,23.14,23.32,23.14,23.25,9900,0.0,0
2004-02-04,23.28,23.28,23.21,23.21,5000,0.09,0
2004-02-05,23.24,23.24,23.13,23.13,2800,0.0,0
2004-02-06,23.18,23.31,23.17,23.26,3500,0.0,0
2004-02-09,23.26,23.48,23.21,23.3,10700,0.0,0
2004-02-10,23.19,23.29,23.07,23.11,15100,0.0,0
2004-02-11,23.04,23.37,23.04,23.31,2700,0.0,0
2004-02-12,23.24,23.3,23.17,23.17,4000,0.0,0
2004-02-13,23.24,23.28,23.24,23.28,1000,0.0,0
2004-02-17,23.38,23.38,23.22,23.28,5300,0.0,0
2004-02-18,23.3,23.3,23.2,23.21,4800,0.0,0
2004-02-19,23.12,23.12,22.95,23.01,2500,0.0,0
2004-02-20,22.99,22.99,22.93,22.95,600,0.0,0
2004-02-23,23.03,23.03,22.83,23.03,8400,0.0,0
2004-02-24,23.03,23.03,23.02,23.02,300,0.0,0
2004-02-25,22.85,22.94,22.85,22.94,4600,0.0,0
2004-02-26,22.86,22.86,22.86,22.86,1200,0.0,0
2004-02-27,22.86,22.92,22.76,22.83,17100,0.0,0
2004-03-01,22.93,22.93,22.86,22.86,6100,0.0,0
2004-03-02,22.93,22.93,22.65,22.72,5900,0.0,0
2004-03-03,22.65,22.65,22.53,22.62,6300,0.0,0
2004-03-04,22.69,22.69,22.48,22.58,8300,0.0,0
2004-03-05,22.71,22.85,22.71,22.85,2200,0.0,0
2004-03-08,22.92,23.21,22.78,23.2,9100,0.0,0
2004-03-09,23.13,23.22,22.83,22.86,22600,0.0,0
2004-03-10,22.72,22.72,22.65,22.65,2000,0.0,0
2004-03-11,22.66,22.66,22.53,22.65,2700,0.0,0
2004-03-12,22.67,22.67,22.28,22.31,11700,0.0,0
2004-03-15,22.34,22.4,22.2,22.3,19000,0.0,0
2004-03-16,22.24,22.24,21.79,21.81,31800,0.0,0
2004-03-17,21.72,21.72,21.45,21.45,21900,0.0,0
2004-03-18,21.47,21.72,21.47,21.72,9300,0.0,0
2004-03-19,21.65,21.71,21.57,21.68,3300,0.0,0
2004-03-22,21.51,21.68,21.51,21.65,5800,0.0,0
2004-03-23,21.47,21.59,21.47,21.59,5500,0.0,0
2004-03-24,21.52,21.59,21.52,21.54,5000,0.0,0
2004-03-25,21.56,21.68,21.56,21.68,1800,0.0,0
2004-03-26,21.79,22.04,21.79,21.95,2100,0.0,0
2004-03-29,21.92,22.1,21.92,22.0,2600,0.0,0
2004-03-30,22.01,22.1,22.01,22.1,500,0.0,0
2004-03-31,21.99,22.53,21.99,22.39,15900,0.0,0
2004-04-01,22.32,22.32,22.24,22.24,1600,0.0,0
2004-04-02,22.17,22.17,22.14,22.14,700,0.0,0
2004-04-05,22.14,22.22,22.14,22.22,800,0.0,0
2004-04-06,22.16,22.26,22.16,22.22,1000,0.0,0
2004-04-07,22.29,22.31,22.28,22.28,800,0.0,0
2004-04-08,22.21,22.21,21.97,21.97,4000,0.0,0
2004-04-12,22.03,22.03,21.92,21.92,1100,0.0,0
2004-04-13,21.92,21.94,21.92,21.94,1000,0.0,0
2004-04-14,21.96,21.97,21.96,21.97,1800,0.0,0
2004-04-15,21.96,21.96,21.81,21.81,4100,0.0,0
2004-04-16,21.82,21.83,21.82,21.83,1400,0.0,0
2004-04-19,21.83,21.83,21.67,21.75,3500,0.0,0
2004-04-20,21.68,21.68,21.47,21.47,7900,0.0,0
2004-04-21,21.36,21.36,21.16,21.2,6200,0.0,0
2004-04-22,21.26,21.26,21.16,21.22,5200,0.0,0
2004-04-23,21.16,21.31,21.13,21.3,3600,0.0,0
2004-04-26,21.27,21.41,21.2,21.41,6400,0.0,0
2004-04-27,21.34,21.6,21.34,21.6,3800,0.0,0
2004-04-28,21.5,21.51,21.34,21.51,3000,0.0,0
2004-04-29,21.37,21.37,21.13,21.13,5200,0.0,0
2004-04-30,21.13,21.32,21.1,21.27,1900,0.0,0
2004-05-03,21.2,21.31,21.14,21.2,3300,0.0,0
2004-05-04,21.13,21.13,21.03,21.06,700,0.0,0
2004-05-05,21.12,21.16,21.12,21.16,700,0.09,0
2004-05-06,21.18,21.18,21.05,21.18,1300,0.0,0
2004-05-07,21.12,21.14,20.84,20.85,4700,0.0,0
2004-05-10,20.84,20.84,20.43,20.5,1500,0.0,0
2004-05-11,20.36,20.59,20.36,20.43,8200,0.0,0
2004-05-12,20.36,20.37,20.14,20.14,3000,0.0,0
2004-05-13,20.15,20.15,19.91,19.91,1400,0.0,0
2004-05-14,19.73,19.87,19.45,19.87,2800,0.0,0
2004-05-17,19.84,19.84,19.54,19.54,2800,0.0,0
2004-05-18,19.37,19.45,19.04,19.04,6900,0.0,0
2004-05-19,19.1,19.45,19.1,19.34,2600,0.0,0
2004-05-20,19.35,19.35,19.21,19.31,1100,0.0,0
2004-05-21,19.21,19.21,19.21,19.21,200,0.0,0
2004-05-24,19.11,19.21,18.95,18.95,1200,0.0,0
2004-05-25,18.9,18.9,18.22,18.47,9500,0.0,0
2004-05-26,18.47,18.75,18.47,18.75,2000,0.0,0
2004-05-27,18.76,19.09,18.75,18.79,4600,0.0,0
2004-05-28,18.74,18.74,18.44,18.61,5000,0.0,0
2004-06-01,18.41,18.41,18.35,18.41,4400,0.0,0
2004-06-02,18.45,18.56,18.25,18.3,8800,0.0,0
2004-06-03,18.47,18.55,18.47,18.55,1900,0.0,0
2004-06-04,18.65,18.94,18.65,18.93,12500,0.0,0
2004-06-07,19.0,19.63,18.97,19.63,8100,0.0,0
2004-06-08,19.57,19.57,19.35,19.35,5200,0.0,0
2004-06-09,19.35,19.42,19.27,19.27,1700,0.0,0
2004-06-10,19.18,19.25,19.18,19.25,2100,0.0,0
2004-06-14,19.23,19.23,19.03,19.03,1000,0.0,0
2004-06-15,19.11,19.31,19.11,19.2,4200,0.0,0
2004-06-16,19.2,19.2,19.2,19.2,0,0.0,0
2004-06-17,19.2,19.23,19.19,19.22,1700,0.0,0
2004-06-18,19.3,19.42,19.29,19.38,3900,0.0,0
2004-06-21,19.45,19.45,19.45,19.45,400,0.0,0
2004-06-22,19.28,19.45,19.28,19.43,11600,0.0,0
2004-06-23,19.38,19.38,19.25,19.38,1000,0.0,0
2004-06-24,19.14,19.38,19.09,19.3,3700,0.0,0
2004-06-25,19.18,19.36,19.15,19.36,2600,0.0,0
2004-06-28,19.25,19.26,19.03,19.2,3100,0.0,0
2004-06-29,19.13,19.2,19.13,19.18,1900,0.0,0
2004-06-30,19.27,19.3,19.22,19.29,2100,0.0,0
2004-07-01,19.2,19.31,19.04,19.17,3800,0.0,0
2004-07-02,19.25,19.27,19.25,19.27,3500,0.0,0
2004-07-06,19.22,19.22,19.09,19.13,6700,0.0,0
2004-07-07,19.18,19.25,19.1,19.1,2900,0.0,0
2004-07-08,19.08,19.25,18.98,19.09,6800,0.0,0
2004-07-09,18.99,19.0,18.8,18.8,7500,0.0,0
2004-07-12,18.69,18.72,18.69,18.69,600,0.0,0
2004-07-13,18.56,18.66,18.48,18.66,1700,0.0,0
2004-07-14,18.54,18.54,18.24,18.25,6200,0.0,0
2004-07-15,18.24,18.24,17.99,18.14,3100,0.0,0
2004-07-16,18.08,18.13,18.08,18.13,500,0.0,0
2004-07-19,18.12,18.22,18.12,18.14,3800,0.0,0
2004-07-20,18.0,18.12,18.0,18.06,4100,0.0,0
2004-07-21,17.96,17.98,17.86,17.9,2700,0.0,0
2004-07-22,17.84,17.84,17.57,17.72,4200,0.0,0
2004-07-23,17.72,17.72,17.09,17.35,20300,0.0,0
2004-07-26,17.27,17.27,16.67,16.68,11000,0.0,0
2004-07-27,16.74,16.74,16.66,16.67,3800,0.0,0
2004-07-28,16.57,16.57,16.17,16.22,12900,0.0,0
2004-07-29,16.15,16.19,15.77,16.02,16200,0.0,0
2004-07-30,16.03,16.47,16.03,16.41,6700,0.0,0
2004-08-02,16.44,16.54,16.43,16.53,6100,0.0,0
2004-08-03,16.54,16.59,16.5,16.51,6200,0.0,0
2004-08-04,16.64,16.64,16.56,16.56,1800,0.09,0
2004-08-05,16.56,16.57,16.56,16.57,400,0.0,0
2004-08-06,16.58,16.59,16.49,16.5,4500,0.0,0
2004-08-09,16.46,16.47,16.46,16.47,6700,0.0,0
2004-08-10,16.49,16.68,16.49,16.68,1000,0.0,0
2004-08-11,16.66,16.84,16.56,16.6,9400,0.0,0
2004-08-12,16.49,16.54,16.49,16.54,1100,0.0,0
2004-08-13,16.64,16.7,16.64,16.7,6300,0.0,0
2004-08-16,16.81,16.81,16.7,16.7,1400,0.0,0
2004-08-17,16.6,16.7,16.56,16.7,5800,0.0,0
2004-08-18,16.6,16.84,16.6,16.84,1400,0.0,0
2004-08-19,16.67,16.76,16.67,16.76,1600,0.0,0
2004-08-20,16.86,16.9,16.74,16.83,3500,0.0,0
2004-08-23,16.74,16.74,16.56,16.63,1900,0.0,0
2004-08-24,16.5,16.6,16.49,16.6,2300,0.0,0
2004-08-25,16.51,16.56,16.49,16.52,24200,0.0,0
2004-08-26,16.48,16.49,16.48,16.49,5000,0.0,0
2004-08-27,16.49,16.49,16.36,16.36,11900,0.0,0
2004-08-30,16.34,16.37,16.34,16.37,2400,0.0,0
2004-08-31,16.3,16.41,16.3,16.4,600,0.0,0
2004-09-01,16.38,16.46,16.38,16.44,5400,0.0,0
2004-09-02,16.49,16.55,16.49,16.54,1600,0.0,0
2004-09-03,16.53,16.53,16.52,16.53,4100,0.0,0
2004-09-07,16.54,16.71,16.53,16.54,5000,0.0,0
2004-09-08,16.51,16.58,16.49,16.53,1400,0.0,0
2004-09-09,16.54,16.55,16.54,16.54,2500,0.0,0
2004-09-10,16.53,16.53,16.53,16.53,700,0.0,0
2004-09-13,16.46,16.52,16.4,16.45,2200,0.0,0
2004-09-14,16.39,16.48,16.38,16.48,10200,0.0,0
2004-09-15,16.48,16.5,16.4,16.49,4800,0.0,0
2004-09-16,16.52,16.56,16.49,16.49,1100,0.0,0
2004-09-17,16.49,16.49,16.49,16.49,0,0.0,0
2004-09-20,16.49,16.49,16.35,16.45,6700,0.0,0
2004-09-21,16.39,16.45,16.37,16.45,16200,0.0,0
2004-09-22,16.46,16.52,16.46,16.48,6000,0.0,0
2004-09-23,16.53,16.63,16.53,16.54,1300,0.0,0
2004-09-24,16.6,16.61,16.53,16.54,2200,0.0,0
2004-09-27,16.51,16.55,16.51,16.52,3400,0.0,0
2004-09-28,16.5,16.52,16.5,16.52,900,0.0,0
2004-09-29,16.54,16.62,16.54,16.62,4400,0.0,0
2004-09-30,16.65,16.68,16.61,16.61,500,0.0,0
2004-10-01,16.55,16.55,16.33,16.33,1700,0.0,0
2004-10-04,16.4,16.42,15.55,15.62,10700,0.0,0
2004-10-05,15.62,15.62,15.59,15.59,3100,0.0,0
2004-10-06,15.55,15.57,15.53,15.55,7900,0.0,0
2004-10-07,15.52,15.55,15.52,15.53,1200,0.0,0
2004-10-08,15.57,15.59,15.57,15.59,500,0.0,0
2004-10-11,15.52,15.52,15.38,15.51,1000,0.0,0
2004-10-12,15.34,15.41,15.24,15.24,8500,0.0,0
2004-10-13,15.2,15.27,15.14,15.2,1800,0.0,0
2004-10-14,15.27,15.27,15.27,15.27,600,0.0,0
2004-10-15,15.34,15.34,15.18,15.27,2100,0.0,0
2004-10-18,15.27,15.27,15.27,15.27,0,0.0,0
2004-10-19,15.17,15.2,15.07,15.17,3700,0.0,0
2004-10-20,15.15,15.19,14.82,14.97,14900,0.0,0
2004-10-21,14.96,15.13,14.93,15.06,9400,0.0,0
2004-10-22,14.96,14.97,14.92,14.97,1700,0.0,0
2004-10-25,14.97,15.17,14.97,14.99,5800,0.0,0
2004-10-26,15.04,15.17,14.98,15.17,1800,0.0,0
2004-10-27,15.06,15.17,14.96,14.97,4100,0.0,0
2004-10-28,14.98,15.66,14.98,15.66,8900,0.0,0
2004-10-29,15.76,16.04,15.76,15.87,8200,0.0,0
2004-11-01,15.83,15.87,15.46,15.46,15600,0.0,0
2004-11-02,15.47,15.48,15.34,15.34,2000,0.0,0
2004-11-03,15.35,15.77,15.35,15.77,10400,0.09,0
2004-11-04,15.65,15.81,15.62,15.68,7500,0.0,0
2004-11-05,15.58,15.76,15.58,15.76,400,0.0,0
2004-11-08,15.8,15.86,15.76,15.86,5300,0.0,0
2004-11-09,15.86,15.91,15.86,15.91,400,0.0,0
2004-11-10,15.84,16.32,15.84,16.32,7600,0.0,0
2004-11-11,16.39,16.91,16.39,16.91,10700,0.0,0
2004-11-12,16.98,17.16,16.81,17.16,6100,0.0,0
2004-11-15,17.32,17.34,17.3,17.3,2600,0.0,0
2004-11-16,17.37,17.47,17.37,17.47,2700,0.0,0
2004-11-17,17.47,17.99,17.47,17.99,8300,0.0,0
2004-11-18,18.06,18.14,17.72,17.89,10300,0.0,0
2004-11-19,18.07,18.43,18.07,18.38,10800,0.0,0
2004-11-22,18.4,18.56,18.4,18.56,1800,0.0,0
2004-11-23,18.56,18.56,18.42,18.56,3200,0.0,0
2004-11-24,18.52,18.59,18.52,18.56,2400,0.0,0
2004-11-26,18.49,18.91,18.49,18.77,7900,0.0,0
2004-11-29,18.84,18.84,18.62,18.62,1700,0.0,0
2004-11-30,18.63,18.74,18.63,18.74,4000,0.0,0
2004-12-01,18.56,18.84,18.52,18.84,7100,0.0,0
2004-12-02,18.73,18.75,18.56,18.61,4100,0.0,0
2004-12-03,18.35,18.51,18.35,18.51,2500,0.0,0
2004-12-06,18.44,18.45,18.14,18.22,7900,0.0,0
2004-12-07,18.14,18.14,18.03,18.07,1700,0.0,0
2004-12-08,18.0,18.0,17.72,17.74,9400,0.0,0
2004-12-09,17.79,17.91,17.72,17.85,2400,0.0,0
2004-12-10,17.91,17.93,17.77,17.78,3700,0.0,0
2004-12-13,17.77,17.77,17.77,17.77,100,0.0,0
2004-12-14,17.77,17.77,17.77,17.77,0,0.0,0
2004-12-15,17.7,17.77,17.4,17.77,5100,0.0,0
2004-12-16,17.72,17.72,17.51,17.58,5300,0.0,0
2004-12-17,17.59,17.69,17.59,17.65,2600,0.0,0
2004-12-20,17.65,18.22,17.65,18.22,7000,0.0,0
2004-12-21,18.16,18.39,17.96,18.35,6200,0.0,0
2004-12-22,18.28,18.28,18.14,18.23,6200,0.0,0
2004-12-23,18.21,18.56,18.18,18.53,9100,0.0,0
2004-12-27,18.35,18.35,18.14,18.17,5100,0.0,0
2004-12-28,18.17,18.17,17.82,17.91,10700,0.0,0
2004-12-29,17.91,18.01,17.86,17.89,4400,0.0,0
2004-12-30,17.94,18.19,17.89,18.12,7600,0.0,0
2004-12-31,18.21,18.21,17.87,17.88,1600,0.0,0
2005-01-03,17.74,17.74,17.65,17.65,300,0.0,0
2005-01-04,17.7,17.72,17.61,17.61,2700,0.0,0
2005-01-05,17.61,17.86,17.51,17.51,12400,0.0,0
2005-01-06,17.19,17.26,16.81,17.0,20900,0.0,0
2005-01-07,17.1,17.12,16.88,16.95,4200,0.0,0
2005-01-10,16.88,16.93,16.84,16.93,3600,0.0,0
2005-01-11,17.02,17.08,16.99,17.08,1400,0.0,0
2005-01-12,17.26,17.35,17.26,17.32,2200,0.0,0
2005-01-13,17.25,17.25,17.18,17.18,800,0.0,0
2005-01-14,17.12,17.19,17.0,17.17,1800,0.0,0
2005-01-18,17.1,17.1,17.07,17.07,500,0.0,0
2005-01-19,17.14,17.16,16.94,16.95,4300,0.0,0
2005-01-20,16.97,17.2,16.92,17.2,4000,0.0,0
2005-01-21,17.16,17.3,17.16,17.16,2900,0.0,0
2005-01-24,17.23,17.23,16.98,17.09,5800,0.0,0
2005-01-25,17.05,17.05,16.95,16.99,3800,0.0,0
2005-01-26,16.99,16.99,16.92,16.92,28800,0.0,0
2005-01-27,16.84,16.84,16.79,16.79,1600,0.0,0
2005-01-28,16.72,16.98,16.63,16.98,13000,0.0,0
2005-01-31,16.98,17.02,16.98,17.02,1600,0.0,0
2005-02-01,17.05,17.26,17.05,17.19,4200,0.0,0
2005-02-02,17.23,17.37,17.23,17.36,2700,0.0,0
2005-02-03,17.36,17.36,17.36,17.36,0,0.0,0
2005-02-04,17.33,17.33,17.3,17.3,3400,0.0,0
2005-02-07,17.3,17.4,17.3,17.37,2100,0.0,0
2005-02-08,17.51,17.51,17.42,17.42,1400,0.0,0
2005-02-09,17.4,17.56,17.36,17.56,1800,0.09,0
2005-02-10,17.63,17.7,17.63,17.64,28900,0.0,0
2005-02-11,17.61,17.61,17.61,17.61,100,0.0,0
2005-02-14,17.68,17.71,17.68,17.71,800,0.0,0
2005-02-15,17.78,17.87,17.77,17.77,1100,0.0,0
2005-02-16,17.71,17.71,17.56,17.56,3900,0.0,0
2005-02-17,17.56,17.56,16.86,16.86,3100,0.0,0
2005-02-18,16.79,16.86,16.69,16.86,4500,0.0,0
2005-02-22,16.73,16.73,16.62,16.62,1900,0.0,0
2005-02-23,16.55,16.76,16.52,16.75,5200,0.0,0
2005-02-24,16.69,16.78,16.69,16.78,5200,0.0,0
2005-02-25,16.69,16.69,16.38,16.38,7400,0.0,0
2005-02-28,16.31,16.35,16.17,16.35,11900,0.0,0
2005-03-01,16.28,16.28,16.17,16.17,4500,0.0,0
2005-03-02,16.09,16.13,16.02,16.05,12700,0.0,0
2005-03-03,16.01,16.07,16.0,16.07,5900,0.0,0
2005-03-04,16.07,16.07,16.07,16.07,0,0.0,0
2005-03-07,16.28,16.28,16.28,16.28,200,0.0,0
2005-03-08,16.34,16.47,16.34,16.41,1700,0.0,0
2005-03-09,16.35,16.48,16.35,16.48,2100,0.0,0
2005-03-10,16.52,16.52,16.41,16.51,5000,0.0,0
2005-03-11,16.43,16.44,16.43,16.44,600,0.0,0
2005-03-14,16.37,16.43,16.37,16.38,2900,0.0,0
2005-03-15,16.52,16.52,16.43,16.43,3100,0.0,0
2005-03-16,16.43,16.43,16.43,16.43,0,0.0,0
2005-03-17,16.38,16.38,16.38,16.38,800,0.0,0
2005-03-18,16.38,16.64,16.34,16.45,12500,0.0,0
2005-03-21,16.45,16.45,16.45,16.45,0,0.0,0
2005-03-22,16.51,16.51,16.27,16.28,2600,0.0,0
2005-03-23,16.14,16.14,16.07,16.07,1800,0.0,0
2005-03-24,15.81,15.93,15.81,15.92,11100,0.0,0
2005-03-28,15.92,15.92,15.92,15.92,400,0.0,0
2005-03-29,15.67,15.72,15.48,15.72,5300,0.0,0
2005-03-30,15.74,15.74,15.5,15.63,4400,0.0,0
2005-03-31,15.58,15.7,15.58,15.6,4000,0.0,0
2005-04-01,15.57,15.57,15.57,15.57,11400,0.0,0
2005-04-04,15.57,15.71,15.47,15.53,21200,0.0,0
2005-04-05,15.62,15.72,15.57,15.6,3400,0.0,0
2005-04-06,15.67,15.77,15.67,15.77,800,0.0,0
2005-04-07,15.83,16.09,15.6,16.09,14500,0.0,0
2005-04-08,16.09,16.09,15.92,16.04,4000,0.0,0
2005-04-11,15.88,16.5,15.88,16.3,5400,0.0,0
2005-04-12,16.24,16.48,16.24,16.31,5900,0.0,0
2005-04-13,16.19,16.35,16.16,16.16,2600,0.0,0
2005-04-14,16.03,16.09,15.82,15.82,5300,0.0,0
2005-04-15,15.75,15.87,15.75,15.76,1600,0.0,0
2005-04-18,15.7,15.88,15.7,15.88,5100,0.0,0
2005-04-19,15.78,15.83,15.78,15.82,700,0.0,0
2005-04-20,15.63,15.63,15.24,15.24,5000,0.0,0
2005-04-21,15.03,15.33,14.97,14.98,9900,0.0,0
2005-04-22,14.97,15.04,14.86,14.94,9500,0.0,0
2005-04-25,15.01,15.01,14.56,14.59,8300,0.0,0
2005-04-26,14.42,14.48,14.34,14.34,6800,0.0,0
2005-04-27,14.3,14.3,13.95,14.23,13600,0.0,0
2005-04-28,14.16,14.19,14.06,14.18,16500,0.0,0
2005-04-29,14.18,14.29,13.97,14.27,17500,0.0,0
2005-05-02,14.34,14.73,14.34,14.58,5600,0.0,0
2005-05-03,14.38,14.44,14.38,14.43,9600,0.0,0
2005-05-04,14.49,14.53,14.4,14.49,7500,0.09,0
2005-05-05,14.51,14.51,13.97,13.98,4700,0.0,0
2005-05-06,14.05,14.19,13.99,14.17,3700,0.0,0
2005-05-09,14.12,14.17,13.63,14.12,15800,0.0,0
2005-05-10,14.05,14.12,13.94,13.98,1900,0.0,0
2005-05-11,13.92,13.98,13.91,13.97,2000,0.0,0
2005-05-12,14.08,14.16,14.03,14.05,1500,0.0,0
2005-05-13,14.01,14.02,13.87,13.87,3100,0.0,0
2005-05-16,13.87,13.91,13.61,13.91,7000,0.0,0
2005-05-17,14.11,14.11,13.77,13.77,13000,0.0,0
2005-05-18,13.84,13.84,13.79,13.79,200,0.0,0
2005-05-19,13.96,14.09,13.96,14.09,1700,0.0,0
2005-05-20,14.09,14.19,14.09,14.19,300,0.0,0
2005-05-23,14.12,14.12,14.12,14.12,100,0.0,0
2005-05-24,14.22,14.22,14.16,14.19,4200,0.0,0
2005-05-25,14.25,14.25,14.16,14.16,1600,0.0,0
2005-05-26,14.09,14.09,14.09,14.09,2500,0.0,0
2005-05-27,14.14,14.29,14.13,14.22,6700,0.0,0
2005-05-31,14.19,14.44,14.19,14.39,6100,0.0,0
2005-06-01,14.21,14.47,14.21,14.41,10700,0.0,0
2005-06-02,14.46,14.46,14.41,14.42,4100,0.0,0
2005-06-03,14.58,14.86,14.58,14.86,1600,0.0,0
2005-06-06,14.81,14.82,14.81,14.82,1900,0.0,0
2005-06-07,14.8,14.8,14.8,14.8,500,0.0,0
2005-06-08,14.8,14.8,14.8,14.8,300,0.0,0
2005-06-09,14.82,14.97,14.75,14.97,3600,0.0,0
2005-06-10,15.11,15.21,15.0,15.21,2800,0.0,0
2005-06-13,15.14,15.14,15.14,15.14,100,0.0,0
2005-06-14,15.14,15.14,15.14,15.14,1200,0.0,0
2005-06-15,15.21,15.74,15.21,15.74,12000,0.0,0
2005-06-16,15.77,15.81,15.77,15.78,1100,0.0,0
2005-06-17,15.83,15.83,15.83,15.83,200,0.0,0
2005-06-20,15.88,15.88,15.52,15.52,4300,0.0,0
2005-06-21,15.63,15.63,15.55,15.55,800,0.0,0
2005-06-22,15.42,15.42,14.96,15.19,23200,0.0,0
2005-06-23,15.28,15.28,15.17,15.18,2900,0.0,0
2005-06-24,15.25,15.46,15.22,15.22,8500,0.0,0
2005-06-27,15.19,15.21,15.19,15.21,1100,0.0,0
2005-06-28,15.29,15.29,15.28,15.28,1500,0.0,0
2005-06-29,15.11,15.23,15.11,15.23,2000,0.0,0
2005-06-30,15.19,15.26,15.19,15.26,600,0.0,0
2005-07-01,15.19,15.26,15.19,15.23,2000,0.0,0
2005-07-05,15.23,15.23,14.97,15.07,5300,0.0,0
2005-07-06,14.9,15.04,14.9,15.02,2800,0.0,0
2005-07-07,15.02,15.02,14.9,14.9,3100,0.0,0
2005-07-08,14.96,14.96,14.82,14.82,1000,0.0,0
2005-07-11,14.75,14.8,14.52,14.57,6700,0.0,0
2005-07-12,14.47,14.66,14.44,14.64,3900,0.0,0
2005-07-13,14.56,14.61,14.54,14.54,7800,0.0,0
2005-07-14,14.47,14.47,14.28,14.28,3200,0.0,0
2005-07-15,14.19,14.24,14.12,14.12,14000,0.0,0
2005-07-18,14.05,14.05,13.6,13.84,22000,0.0,0
2005-07-19,13.88,14.66,13.88,14.66,6900,0.0,0
2005-07-20,14.59,14.7,14.54,14.56,4300,0.0,0
2005-07-21,14.5,14.5,14.46,14.47,1100,0.0,0
2005-07-22,14.44,14.49,14.44,14.47,1600,0.0,0
2005-07-25,14.54,14.54,14.45,14.49,1200,0.0,0
2005-07-26,14.44,14.51,14.44,14.44,1900,0.0,0
2005-07-27,14.54,14.93,14.51,14.93,9300,0.0,0
2005-07-28,14.86,15.3,14.82,14.89,17700,0.0,0
2005-07-29,14.84,14.95,14.84,14.95,8300,0.0,0
2005-08-01,14.89,14.97,14.82,14.93,6300,0.0,0
2005-08-02,14.94,15.07,14.91,14.92,3400,0.0,0
2005-08-03,14.9,15.09,14.9,15.0,4900,0.09,0
2005-08-04,15.0,15.04,15.0,15.04,4200,0.0,0
2005-08-05,14.97,14.99,14.89,14.92,3000,0.0,0
2005-08-08,14.82,14.82,14.53,14.58,4300,0.0,0
2005-08-09,14.43,14.6,14.43,14.59,12100,0.0,0
2005-08-10,14.48,14.71,14.48,14.71,4100,0.0,0
2005-08-11,14.72,14.86,14.72,14.86,3500,0.0,0
2005-08-12,14.72,14.87,14.72,14.82,8500,0.0,0
2005-08-15,14.82,14.82,14.82,14.82,0,0.0,0
2005-08-16,14.77,14.86,14.76,14.86,5000,0.0,0
2005-08-17,14.83,14.83,14.59,14.6,17300,0.0,0
2005-08-18,14.63,14.63,14.51,14.53,3500,0.0,0
2005-08-19,14.55,14.68,14.55,14.61,3300,0.0,0
2005-08-22,14.56,14.83,14.56,14.73,4000,0.0,0
2005-08-23,14.8,14.88,14.73,14.88,6800,0.0,0
2005-08-24,14.84,14.88,14.82,14.88,6400,0.0,0
2005-08-25,14.74,14.79,14.53,14.53,4500,0.0,0
2005-08-26,14.4,14.4,14.36,14.36,600,0.0,0
2005-08-29,14.46,14.8,14.46,14.77,26400,0.0,0
2005-08-30,14.8,14.96,14.71,14.89,13000,0.0,0
2005-08-31,14.94,14.97,14.87,14.92,7800,0.0,0
2005-09-01,14.57,15.05,14.57,15.02,22000,0.0,0
2005-09-02,14.89,14.99,14.89,14.91,38600,0.0,0
2005-09-06,14.92,14.99,14.87,14.99,9600,0.0,0
2005-09-07,14.94,14.97,14.87,14.89,7000,0.0,0
2005-09-08,14.97,14.99,14.91,14.91,14300,0.0,0
2005-09-09,15.03,15.06,14.94,14.94,2400,0.0,0
2005-09-12,14.89,14.89,14.71,14.84,3900,0.0,0
2005-09-13,14.84,14.84,14.84,14.84,0,0.0,0
2005-09-14,14.77,14.77,14.6,14.63,2500,0.0,0
2005-09-15,14.67,14.67,14.16,14.22,5500,0.0,0
2005-09-16,14.15,14.34,14.15,14.29,2500,0.0,0
2005-09-19,14.3,14.36,14.21,14.24,3800,0.0,0
2005-09-20,14.26,14.27,14.18,14.18,3200,0.0,0
2005-09-21,14.22,14.22,14.15,14.15,5700,0.0,0
2005-09-22,14.1,14.25,14.1,14.11,6800,0.0,0
2005-09-23,14.15,14.18,14.11,14.18,3000,0.0,0
2005-09-26,14.04,14.08,14.03,14.04,23000,0.0,0
2005-09-27,13.97,14.07,13.95,13.99,7000,0.0,0
2005-09-28,14.12,14.12,14.04,14.06,1400,0.0,0
2005-09-29,14.02,14.16,14.02,14.11,11700,0.0,0
2005-09-30,14.14,14.24,14.07,14.11,9400,0.0,0
2005-10-03,14.05,14.14,14.02,14.14,4700,0.0,0
2005-10-04,14.07,14.07,13.97,13.97,6500,0.0,0
2005-10-05,13.93,13.93,13.89,13.89,800,0.0,0
2005-10-06,13.93,13.93,13.9,13.9,500,0.0,0
2005-10-07,13.93,14.04,13.9,13.9,4700,0.0,0
2005-10-10,13.83,13.83,13.79,13.79,2300,0.0,0
2005-10-11,13.86,13.94,13.86,13.94,6900,0.0,0
2005-10-12,13.8,14.1,13.8,14.03,7900,0.0,0
2005-10-13,13.97,13.97,13.92,13.92,1800,0.0,0
2005-10-14,13.92,13.92,13.82,13.87,5200,0.0,0
2005-10-17,13.88,13.88,13.86,13.88,2500,0.0,0
2005-10-18,13.87,13.9,13.86,13.9,5000,0.0,0
2005-10-19,13.72,14.07,13.72,14.02,12600,0.0,0
2005-10-20,13.99,13.99,13.99,13.99,200,0.0,0
2005-10-21,13.92,13.92,13.72,13.72,2100,0.0,0
2005-10-24,13.72,13.73,13.72,13.73,2600,0.0,0
2005-10-25,13.68,13.7,13.66,13.7,1100,0.0,0
2005-10-26,13.65,13.65,13.01,13.19,12900,0.0,0
2005-10-27,13.12,13.19,13.12,13.19,2500,0.0,0
2005-10-28,13.12,13.4,12.97,13.19,24400,0.0,0
2005-10-31,13.33,13.47,13.31,13.47,10000,0.0,0
2005-11-01,13.41,13.56,13.36,13.56,4400,0.0,0
2005-11-02,13.56,13.83,13.56,13.79,24100,0.0,0
2005-11-03,13.75,13.8,13.7,13.7,9000,0.0,0
2005-11-04,13.75,13.75,13.58,13.63,21300,0.0,0
2005-11-07,13.54,13.58,13.36,13.58,8600,0.0,0
2005-11-08,13.62,13.73,13.55,13.73,12400,0.09,0
2005-11-09,13.68,13.78,13.68,13.75,9100,0.0,0
2005-11-10,13.72,13.87,13.72,13.86,6800,0.0,0
2005-11-11,13.71,14.03,13.71,14.03,6700,0.0,0
2005-11-14,14.03,14.05,13.83,13.83,25000,0.0,0
2005-11-15,13.65,13.83,13.65,13.8,59600,0.0,0
2005-11-16,13.85,14.07,13.78,13.79,51400,0.0,0
2005-11-17,13.75,13.91,13.75,13.88,45500,0.0,0
2005-11-18,13.85,13.89,13.85,13.88,6600,0.0,0
2005-11-21,13.96,14.08,13.91,13.98,5900,0.0,0
2005-11-22,13.91,14.0,13.85,13.86,8700,0.0,0
2005-11-23,13.88,14.03,13.88,13.95,45900,0.0,0
2005-11-25,14.02,14.12,14.02,14.03,5400,0.0,0
2005-11-28,14.1,14.1,13.89,13.99,13300,0.0,0
2005-11-29,14.0,14.03,13.85,13.88,22800,0.0,0
2005-11-30,13.82,13.95,13.8,13.93,8200,0.0,0
2005-12-01,13.71,13.82,13.71,13.76,14600,0.0,0
2005-12-02,13.77,13.86,13.77,13.85,2000,0.0,0
2005-12-05,13.85,14.3,13.85,14.25,16000,0.0,0
2005-12-06,14.17,14.32,14.17,14.32,7400,0.0,0
2005-12-07,14.25,14.36,14.12,14.32,9200,0.0,0
2005-12-08,14.28,14.39,14.17,14.18,12500,0.0,0
2005-12-09,14.14,14.21,14.1,14.18,2500,0.0,0
2005-12-12,14.14,14.34,14.09,14.15,5600,0.0,0
2005-12-13,14.18,14.21,14.07,14.1,13000,0.0,0
2005-12-14,14.12,14.19,14.0,14.13,12800,0.0,0
2005-12-15,14.17,14.17,13.91,13.91,23900,0.0,0
2005-12-16,13.94,14.04,13.94,14.04,6300,0.0,0
2005-12-19,14.06,14.07,14.0,14.03,3600,0.0,0
2005-12-20,14.07,14.2,14.05,14.17,15500,0.0,0
2005-12-21,14.32,14.38,14.25,14.26,10400,0.0,0
2005-12-22,14.32,14.32,14.17,14.25,16600,0.0,0
2005-12-23,14.25,14.35,14.25,14.32,6200,0.0,0
2005-12-27,14.17,14.28,14.17,14.24,10800,0.0,0
2005-12-28,14.17,14.35,14.17,14.22,10300,0.0,0
2005-12-29,14.17,14.21,14.15,14.2,4800,0.0,0
2005-12-30,14.17,14.27,14.17,14.24,2900,0.0,0
2006-01-03,14.17,14.17,14.04,14.04,11700,0.0,0
2006-01-04,14.14,14.17,14.07,14.17,7900,0.0,0
2006-01-05,14.1,14.17,14.05,14.17,16700,0.0,0
2006-01-06,14.2,14.32,14.13,14.32,13000,0.0,0
2006-01-09,14.25,14.64,14.25,14.62,23600,0.0,0
2006-01-10,14.59,14.67,14.55,14.59,4000,0.0,0
2006-01-11,14.67,14.67,14.6,14.67,8300,0.0,0
2006-01-12,14.6,14.62,14.57,14.61,9000,0.0,0
2006-01-13,14.61,14.74,14.46,14.5,8600,0.0,0
2006-01-17,14.32,14.57,14.32,14.44,10700,0.0,0
2006-01-18,14.45,14.45,14.39,14.39,1500,0.0,0
2006-01-19,14.39,14.46,14.28,14.28,14000,0.0,0
2006-01-20,14.21,14.25,14.1,14.14,11800,0.0,0
2006-01-23,14.21,14.47,14.21,14.47,6600,0.0,0
2006-01-24,14.47,14.53,14.47,14.5,8300,0.0,0
2006-01-25,14.53,14.64,14.46,14.48,8900,0.0,0
2006-01-26,14.47,14.51,14.46,14.49,8000,0.0,0
2006-01-27,14.52,14.57,14.32,14.47,14500,0.0,0
2006-01-30,14.46,14.6,14.45,14.45,9600,0.0,0
2006-01-31,14.47,14.63,14.42,14.55,7800,0.0,0
2006-02-01,14.55,14.69,14.52,14.67,5000,0.0,0
2006-02-02,14.62,14.67,14.62,14.67,2300,0.0,0
2006-02-03,14.64,14.74,14.57,14.65,5500,0.0,0
2006-02-06,14.71,14.79,14.71,14.72,3600,0.0,0
2006-02-07,14.8,14.8,14.72,14.8,1400,0.0,0
2006-02-08,14.87,14.98,14.79,14.96,3700,0.1,0
2006-02-09,14.97,15.0,14.96,15.0,2000,0.0,0
2006-02-10,14.89,14.89,14.6,14.68,8200,0.0,0
2006-02-13,14.67,14.78,14.67,14.74,13400,0.0,0
2006-02-14,14.82,14.86,14.57,14.6,12900,0.0,0
2006-02-15,14.53,14.6,14.46,14.49,32200,0.0,0
2006-02-16,14.49,14.5,14.49,14.49,2300,0.0,0
2006-02-17,14.55,14.74,14.55,14.67,2700,0.0,0
2006-02-21,14.6,14.67,14.57,14.61,9500,0.0,0
2006-02-22,14.67,14.87,14.67,14.85,1300,0.0,0
2006-02-23,14.74,14.87,14.74,14.78,8100,0.0,0
2006-02-24,14.6,14.82,14.6,14.74,6400,0.0,0
2006-02-27,14.78,14.85,14.77,14.77,1900,0.0,0
2006-02-28,14.7,14.75,14.65,14.67,5000,0.0,0
2006-03-01,14.7,14.74,14.6,14.68,6500,0.0,0
2006-03-02,14.73,14.87,14.68,14.7,8900,0.0,0
2006-03-03,14.82,14.82,14.61,14.74,23000,0.0,0
2006-03-06,14.78,14.91,14.64,14.91,4600,0.0,0
2006-03-07,14.67,14.81,14.67,14.72,7800,0.0,0
2006-03-08,14.67,14.68,14.64,14.64,4900,0.0,0
2006-03-09,14.74,14.82,14.74,14.82,1400,0.0,0
2006-03-10,14.77,14.95,14.77,14.94,4000,0.0,0
2006-03-13,14.87,14.91,14.81,14.91,2600,0.0,0
2006-03-14,14.85,14.89,14.75,14.82,29800,0.0,0
2006-03-15,14.82,14.9,14.68,14.75,12700,0.0,0
2006-03-16,14.72,14.75,14.72,14.74,9400,0.0,0
2006-03-17,14.7,14.7,14.6,14.62,10100,0.0,0
2006-03-20,14.55,14.69,14.51,14.69,4500,0.0,0
2006-03-21,14.6,14.64,14.53,14.54,2300,0.0,0
2006-03-22,14.57,14.64,14.49,14.54,8700,0.0,0
2006-03-23,14.55,14.62,14.46,14.46,6100,0.0,0
2006-03-24,14.42,14.45,14.31,14.41,20600,0.0,0
2006-03-27,14.33,14.47,14.33,14.47,7100,0.0,0
2006-03-28,14.47,14.53,14.47,14.5,1000,0.0,0
2006-03-29,14.47,14.65,14.45,14.65,22400,0.0,0
2006-03-30,14.72,14.89,14.65,14.89,4000,0.0,0
2006-03-31,14.76,15.53,14.73,15.53,12600,0.0,0
2006-04-03,15.43,15.7,15.43,15.5,13800,0.0,0
2006-04-04,15.44,15.46,15.22,15.22,6000,0.0,0
2006-04-05,15.16,15.16,14.84,15.05,21200,0.0,0
2006-04-06,15.01,15.3,14.94,15.21,6900,0.0,0
2006-04-07,15.22,15.25,15.14,15.2,4000,0.0,0
2006-04-10,15.02,15.3,15.02,15.21,5600,0.0,0
2006-04-11,15.24,15.65,15.24,15.52,21900,0.0,0
2006-04-12,15.55,15.98,15.55,15.88,19600,0.0,0
2006-04-13,15.78,15.89,15.71,15.89,6600,0.0,0
2006-04-17,15.88,15.94,15.82,15.82,27700,0.0,0
2006-04-18,15.89,16.21,15.89,16.09,57000,0.0,0
2006-04-19,16.02,16.32,15.82,16.27,39300,0.0,0
2006-04-20,16.28,16.28,16.13,16.15,15100,0.0,0
2006-04-21,16.1,16.46,16.1,16.21,42000,0.0,0
2006-04-24,16.22,16.61,16.22,16.53,38500,0.0,0
2006-04-25,16.68,17.0,16.58,17.0,39100,0.0,0
2006-04-26,17.07,19.53,17.07,19.0,77000,0.0,0
2006-04-27,18.82,18.96,17.9,18.55,26800,0.0,0
2006-04-28,18.47,18.89,18.43,18.82,20900,0.0,0
2006-05-01,19.0,19.11,18.85,18.97,36200,0.0,0
2006-05-02,18.9,19.34,18.9,19.34,19600,0.0,0
2006-05-03,19.22,19.53,19.22,19.49,23300,0.1,0
2006-05-04,19.31,19.31,19.11,19.29,7400,0.0,0
2006-05-05,19.12,19.2,19.0,19.2,11500,0.0,0
2006-05-08,19.18,20.19,18.97,20.19,24800,0.0,0
2006-05-09,20.09,20.83,20.09,20.83,37700,0.0,0
2006-05-10,20.83,20.94,20.7,20.76,28100,0.0,0
2006-05-11,20.84,20.84,20.47,20.69,18500,0.0,0
2006-05-12,20.64,20.64,20.19,20.47,12100,0.0,0
2006-05-15,20.4,20.65,20.28,20.4,23300,0.0,0
2006-05-16,20.29,20.33,20.12,20.12,13100,0.0,0
2006-05-17,20.01,20.22,18.82,19.45,34400,0.0,0
2006-05-18,19.36,19.99,19.36,19.86,10400,0.0,0
2006-05-19,19.9,19.94,19.4,19.68,13200,0.0,0
2006-05-22,19.6,19.6,19.32,19.43,9600,0.0,0
2006-05-23,19.4,19.4,19.11,19.26,5000,0.0,0
2006-05-24,19.15,19.15,18.67,18.8,21100,0.0,0
2006-05-25,18.62,19.14,18.62,19.11,14000,0.0,0
2006-05-26,19.0,19.68,19.0,19.61,13300,0.0,0
2006-05-30,19.47,19.76,19.47,19.7,8300,0.0,0
2006-05-31,19.72,19.9,19.72,19.83,6700,0.0,0
2006-06-01,19.65,19.86,19.63,19.86,12600,0.0,0
2006-06-02,19.9,20.62,19.9,20.61,37100,0.0,0
2006-06-05,20.47,20.47,19.72,19.72,7300,0.0,0
2006-06-06,19.72,20.11,19.72,19.79,21100,0.0,0
2006-06-07,19.61,19.89,19.58,19.71,5300,0.0,0
2006-06-08,19.58,19.58,19.29,19.49,25000,0.0,0
2006-06-09,19.49,19.86,19.49,19.68,7200,0.0,0
2006-06-12,19.68,19.94,19.53,19.55,12300,0.0,0
2006-06-13,19.63,19.63,19.18,19.19,4100,0.0,0
2006-06-14,19.11,19.11,18.61,18.61,19700,0.0,0
2006-06-15,18.5,18.68,18.39,18.61,9800,0.0,0
2006-06-16,18.86,19.83,18.86,19.51,91800,0.0,0
2006-06-19,19.76,20.08,19.75,19.76,29400,0.0,0
2006-06-20,19.76,20.5,19.65,20.5,21300,0.0,0
2006-06-21,20.65,21.77,20.5,21.56,37400,0.0,0
2006-06-22,21.91,21.91,21.3,21.41,31300,0.0,0
2006-06-23,21.23,21.41,20.73,20.94,13300,0.0,0
2006-06-26,20.84,21.12,20.66,20.73,23700,0.0,0
2006-06-27,20.83,20.91,20.22,20.27,14900,0.0,0
2006-06-28,20.09,20.29,18.43,18.93,75500,0.0,0
2006-06-29,18.75,19.31,18.75,19.29,13400,0.0,0
2006-06-30,19.22,19.58,18.68,19.25,39400,0.0,0
2006-07-03,19.07,19.86,19.07,19.4,11600,0.0,0
2006-07-05,19.58,19.59,19.18,19.4,47300,0.0,0
2006-07-06,19.32,20.12,19.32,20.11,45900,0.0,0
2006-07-07,20.11,20.23,19.95,19.95,30100,0.0,0
2006-07-10,20.09,20.62,20.04,20.4,10100,0.0,0
2006-07-11,20.26,20.69,20.11,20.19,31900,0.0,0
2006-07-12,20.12,20.17,19.94,19.97,8100,0.0,0
2006-07-13,19.93,19.94,19.27,19.3,32700,0.0,0
2006-07-14,19.43,19.43,18.15,18.32,32600,0.0,0
2006-07-17,18.32,18.43,17.7,17.91,37500,0.0,0
2006-07-18,18.28,18.39,17.31,17.74,27200,0.0,0
2006-07-19,17.56,18.32,17.44,17.46,50100,0.0,0
2006-07-20,17.6,18.02,17.44,17.5,23900,0.0,0
2006-07-21,17.32,17.49,16.96,17.3,24600,0.0,0
2006-07-24,17.25,17.92,17.12,17.9,43600,0.0,0
2006-07-25,17.95,18.43,17.9,18.38,15000,0.0,0
2006-07-26,18.21,18.26,18.18,18.26,4500,0.0,0
2006-07-27,18.44,20.14,18.44,19.72,45700,0.0,0
2006-07-28,19.83,20.85,19.81,20.79,66800,0.0,0
2006-07-31,20.97,21.25,20.67,20.97,25000,0.0,0
2006-08-01,20.79,21.19,20.78,20.98,22400,0.0,0
2006-08-02,20.83,21.01,20.3,20.31,17100,0.1,0
2006-08-03,20.26,20.33,19.79,20.11,16500,0.0,0
2006-08-04,20.29,21.19,20.29,20.52,30700,0.0,0
2006-08-07,20.44,20.51,19.74,20.35,10800,0.0,0
2006-08-08,20.54,20.67,20.34,20.34,9700,0.0,0
2006-08-09,20.44,20.65,19.94,19.96,4500,0.0,0
2006-08-10,19.78,19.78,19.26,19.46,23200,0.0,0
2006-08-11,19.32,19.92,19.25,19.61,13700,0.0,0
2006-08-14,19.75,20.0,19.51,19.61,15500,0.0,0
2006-08-15,19.82,20.45,19.76,20.29,14600,0.0,0
2006-08-16,20.23,20.97,20.15,20.75,15800,0.0,0
2006-08-17,20.76,21.17,20.74,21.06,8800,0.0,0
2006-08-18,20.87,21.62,20.87,21.62,48200,0.0,0
2006-08-21,21.63,21.8,21.37,21.79,22500,0.0,0
2006-08-22,21.8,22.67,21.8,22.45,63800,0.0,0
2006-08-23,22.31,22.71,22.06,22.17,35000,0.0,0
2006-08-24,22.27,22.27,21.73,21.77,6000,0.0,0
2006-08-25,21.78,21.87,21.55,21.55,11000,0.0,0
2006-08-28,21.63,21.77,21.54,21.66,10800,0.0,0
2006-08-29,21.73,21.73,20.55,21.12,14700,0.0,0
2006-08-30,20.94,21.47,20.94,21.27,14500,0.0,0
2006-08-31,21.09,21.6,21.09,21.6,8400,0.0,0
2006-09-01,21.62,22.11,21.59,21.99,22300,0.0,0
2006-09-05,22.17,22.64,22.03,22.49,39700,0.0,0
2006-09-06,22.31,22.56,22.28,22.53,19400,0.0,0
2006-09-07,22.49,22.58,21.53,22.06,22600,0.0,0
2006-09-08,21.88,22.15,21.77,21.8,15500,0.0,0
2006-09-11,21.7,22.41,21.39,21.55,31800,0.0,0
2006-09-12,21.7,21.76,21.3,21.75,14300,0.0,0
2006-09-13,21.8,22.49,21.68,21.76,24500,0.0,0
2006-09-14,21.9,22.35,21.9,22.3,10200,0.0,0
2006-09-15,22.4,22.49,22.14,22.27,11600,0.0,0
2006-09-18,22.25,22.39,22.03,22.38,7800,0.0,0
2006-09-19,22.33,22.38,22.22,22.35,11700,0.0,0
2006-09-20,23.44,23.72,22.21,22.22,4900,0.0,0
2006-09-21,22.31,22.31,21.73,21.73,10100,0.0,0
2006-09-22,21.76,21.76,21.31,21.42,8100,0.0,0
2006-09-25,21.49,21.66,21.29,21.32,6300,0.0,0
2006-09-26,21.12,21.48,21.12,21.33,6100,0.0,0
2006-09-27,21.29,21.68,21.28,21.5,6600,0.0,0
2006-09-28,21.25,21.45,20.77,21.15,4700,0.0,0
2006-09-29,20.65,20.91,20.35,20.46,19300,0.0,0
2006-10-02,20.5,20.5,19.83,20.03,12400,0.0,0
2006-10-03,19.82,20.08,19.61,19.95,22200,0.0,0
2006-10-04,19.77,21.12,19.36,21.12,19600,0.0,0
2006-10-05,21.12,21.81,20.98,21.81,8800,0.0,0
2006-10-06,21.63,21.88,21.55,21.8,2400,0.0,0
2006-10-09,21.98,22.4,21.93,22.33,7300,0.0,0
2006-10-10,22.25,22.54,22.09,22.31,24600,0.0,0
2006-10-11,22.27,22.35,22.1,22.35,2200,0.0,0
2006-10-12,22.35,22.67,22.34,22.4,12000,0.0,0
2006-10-13,22.33,22.66,21.91,21.99,8300,0.0,0
2006-10-16,21.73,21.91,21.51,21.63,10700,0.0,0
2006-10-17,22.09,22.09,21.45,21.45,8200,0.0,0
2006-10-18,21.27,21.6,21.16,21.37,9900,0.0,0
2006-10-19,21.49,21.58,21.27,21.58,9700,0.0,0
2006-10-20,21.47,22.09,21.47,21.81,3900,0.0,0
2006-10-23,21.95,22.53,21.81,22.45,11300,0.0,0
2006-10-24,22.58,23.36,22.17,23.36,27100,0.0,0
2006-10-25,23.36,25.22,23.18,24.65,56400,0.0,0
2006-10-26,24.83,25.15,24.58,25.15,27000,0.0,0
2006-10-27,25.15,25.15,24.78,25.01,9000,0.0,0
2006-10-30,25.19,25.76,24.8,25.66,24700,0.0,0
2006-10-31,25.66,26.12,25.41,25.94,39100,0.0,0
2006-11-01,25.84,25.85,25.23,25.53,12100,0.0,0
2006-11-02,25.35,25.35,23.79,24.15,19100,0.0,0
2006-11-03,23.86,23.86,23.37,23.41,23300,0.0,0
2006-11-06,23.6,23.7,23.14,23.51,18900,0.0,0
2006-11-07,23.69,24.21,23.51,23.79,15700,0.0,0
2006-11-08,23.97,24.29,23.97,24.14,3500,0.1,0
2006-11-09,24.32,24.32,24.09,24.29,4800,0.0,0
2006-11-10,24.51,24.51,24.18,24.26,9200,0.0,0
2006-11-13,24.08,24.29,23.52,24.1,7400,0.0,0
2006-11-14,23.92,24.58,23.92,24.09,22400,0.0,0
2006-11-15,24.27,24.4,24.13,24.33,3900,0.0,0
2006-11-16,24.15,24.45,24.04,24.4,7700,0.0,0
2006-11-17,24.33,24.33,24.24,24.32,8300,0.0,0
2006-11-20,24.29,24.43,24.29,24.37,6900,0.0,0
2006-11-21,24.4,24.4,24.11,24.27,7800,0.0,0
2006-11-22,24.15,24.29,24.11,24.21,5300,0.0,0
2006-11-24,24.32,24.37,24.24,24.33,9200,0.0,0
2006-11-27,24.51,24.58,24.35,24.39,21600,0.0,0
2006-11-28,24.39,24.42,24.19,24.42,10000,0.0,0
2006-11-29,24.63,24.95,24.5,24.95,20400,0.0,0
2006-11-30,24.58,24.89,24.54,24.89,33200,0.0,0
2006-12-01,25.08,25.2,24.69,24.87,21400,0.0,0
2006-12-04,24.8,25.29,24.8,25.13,19800,0.0,0
2006-12-05,25.29,25.29,24.4,24.52,10200,0.0,0
2006-12-06,24.88,24.88,24.7,24.8,4500,0.0,0
2006-12-07,24.8,24.8,24.61,24.63,6500,0.0,0
2006-12-08,24.62,24.73,23.98,24.03,6900,0.0,0
2006-12-11,24.11,24.11,22.57,22.92,20500,0.0,0
2006-12-12,22.84,22.94,22.62,22.62,7400,0.0,0
2006-12-13,23.04,23.43,22.52,22.52,18300,0.0,0
2006-12-14,22.6,22.6,22.09,22.16,14300,0.0,0
2006-12-15,22.16,22.68,22.02,22.68,18600,0.0,0
2006-12-18,22.6,23.11,22.51,23.0,10900,0.0,0
2006-12-19,23.15,24.79,23.15,24.76,27700,0.0,0
2006-12-20,24.79,24.79,24.52,24.57,6000,0.0,0
2006-12-21,24.58,24.74,24.53,24.63,5400,0.0,0
2006-12-22,24.49,24.49,23.86,23.86,5800,0.0,0
2006-12-26,24.06,24.79,23.72,23.82,4600,0.0,0
2006-12-27,23.68,23.68,23.41,23.41,7300,0.0,0
2006-12-28,23.39,24.22,23.39,24.1,41100,0.0,0
2006-12-29,23.92,24.37,23.92,24.15,52300,0.0,0
2007-01-03,24.29,24.71,24.11,24.58,46600,0.0,0
2007-01-04,24.4,24.51,23.93,24.08,23100,0.0,0
2007-01-05,24.05,24.22,23.97,24.03,27600,0.0,0
2007-01-08,24.22,24.37,23.98,24.3,15400,0.0,0
2007-01-09,23.95,24.3,23.87,24.07,28000,0.0,0
2007-01-10,24.04,24.07,23.68,23.98,47900,0.0,0
2007-01-11,24.11,25.31,24.11,24.87,25600,0.0,0
2007-01-12,24.74,25.64,24.66,25.63,22200,0.0,0
2007-01-16,25.78,26.57,25.78,26.57,20700,0.0,0
2007-01-17,26.66,26.75,26.24,26.32,20200,0.0,0
2007-01-18,26.48,26.59,26.1,26.17,7800,0.0,0
2007-01-19,26.28,26.91,26.28,26.91,34000,0.0,0
2007-01-22,27.07,27.23,26.68,26.8,20000,0.0,0
2007-01-23,26.66,26.83,26.25,26.46,11200,0.0,0
2007-01-24,26.36,26.69,26.02,26.52,9200,0.0,0
2007-01-25,26.09,26.46,26.04,26.12,10900,0.0,0
2007-01-26,26.52,26.54,25.99,26.5,26300,0.0,0
2007-01-29,26.68,26.68,26.14,26.21,15600,0.0,0
2007-01-30,26.17,26.26,25.81,26.03,14800,0.0,0
2007-01-31,26.03,26.15,25.92,25.96,11000,0.0,0
2007-02-01,26.07,26.07,25.53,25.66,6100,0.0,0
2007-02-02,25.74,25.74,25.52,25.59,19500,0.0,0
2007-02-05,25.63,25.72,25.49,25.49,9700,0.0,0
2007-02-06,25.42,25.73,25.16,25.71,7900,0.0,0
2007-02-07,25.7,25.7,25.36,25.61,4200,0.1,0
2007-02-08,25.45,25.81,25.13,25.31,11200,0.0,0
2007-02-09,25.41,26.2,25.41,25.97,17300,0.0,0
2007-02-12,26.11,26.33,25.84,26.15,8400,0.0,0
2007-02-13,26.2,26.39,26.13,26.34,3100,0.0,0
2007-02-14,26.52,26.73,26.22,26.22,7000,0.0,0
2007-02-15,26.22,26.22,26.09,26.12,11700,0.0,0
2007-02-16,26.03,26.15,25.92,26.1,4600,0.0,0
2007-02-20,26.04,26.07,25.75,25.9,6000,0.0,0
2007-02-21,25.97,26.06,25.74,25.78,7700,0.0,0
2007-02-22,25.7,25.7,25.39,25.57,3800,0.0,0
2007-02-23,25.44,25.44,24.75,24.98,6800,0.0,0
2007-02-26,24.98,25.4,23.78,25.4,16900,0.0,0
2007-02-27,25.45,25.45,24.54,24.76,3100,0.0,0
2007-02-28,24.64,24.66,24.29,24.61,6900,0.0,0
2007-03-01,24.87,24.92,24.12,24.22,87300,0.0,0
2007-03-02,24.32,24.32,23.64,23.71,12000,0.0,0
2007-03-05,23.57,23.57,23.22,23.28,2300,0.0,0
2007-03-06,23.64,23.64,23.2,23.28,7000,0.0,0
2007-03-07,23.38,23.58,23.22,23.58,3400,0.0,0
2007-03-08,23.93,24.11,23.93,24.11,1400,0.0,0
2007-03-09,24.11,24.11,23.58,23.91,4600,0.0,0
2007-03-12,23.78,24.04,23.65,24.04,3000,0.0,0
2007-03-13,24.01,24.2,23.93,24.2,6000,0.0,0
2007-03-14,24.15,24.15,23.6,23.67,10500,0.0,0
2007-03-15,23.75,23.92,23.62,23.62,5200,0.0,0
2007-03-16,23.72,24.11,23.65,24.04,6000,0.0,0
2007-03-19,23.57,23.86,23.57,23.75,10600,0.0,0
2007-03-20,23.78,24.02,23.78,23.84,3700,0.0,0
2007-03-21,23.57,23.75,23.2,23.64,22600,0.0,0
2007-03-22,23.42,23.8,23.42,23.5,38800,0.0,0
2007-03-23,23.74,23.85,23.52,23.69,8100,0.0,0
2007-03-26,23.93,23.98,23.62,23.84,6800,0.0,0
2007-03-27,23.7,24.02,23.24,23.38,72300,0.0,0
2007-03-28,23.27,23.49,23.06,23.22,24800,0.0,0
2007-03-29,23.3,23.99,23.3,23.99,12800,0.0,0
2007-03-30,23.99,24.14,23.96,24.09,6400,0.0,0
2007-04-02,24.08,24.08,23.74,23.74,14200,0.0,0
2007-04-03,23.83,24.09,22.59,24.04,17700,0.0,0
2007-04-04,23.87,24.07,23.65,24.04,15900,0.0,0
2007-04-05,24.04,24.26,23.94,24.08,13200,0.0,0
2007-04-09,23.95,24.75,23.95,24.65,6300,0.0,0
2007-04-10,24.72,25.35,24.65,25.23,13500,0.0,0
2007-04-11,25.27,26.1,25.02,25.98,27400,0.0,0
2007-04-12,25.99,27.19,25.81,27.06,26400,0.0,0
2007-04-13,27.08,27.87,27.08,27.84,25200,0.0,0
2007-04-16,27.81,28.21,27.81,28.21,12700,0.0,0
2007-04-17,28.21,28.35,27.99,28.35,37900,0.0,0
2007-04-18,28.4,28.53,28.1,28.21,12100,0.0,0
2007-04-19,28.14,28.32,28.07,28.12,6100,0.0,0
2007-04-20,28.22,28.28,27.97,28.18,5100,0.0,0
2007-04-23,28.14,28.14,27.13,27.2,21500,0.0,0
2007-04-24,27.16,27.32,26.73,26.73,17700,0.0,0
2007-04-25,26.75,26.9,26.52,26.86,8600,0.0,0
2007-04-26,26.86,26.89,26.8,26.86,3600,0.0,0
2007-04-27,27.23,27.52,26.83,27.51,22200,0.0,0
2007-04-30,27.18,28.45,27.16,28.28,36800,0.0,0
2007-05-01,28.21,28.76,28.21,28.65,43000,0.0,0
2007-05-02,28.98,29.3,28.78,29.08,41100,0.1,0
2007-05-03,29.59,29.97,29.16,29.35,40000,0.0,0
2007-05-04,29.6,29.91,29.41,29.43,27000,0.0,0
2007-05-07,29.52,29.62,29.3,29.5,19100,0.0,0
2007-05-08,29.67,30.28,29.21,30.28,32200,0.0,0
2007-05-09,30.2,31.25,30.2,30.79,30700,0.0,0
2007-05-10,30.79,30.82,30.11,30.23,16500,0.0,0
2007-05-11,30.23,31.26,30.18,31.16,23000,0.0,0
2007-05-14,30.97,31.26,30.4,30.47,40500,0.0,0
2007-05-15,30.53,30.65,30.46,30.55,11400,0.0,0
2007-05-16,30.53,30.6,30.16,30.41,21700,0.0,0
2007-05-17,30.39,30.53,30.24,30.49,31400,0.0,0
2007-05-18,30.52,30.52,30.33,30.42,22200,0.0,0
2007-05-21,30.6,30.89,30.37,30.69,27100,0.0,0
2007-05-22,30.71,31.23,30.56,31.15,21600,0.0,0
2007-05-23,31.12,31.26,31.05,31.19,13900,0.0,0
2007-05-24,31.11,31.26,30.67,30.82,13500,0.0,0
2007-05-25,30.69,30.89,30.49,30.54,35700,0.0,0
2007-05-29,30.74,30.74,30.35,30.53,42000,0.0,0
2007-05-30,30.53,30.79,30.44,30.79,11100,0.0,0
2007-05-31,31.33,32.71,31.33,32.55,50000,0.0,0
2007-06-01,32.37,32.68,32.37,32.51,34800,0.0,0
2007-06-04,32.8,32.82,32.32,32.45,40700,0.0,0
2007-06-05,32.46,32.52,32.28,32.33,23200,0.0,0
2007-06-06,32.33,32.48,32.05,32.37,32600,0.0,0
2007-06-07,32.38,32.38,31.22,31.36,11700,0.0,0
2007-06-08,31.36,32.31,31.36,32.07,21300,0.0,0
2007-06-11,32.25,32.36,31.83,31.98,17100,0.0,0
2007-06-12,32.06,32.65,31.94,32.2,33000,0.0,0
2007-06-13,32.09,32.25,31.99,31.99,10100,0.0,0
2007-06-14,31.99,32.11,31.95,32.01,11400,0.0,0
2007-06-15,32.31,32.36,32.04,32.24,18500,0.0,0
2007-06-18,32.24,32.71,32.24,32.52,34600,0.0,0
2007-06-19,32.62,33.93,32.62,33.9,35100,0.0,0
2007-06-20,34.11,35.74,33.78,34.91,50500,0.0,0
2007-06-21,34.89,35.81,34.75,35.23,41900,0.0,0
2007-06-22,35.23,36.18,35.22,35.29,41400,0.0,0
2007-06-25,35.44,35.62,34.84,35.15,29700,0.0,0
2007-06-26,35.32,35.43,35.03,35.29,19200,0.0,0
2007-06-27,35.12,36.26,35.01,35.98,22300,0.0,0
2007-06-28,35.8,36.49,35.8,36.22,26600,0.0,0
2007-06-29,36.4,37.44,36.38,37.44,47300,0.0,0
2007-07-02,37.62,40.16,37.62,39.97,89200,0.0,0
2007-07-03,39.97,41.43,39.97,40.09,90700,0.0,0
2007-07-05,40.45,41.8,39.44,39.98,138200,0.0,0
2007-07-06,39.56,40.41,39.56,39.85,41000,0.0,0
2007-07-09,39.98,41.06,39.73,40.7,54100,0.0,0
2007-07-10,40.6,40.72,40.13,40.37,38000,0.0,0
2007-07-11,40.37,41.33,40.1,41.1,59000,0.0,0
2007-07-12,40.66,41.39,40.56,41.03,41200,0.0,0
2007-07-13,40.71,41.07,40.24,40.7,29600,0.0,0
2007-07-16,40.11,41.06,38.4,38.72,48300,0.0,0
2007-07-17,39.4,40.64,39.4,39.49,85700,0.0,0
2007-07-18,39.57,40.2,39.57,39.98,23400,0.0,0
2007-07-19,39.98,41.06,39.98,41.06,53400,0.0,0
2007-07-20,41.07,41.74,40.19,40.2,40500,0.0,0
2007-07-23,40.16,40.64,39.95,39.96,31100,0.0,0
2007-07-24,39.98,40.52,38.85,38.89,40900,0.0,0
2007-07-25,39.68,40.55,39.25,39.62,35600,0.0,0
2007-07-26,39.18,39.18,38.2,38.56,45500,0.0,0
2007-07-27,37.91,40.66,37.13,39.95,78500,0.0,0
2007-07-30,39.76,40.43,39.22,39.8,19700,0.0,0
2007-07-31,40.51,41.07,39.02,39.66,43500,0.0,0
2007-08-01,39.84,40.16,38.83,38.83,122000,0.0,0
2007-08-02,39.48,40.26,39.12,39.33,34800,0.0,0
2007-08-03,39.33,40.92,38.32,38.95,46400,0.0,0
2007-08-06,38.89,39.11,32.3,34.67,144300,0.0,0
2007-08-07,37.48,37.48,33.11,33.61,140400,0.0,0
2007-08-08,34.33,35.4,31.92,32.72,145300,0.11,0
2007-08-09,31.26,32.86,29.69,29.8,87600,0.0,0
2007-08-10,29.6,36.58,28.48,36.08,107200,0.0,0
2007-08-13,35.19,37.6,34.98,36.9,56600,0.0,0
2007-08-14,36.9,36.9,33.66,34.17,41100,0.0,0
2007-08-15,33.96,35.17,31.81,32.43,39900,0.0,0
2007-08-16,32.18,33.55,30.82,32.13,67500,0.0,0
2007-08-17,33.12,35.63,32.48,35.23,48200,0.0,0
2007-08-20,35.01,36.35,33.96,36.09,79700,0.0,0
2007-08-21,36.31,36.79,34.59,36.07,41500,0.0,0
2007-08-22,36.38,36.67,35.7,36.24,43600,0.0,0
2007-08-23,35.58,36.07,35.19,35.69,10100,0.0,0
2007-08-24,35.76,35.81,35.34,35.68,11300,0.0,0
2007-08-27,35.89,35.89,33.52,34.85,43200,0.0,0
2007-08-28,34.6,34.6,33.31,33.88,43500,0.0,0
2007-08-29,33.82,34.83,33.4,33.85,46500,0.0,0
2007-08-30,33.96,34.15,32.96,33.27,27300,0.0,0
2007-08-31,33.56,34.5,33.31,34.1,27000,0.0,0
2007-09-04,34.03,34.12,33.06,33.66,77800,0.0,0
2007-09-05,33.08,33.08,31.3,31.54,116700,0.0,0
2007-09-06,31.26,32.43,31.06,31.38,87900,0.0,0
2007-09-07,30.31,30.73,29.18,30.17,97200,0.0,0
2007-09-10,30.6,30.6,28.02,28.41,91300,0.0,0
2007-09-11,28.6,28.6,27.58,27.67,151800,0.0,0
2007-09-12,28.41,28.41,27.33,27.84,72300,0.0,0
2007-09-13,27.69,28.29,27.08,27.08,86100,0.0,0
2007-09-14,27.05,28.27,26.78,27.94,75900,0.0,0
2007-09-17,27.7,28.45,27.55,28.13,32200,0.0,0
2007-09-18,28.78,29.58,28.45,29.07,54900,0.0,0
2007-09-19,29.4,30.01,29.4,29.88,59600,0.0,0
2007-09-20,29.88,30.24,28.82,29.66,34800,0.0,0
2007-09-21,29.66,30.6,28.89,30.31,49000,0.0,0
2007-09-24,30.02,30.49,28.64,28.64,53900,0.0,0
2007-09-25,28.64,29.22,27.27,29.04,45400,0.0,0
2007-09-26,28.86,28.9,26.23,28.42,66600,0.0,0
2007-09-27,28.42,30.82,28.42,30.19,65300,0.0,0
2007-09-28,30.17,30.93,29.96,30.29,31300,0.0,0
2007-10-01,30.42,31.19,29.81,30.76,49900,0.0,0
2007-10-02,31.13,31.6,30.72,31.1,30200,0.0,0
2007-10-03,30.49,32.05,28.79,31.38,65100,0.0,0
2007-10-04,31.74,31.93,30.46,30.58,39900,0.0,0
2007-10-05,30.76,31.97,29.99,31.93,45700,0.0,0
2007-10-08,32.06,32.48,31.26,31.94,32500,0.0,0
2007-10-09,31.94,32.52,31.55,32.27,35700,0.0,0
2007-10-10,32.14,32.79,31.55,32.17,20600,0.0,0
2007-10-11,32.71,33.15,31.78,32.04,87200,0.0,0
2007-10-12,32.19,32.83,30.73,31.06,36100,0.0,0
2007-10-15,30.97,30.97,29.23,29.73,115000,0.0,0
2007-10-16,29.51,29.73,28.35,29.34,66900,0.0,0
2007-10-17,30.01,30.07,28.6,29.04,51600,0.0,0
2007-10-18,28.71,29.21,28.48,28.51,42200,0.0,0
2007-10-19,28.67,28.78,27.72,27.72,44800,0.0,0
2007-10-22,27.51,28.42,27.51,27.86,27200,0.0,0
2007-10-23,28.11,28.61,27.68,28.48,59400,0.0,0
2007-10-24,28.24,28.96,28.24,28.78,38500,0.0,0
2007-10-25,29.15,29.53,28.08,29.01,45700,0.0,0
2007-10-26,29.88,30.84,29.88,30.3,85200,0.0,0
2007-10-29,30.95,31.68,30.61,31.08,65700,0.0,0
2007-10-30,30.74,31.27,29.82,30.51,40200,0.0,0
2007-10-31,30.75,31.33,29.89,31.13,54900,0.0,0
2007-11-01,30.9,31.43,30.2,30.53,49900,0.0,0
2007-11-02,30.6,31.33,30.09,30.79,35500,0.0,0
2007-11-05,31.16,34.98,30.6,33.69,107500,0.0,0
2007-11-06,32.93,35.06,32.93,33.82,48000,0.0,0
2007-11-07,33.82,35.2,33.36,33.46,32200,0.11,0
2007-11-08,33.12,33.91,32.61,33.12,42700,0.0,0
2007-11-09,32.14,34.47,31.67,33.64,43300,0.0,0
2007-11-12,33.63,34.02,32.48,32.87,25400,0.0,0
2007-11-13,32.8,33.4,30.84,32.64,62800,0.0,0
2007-11-14,32.87,33.12,32.24,32.44,46500,0.0,0
2007-11-15,32.5,32.67,31.22,31.45,22600,0.0,0
2007-11-16,32.02,32.14,29.95,31.95,33500,0.0,0
2007-11-19,32.06,32.06,30.33,31.52,25300,0.0,0
2007-11-20,31.0,32.03,30.46,30.9,30200,0.0,0
2007-11-21,30.32,30.93,29.33,30.37,43600,0.0,0
2007-11-23,31.49,31.49,30.69,30.96,8900,0.0,0
2007-11-26,30.55,30.89,29.97,30.31,16600,0.0,0
2007-11-27,30.06,31.61,29.41,29.72,25300,0.0,0
2007-11-28,30.09,30.69,29.22,30.14,35100,0.0,0
2007-11-29,29.95,30.09,28.83,29.21,57500,0.0,0
2007-11-30,29.76,30.68,29.76,30.02,51600,0.0,0
2007-12-03,29.8,30.31,29.22,29.47,20800,0.0,0
2007-12-04,29.47,29.47,28.12,28.13,44000,0.0,0
2007-12-05,28.28,28.78,27.29,27.62,59900,0.0,0
2007-12-06,27.31,28.01,27.02,27.83,70500,0.0,0
2007-12-07,28.08,29.22,28.08,28.94,32100,0.0,0
2007-12-10,29.22,29.22,28.45,28.55,30700,0.0,0
2007-12-11,28.7,28.7,27.39,27.83,43900,0.0,0
2007-12-12,28.49,28.97,27.67,27.85,39800,0.0,0
2007-12-13,27.62,28.01,27.18,27.83,46100,0.0,0
2007-12-14,27.76,27.9,27.68,27.68,33500,0.0,0
2007-12-17,27.76,28.47,27.76,28.39,27600,0.0,0
2007-12-18,28.56,29.12,27.76,28.26,38400,0.0,0
2007-12-19,28.3,29.11,28.3,29.11,23600,0.0,0
2007-12-20,29.14,29.14,28.85,29.02,17800,0.0,0
2007-12-21,28.98,29.68,28.96,29.42,47700,0.0,0
2007-12-24,29.07,30.31,29.0,30.31,23100,0.0,0
2007-12-26,30.31,31.35,30.31,30.86,36300,0.0,0
2007-12-27,30.95,31.03,30.31,30.55,26200,0.0,0
2007-12-28,30.52,30.86,29.88,30.68,31500,0.0,0
2007-12-31,30.56,31.32,29.73,30.93,41700,0.0,0
2008-01-02,30.98,31.3,30.68,30.75,35300,0.0,0
2008-01-03,31.08,31.71,30.58,30.58,28400,0.0,0
2008-01-04,30.15,30.32,29.86,29.98,51200,0.0,0
2008-01-07,30.21,30.3,28.82,28.92,35100,0.0,0
2008-01-08,29.07,29.11,28.23,28.35,30300,0.0,0
2008-01-09,27.98,28.01,27.02,27.39,53300,0.0,0
2008-01-10,27.24,27.94,27.05,27.59,31000,0.0,0
2008-01-11,27.43,27.94,27.02,27.81,25300,0.0,0
2008-01-14,27.62,27.94,27.04,27.87,23600,0.0,0
2008-01-15,27.87,28.92,27.7,28.68,27900,0.0,0
2008-01-16,28.89,28.91,27.19,28.79,48100,0.0,0
2008-01-17,28.76,28.78,28.24,28.33,28700,0.0,0
2008-01-18,28.37,28.39,25.82,27.04,56400,0.0,0
2008-01-22,26.52,27.02,25.59,25.86,32200,0.0,0
2008-01-23,25.2,26.78,25.2,26.78,31200,0.0,0
2008-01-24,27.11,27.75,27.02,27.75,23200,0.0,0
2008-01-25,27.65,28.25,27.65,28.0,80000,0.0,0
2008-01-28,29.35,29.35,27.58,28.95,30900,0.0,0
2008-01-29,28.8,28.84,27.74,28.81,41000,0.0,0
2008-01-30,29.58,32.39,29.58,32.13,178100,0.0,0
2008-01-31,30.2,32.5,30.2,31.81,69000,0.0,0
2008-02-01,33.18,33.18,31.74,32.96,57000,0.0,0
2008-02-04,33.83,34.25,33.42,33.96,55600,0.0,0
2008-02-05,34.46,34.46,33.55,33.68,51200,0.0,0
2008-02-06,33.6,33.96,31.77,31.95,82000,0.0,0
2008-02-07,31.77,32.28,31.03,31.99,32200,0.0,0
2008-02-08,31.98,32.71,31.65,32.61,32000,0.0,0
2008-02-11,31.25,33.01,31.25,32.89,35000,0.0,0
2008-02-12,33.33,34.01,33.2,33.49,57800,0.0,0
2008-02-13,33.75,34.99,33.75,34.99,42700,0.11,0
2008-02-14,34.8,35.14,34.12,34.76,45700,0.0,0
2008-02-15,34.78,34.78,34.05,34.41,30000,0.0,0
2008-02-19,34.56,35.3,34.56,35.0,37200,0.0,0
2008-02-20,35.03,35.1,33.99,34.78,30800,0.0,0
2008-02-21,34.78,34.85,32.94,32.94,102900,0.0,0
2008-02-22,34.35,34.35,32.21,33.34,41100,0.0,0
2008-02-25,33.2,34.88,32.59,34.77,36400,0.0,0
2008-02-26,33.26,34.91,33.26,34.78,95600,0.0,0
2008-02-27,36.15,36.15,33.97,34.37,26000,0.0,0
2008-02-28,34.19,34.48,33.8,33.88,21500,0.0,0
2008-02-29,33.2,33.97,33.03,33.77,52800,0.0,0
2008-03-03,32.39,33.68,32.39,32.93,77200,0.0,0
2008-03-04,32.22,33.09,32.07,32.23,94800,0.0,0
2008-03-05,32.3,33.23,32.04,32.55,41700,0.0,0
2008-03-06,32.58,32.94,32.43,32.51,36300,0.0,0
2008-03-07,32.42,33.07,31.49,31.67,54000,0.0,0
2008-03-10,31.86,32.52,31.6,31.85,101200,0.0,0
2008-03-11,32.4,32.95,31.85,32.58,113100,0.0,0
2008-03-12,32.61,33.31,32.05,32.57,84800,0.0,0
2008-03-13,31.63,32.84,31.26,32.61,51000,0.0,0
2008-03-14,32.68,32.82,31.7,31.96,56900,0.0,0
2008-03-17,31.33,32.44,29.29,31.8,170400,0.0,0
2008-03-18,31.93,32.38,31.92,32.29,71900,0.0,0
2008-03-19,33.66,33.66,31.2,31.55,54800,0.0,0
2008-03-20,31.45,31.77,30.44,31.59,49800,0.0,0
2008-03-24,31.81,33.3,31.69,33.17,162000,0.0,0
2008-03-25,33.39,33.39,32.69,33.17,52000,0.0,0
2008-03-26,33.12,33.13,32.69,33.12,53500,0.0,0
2008-03-27,32.95,33.13,32.43,32.57,95600,0.0,0
2008-03-28,32.89,33.09,30.33,30.53,53200,0.0,0
2008-03-31,30.4,32.16,30.3,31.74,59600,0.0,0
2008-04-01,31.89,32.75,31.67,32.38,67000,0.0,0
2008-04-02,32.38,32.94,32.18,32.38,48000,0.0,0
2008-04-03,32.41,32.82,32.2,32.38,63200,0.0,0
2008-04-04,32.47,33.23,32.39,32.9,59000,0.0,0
2008-04-07,32.95,33.72,32.87,33.6,50100,0.0,0
2008-04-08,33.18,34.05,33.09,34.05,58300,0.0,0
2008-04-09,33.96,34.41,33.09,33.11,52000,0.0,0
2008-04-10,32.94,33.45,32.57,33.14,43400,0.0,0
2008-04-11,33.13,33.19,31.5,31.72,40000,0.0,0
2008-04-14,31.58,31.77,30.97,31.23,95400,0.0,0
2008-04-15,31.17,31.18,30.24,30.57,34700,0.0,0
2008-04-16,30.47,32.4,30.47,31.97,58100,0.0,0
2008-04-17,31.64,31.88,30.9,31.72,66500,0.0,0
2008-04-18,32.04,32.95,31.76,32.95,51600,0.0,0
2008-04-21,32.77,33.38,32.47,33.06,56300,0.0,0
2008-04-22,32.96,33.67,32.0,32.07,38900,0.0,0
2008-04-23,31.84,31.84,30.73,31.17,27500,0.0,0
2008-04-24,31.22,32.62,30.93,31.92,33100,0.0,0
2008-04-25,32.02,32.06,30.77,31.26,21700,0.0,0
2008-04-28,31.26,32.06,30.95,31.79,47100,0.0,0
2008-04-29,31.86,31.86,31.33,31.49,41400,0.0,0
2008-04-30,30.95,31.17,27.35,27.35,106400,0.0,0
2008-05-01,27.1,28.65,26.48,28.45,76200,0.0,0
2008-05-02,28.66,28.66,26.69,27.51,71800,0.0,0
2008-05-05,27.43,27.69,26.47,27.35,59500,0.0,0
2008-05-06,26.99,27.87,26.54,27.16,62900,0.0,0
2008-05-07,27.37,27.83,26.78,26.81,28700,0.0,0
2008-05-08,26.72,27.24,26.36,26.69,29700,0.0,0
2008-05-09,26.53,27.21,26.5,26.82,29100,0.0,0
2008-05-12,26.53,27.21,26.53,26.83,37100,0.0,0
2008-05-13,26.94,27.08,26.54,26.58,24100,0.0,0
2008-05-14,26.56,26.7,25.79,25.79,43300,0.11,0
2008-05-15,25.79,26.19,25.53,25.93,37000,0.0,0
2008-05-16,26.2,26.44,25.7,26.08,21600,0.0,0
2008-05-19,26.03,26.3,25.34,25.38,21600,0.0,0
2008-05-20,25.28,25.28,23.79,24.07,63100,0.0,0
2008-05-21,24.16,24.43,23.12,23.32,136600,0.0,0
2008-05-22,22.82,23.59,22.77,22.88,89000,0.0,0
2008-05-23,22.61,23.02,22.44,22.77,79700,0.0,0
2008-05-27,22.88,24.7,22.88,24.51,77800,0.0,0
2008-05-28,24.59,24.59,23.65,23.87,52700,0.0,0
2008-05-29,23.44,24.95,23.44,24.3,46800,0.0,0
2008-05-30,24.11,24.13,23.55,23.76,30400,0.0,0
2008-06-02,23.98,24.09,23.37,23.51,33400,0.0,0
2008-06-03,23.32,23.61,22.97,23.21,52000,0.0,0
2008-06-04,23.36,24.26,23.14,23.16,79400,0.0,0
2008-06-05,23.13,24.23,23.13,24.08,30900,0.0,0
2008-06-06,24.05,24.05,22.82,22.92,45400,0.0,0
2008-06-09,22.84,23.06,21.96,22.47,80200,0.0,0
2008-06-10,22.46,23.37,21.97,22.53,52900,0.0,0
2008-06-11,22.38,22.66,21.47,21.47,69100,0.0,0
2008-06-12,21.69,22.77,21.69,21.74,75800,0.0,0
2008-06-13,21.77,22.43,21.77,22.39,25700,0.0,0
2008-06-16,22.22,23.07,21.64,21.88,71000,0.0,0
2008-06-17,21.88,22.34,21.63,21.66,40300,0.0,0
2008-06-18,21.66,22.09,21.49,21.91,35100,0.0,0
2008-06-19,21.99,22.15,21.12,21.52,48800,0.0,0
2008-06-20,21.58,21.7,21.25,21.3,39900,0.0,0
2008-06-23,21.23,21.42,20.38,20.45,57400,0.0,0
2008-06-24,20.14,21.98,20.14,21.01,62100,0.0,0
2008-06-25,20.91,21.29,20.34,20.55,49900,0.0,0
2008-06-26,20.25,20.55,20.03,20.31,55200,0.0,0
2008-06-27,20.24,21.09,20.14,20.86,75100,0.0,0
2008-06-30,21.05,21.47,20.75,20.75,61100,0.0,0
2008-07-01,20.3,20.56,19.27,19.78,75600,0.0,0
2008-07-02,19.84,19.95,18.73,18.81,72800,0.0,0
2008-07-03,19.01,19.01,18.37,18.73,27800,0.0,0
2008-07-07,18.81,18.81,17.53,18.28,61800,0.0,0
2008-07-08,18.21,19.56,17.8,19.42,96600,0.0,0
2008-07-09,19.23,19.51,18.21,18.25,34400,0.0,0
2008-07-10,18.21,18.5,18.14,18.36,63200,0.0,0
2008-07-11,18.18,18.26,17.29,17.89,62500,0.0,0
2008-07-14,18.16,18.16,16.66,16.8,74400,0.0,0
2008-07-15,16.43,16.89,16.23,16.51,141500,0.0,0
2008-07-16,16.41,17.79,16.41,17.63,114400,0.0,0
2008-07-17,17.47,18.67,17.47,18.29,161600,0.0,0
2008-07-18,18.2,18.29,17.63,17.98,65600,0.0,0
2008-07-21,18.1,18.28,17.63,17.73,43600,0.0,0
2008-07-22,17.64,19.67,17.26,19.51,128000,0.0,0
2008-07-23,19.7,20.56,18.83,19.97,128100,0.0,0
2008-07-24,20.25,20.85,18.6,18.74,84700,0.0,0
2008-07-25,18.93,19.81,18.92,19.63,35700,0.0,0
2008-07-28,19.44,19.51,18.01,18.04,40800,0.0,0
2008-07-29,18.23,19.88,17.82,19.63,76400,0.0,0
2008-07-30,20.41,21.78,19.84,21.75,133600,0.0,0
2008-07-31,20.78,23.14,20.78,21.87,119200,0.0,0
2008-08-01,22.02,22.61,21.08,22.39,86000,0.0,0
2008-08-04,22.58,22.58,20.3,20.59,78700,0.0,0
2008-08-05,20.72,21.61,20.46,21.46,88800,0.0,0
2008-08-06,21.47,21.57,20.41,20.64,37200,0.0,0
2008-08-07,20.22,20.84,19.96,20.11,50300,0.0,0
2008-08-08,20.14,21.64,20.14,21.49,47700,0.0,0
2008-08-11,21.05,21.3,20.86,21.3,77200,0.0,0
2008-08-12,21.3,21.41,20.02,20.31,67600,0.0,0
2008-08-13,20.17,20.17,19.1,19.77,49900,0.11,0
2008-08-14,19.57,20.33,19.55,19.86,28900,0.0,0
2008-08-15,20.13,20.38,18.94,19.88,47400,0.0,0
2008-08-18,19.91,19.91,18.47,18.81,58100,0.0,0
2008-08-19,18.57,19.41,18.57,18.73,97700,0.0,0
2008-08-20,18.67,20.2,18.62,20.14,91700,0.0,0
2008-08-21,19.81,20.39,19.44,20.22,68500,0.0,0
2008-08-22,20.22,20.84,19.98,20.5,26600,0.0,0
2008-08-25,20.34,20.72,20.02,20.04,22100,0.0,0
2008-08-26,19.91,20.17,19.13,19.96,46300,0.0,0
2008-08-27,19.96,19.96,18.99,19.27,35100,0.0,0
2008-08-28,19.16,20.2,18.91,19.8,73900,0.0,0
2008-08-29,19.77,19.8,19.29,19.61,25100,0.0,0
2008-09-02,19.97,19.97,19.12,19.69,26700,0.0,0
2008-09-03,19.52,20.34,18.84,20.28,26400,0.0,0
2008-09-04,20.1,20.1,18.87,19.07,42400,0.0,0
2008-09-05,18.91,19.52,18.5,19.52,29900,0.0,0
2008-09-08,20.28,20.79,19.07,19.44,25200,0.0,0
2008-09-09,19.27,19.27,18.71,18.81,42600,0.0,0
2008-09-10,18.81,19.72,18.51,19.27,24200,0.0,0
2008-09-11,18.85,19.32,18.61,18.95,19800,0.0,0
2008-09-12,18.73,19.09,18.56,18.8,49700,0.0,0
2008-09-15,17.62,18.61,17.13,17.33,43400,0.0,0
2008-09-16,16.65,17.95,16.41,17.3,81500,0.0,0
2008-09-17,17.12,17.53,16.27,17.14,74600,0.0,0
2008-09-18,16.88,18.06,15.12,17.43,144700,0.0,0
2008-09-19,18.14,19.17,18.06,18.32,89200,0.0,0
2008-09-22,18.62,18.62,18.04,18.06,43100,0.0,0
2008-09-23,17.88,18.73,17.88,18.4,58500,0.0,0
2008-09-24,18.7,19.38,18.07,18.74,47200,0.0,0
2008-09-25,18.74,18.88,18.48,18.83,56400,0.0,0
2008-09-26,18.43,18.62,17.88,18.03,44600,0.0,0
2008-09-29,17.7,17.93,17.46,17.7,29600,0.0,0
2008-09-30,17.91,18.65,17.91,18.32,15400,0.0,0
2008-10-01,18.32,18.89,18.06,18.68,19600,0.0,0
2008-10-02,18.8,18.8,17.51,18.06,42100,0.0,0
2008-10-03,18.2,18.2,16.6,16.77,71100,0.0,0
2008-10-06,15.48,16.0,15.44,15.89,31800,0.0,0
2008-10-07,15.79,16.15,15.0,15.31,51400,0.0,0
2008-10-08,14.19,14.67,14.01,14.2,92600,0.0,0
2008-10-09,14.67,14.97,12.25,12.25,59200,0.0,0
2008-10-10,11.8,12.9,10.32,12.46,158200,0.0,0
2008-10-13,12.9,14.62,12.03,14.13,33800,0.0,0
2008-10-14,15.11,15.23,13.73,14.64,48000,0.0,0
2008-10-15,14.38,14.38,13.01,13.66,28400,0.0,0
2008-10-16,13.66,13.94,13.11,13.94,22600,0.0,0
2008-10-17,13.63,14.11,13.27,13.85,13500,0.0,0
2008-10-20,14.3,14.75,14.06,14.38,15300,0.0,0
2008-10-21,14.22,14.55,13.53,14.55,25100,0.0,0
2008-10-22,14.22,14.22,11.97,11.97,29700,0.0,0
2008-10-23,12.06,12.06,11.3,11.44,33800,0.0,0
2008-10-24,11.06,12.57,11.06,12.24,67100,0.0,0
2008-10-27,11.83,11.85,11.24,11.52,33000,0.0,0
2008-10-28,11.98,12.22,11.34,12.08,56900,0.0,0
2008-10-29,12.17,13.04,12.12,12.7,39500,0.0,0
2008-10-30,13.01,13.23,12.48,12.83,25600,0.0,0
2008-10-31,12.28,13.37,11.57,12.81,64900,0.0,0
2008-11-03,12.51,13.32,12.3,12.73,28600,0.0,0
2008-11-04,12.9,13.32,12.73,13.11,14900,0.0,0
2008-11-05,12.81,13.07,11.89,11.89,28300,0.0,0
2008-11-06,11.89,12.17,11.5,11.9,39400,0.0,0
2008-11-07,11.89,12.03,11.62,11.82,10400,0.0,0
2008-11-10,12.0,12.0,10.69,10.71,26300,0.0,0
2008-11-11,10.78,11.02,9.44,9.81,93500,0.0,0
2008-11-12,9.82,10.01,8.48,8.85,73700,0.11,0
2008-11-13,8.55,9.62,8.34,9.4,113400,0.0,0
2008-11-14,9.35,10.57,9.29,10.1,87400,0.0,0
2008-11-17,9.98,10.36,9.5,9.93,38600,0.0,0
2008-11-18,9.84,9.85,8.27,8.68,76000,0.0,0
2008-11-19,8.39,8.54,6.39,6.43,106600,0.0,0
2008-11-20,6.42,7.17,5.78,6.01,122500,0.0,0
2008-11-21,6.19,6.91,5.72,6.85,55700,0.0,0
2008-11-24,7.06,7.61,6.64,7.43,88300,0.0,0
2008-11-25,7.43,7.46,7.0,7.43,59300,0.0,0
2008-11-26,7.17,8.38,7.06,8.15,38400,0.0,0
2008-11-28,8.55,10.14,8.35,9.52,55000,0.0,0
2008-12-01,9.03,9.26,8.7,8.85,43000,0.0,0
2008-12-02,8.89,9.28,8.68,9.06,56000,0.0,0
2008-12-03,8.95,9.47,8.77,8.99,54300,0.0,0
2008-12-04,8.73,8.97,8.35,8.56,116700,0.0,0
2008-12-05,8.54,8.54,7.72,8.27,42300,0.0,0
2008-12-08,8.32,8.39,7.14,8.03,71400,0.0,0
2008-12-09,7.96,8.01,7.27,7.46,72700,0.0,0
2008-12-10,7.43,9.17,7.2,9.0,61700,0.0,0
2008-12-11,8.77,9.32,8.43,8.55,51800,0.0,0
2008-12-12,8.3,8.81,7.92,8.68,22800,0.0,0
2008-12-15,8.76,8.76,8.16,8.16,12000,0.0,0
2008-12-16,8.18,8.54,8.18,8.3,33400,0.0,0
2008-12-17,8.18,9.48,8.18,8.62,89700,0.0,0
2008-12-18,8.59,9.45,8.41,9.03,31200,0.0,0
2008-12-19,9.07,9.36,8.92,9.32,18500,0.0,0
2008-12-22,9.22,9.26,8.33,8.52,40400,0.0,0
2008-12-23,8.48,8.81,8.37,8.4,27500,0.0,0
2008-12-24,8.35,8.45,7.87,8.3,15700,0.0,0
2008-12-26,8.17,8.97,8.17,8.34,23400,0.0,0
2008-12-29,8.36,8.41,8.02,8.34,26500,0.0,0
2008-12-30,8.49,9.03,7.98,8.97,37100,0.0,0
2008-12-31,9.09,10.19,8.97,9.58,68200,0.0,0
2009-01-02,9.64,9.77,9.19,9.64,13200,0.0,0
2009-01-05,9.73,10.34,9.73,9.92,34800,0.0,0
2009-01-06,10.1,10.4,10.01,10.39,28400,0.0,0
2009-01-07,10.24,10.36,9.9,10.22,22500,0.0,0
2009-01-08,10.22,10.4,9.93,10.4,22200,0.0,0
2009-01-09,10.53,10.94,10.24,10.93,65700,0.0,0
2009-01-12,10.77,10.77,9.45,9.47,46800,0.0,0
2009-01-13,9.56,10.23,9.29,10.1,39700,0.0,0
2009-01-14,10.06,10.06,8.86,8.89,79500,0.0,0
2009-01-15,8.98,9.22,8.19,9.22,22700,0.0,0
2009-01-16,9.33,10.11,9.33,10.04,40100,0.0,0
2009-01-20,9.92,9.94,8.88,8.88,16400,0.0,0
2009-01-21,9.07,9.5,8.59,9.25,22500,0.0,0
2009-01-22,9.14,9.14,8.25,8.36,28100,0.0,0
2009-01-23,8.18,8.91,8.07,8.81,22700,0.0,0
2009-01-26,8.92,9.57,8.81,9.42,24500,0.0,0
2009-01-27,9.4,10.01,9.27,9.72,22700,0.0,0
2009-01-28,10.04,10.53,9.9,10.19,18700,0.0,0
2009-01-29,10.07,10.52,9.42,9.62,23600,0.0,0
2009-01-30,9.77,9.93,9.18,9.85,11000,0.0,0
2009-02-02,9.79,10.41,9.52,10.09,12600,0.0,0
2009-02-03,10.01,10.03,9.11,9.11,10000,0.0,0
2009-02-04,9.03,9.58,8.71,9.11,13100,0.0,0
2009-02-05,9.14,9.22,8.82,8.87,18500,0.0,0
2009-02-06,8.92,9.49,8.77,9.27,25300,0.0,0
2009-02-09,9.3,10.49,9.3,10.26,28700,0.0,0
2009-02-10,10.3,10.59,9.86,9.92,33900,0.0,0
2009-02-11,9.92,10.45,9.9,10.07,31500,0.11,0
2009-02-12,9.97,10.5,9.54,10.28,21900,0.0,0
2009-02-13,10.02,10.5,9.97,10.32,26600,0.0,0
2009-02-17,10.23,10.3,9.37,9.48,17000,0.0,0
2009-02-18,9.6,9.71,8.77,9.26,32300,0.0,0
2009-02-19,9.24,9.25,7.41,7.53,49100,0.0,0
2009-02-20,7.41,7.93,7.41,7.7,48900,0.0,0
2009-02-23,7.8,7.82,7.24,7.55,29900,0.0,0
2009-02-24,7.47,7.57,6.9,7.5,23900,0.0,0
2009-02-25,7.71,7.71,7.07,7.2,21400,0.0,0
2009-02-26,7.2,7.5,6.21,6.93,69200,0.0,0
2009-02-27,6.93,6.94,6.47,6.52,41600,0.0,0
2009-03-02,6.46,6.46,5.74,6.24,33300,0.0,0
2009-03-03,6.09,6.45,5.92,6.04,40400,0.0,0
2009-03-04,6.09,6.24,5.61,5.97,32800,0.0,0
2009-03-05,5.73,5.88,5.23,5.24,29300,0.0,0
2009-03-06,5.25,5.53,5.1,5.34,35100,0.0,0
2009-03-09,5.31,5.38,5.02,5.14,41800,0.0,0
2009-03-10,5.1,6.22,5.1,5.6,119500,0.0,0
2009-03-11,5.66,6.09,5.34,5.88,72100,0.0,0
2009-03-12,5.81,7.74,5.43,7.5,64400,0.0,0
2009-03-13,7.45,8.07,7.11,8.02,65500,0.0,0
2009-03-16,8.02,8.82,7.76,7.86,55000,0.0,0
2009-03-17,7.71,8.04,7.12,7.91,84300,0.0,0
2009-03-18,7.65,9.36,7.65,8.81,85000,0.0,0
2009-03-19,9.18,9.36,8.88,9.08,43200,0.0,0
2009-03-20,8.9,9.22,8.46,8.48,25600,0.0,0
2009-03-23,8.53,9.36,8.53,9.0,68300,0.0,0
2009-03-24,9.0,9.27,8.34,8.4,68600,0.0,0
2009-03-25,8.65,8.86,8.07,8.37,93100,0.0,0
2009-03-26,8.49,8.49,8.13,8.27,60400,0.0,0
2009-03-27,8.19,8.39,7.8,7.98,35800,0.0,0
2009-03-30,7.83,7.83,7.22,7.32,33200,0.0,0
2009-03-31,7.25,7.68,6.98,7.48,58800,0.0,0
2009-04-01,7.56,7.75,7.49,7.6,38600,0.0,0
2009-04-02,7.68,8.12,7.68,7.95,31500,0.0,0
2009-04-03,7.92,8.04,7.63,7.77,31300,0.0,0
2009-04-06,7.68,7.78,7.23,7.74,35900,0.0,0
2009-04-07,7.68,8.55,7.51,8.43,88300,0.0,0
2009-04-08,8.55,8.62,8.06,8.28,46500,0.0,0
2009-04-09,8.37,9.12,8.37,9.0,28500,0.0,0
2009-04-13,8.9,9.18,8.87,9.15,20200,0.0,0
2009-04-14,8.94,9.09,8.61,8.72,27400,0.0,0
2009-04-15,8.64,8.82,8.46,8.63,42400,0.0,0
2009-04-16,8.77,9.06,8.38,8.46,31200,0.0,0
2009-04-17,8.51,8.51,7.87,8.14,32000,0.0,0
2009-04-20,7.99,7.99,7.13,7.16,48100,0.0,0
2009-04-21,7.15,7.29,6.74,7.19,113000,0.0,0
2009-04-22,7.19,7.78,7.16,7.18,59800,0.0,0
2009-04-23,7.21,7.57,7.2,7.39,32700,0.0,0
2009-04-24,7.68,7.83,7.44,7.65,84700,0.0,0
2009-04-27,7.54,7.56,7.17,7.52,154900,0.0,0
2009-04-28,7.46,8.31,7.25,7.93,71900,0.0,0
2009-04-29,8.01,8.38,7.55,8.13,71000,0.0,0
2009-04-30,8.14,8.21,7.89,8.04,92200,0.0,0
2009-05-01,8.04,8.66,7.8,8.43,39800,0.0,0
2009-05-04,8.44,9.24,8.37,9.08,93500,0.0,0
2009-05-05,9.11,9.36,8.92,9.18,70800,0.0,0
2009-05-06,9.3,9.79,9.0,9.43,68500,0.0,0
2009-05-07,9.56,9.64,8.76,9.0,92200,0.0,0
2009-05-08,9.07,9.74,8.88,9.22,244900,0.0,0
2009-05-11,9.15,10.08,9.07,9.75,1261500,0.0,0
2009-05-12,9.75,9.75,8.7,9.41,122800,0.0,0
2009-05-13,9.52,9.52,8.8,8.89,95100,0.11,0
2009-05-14,8.9,9.66,8.55,9.32,56500,0.0,0
2009-05-15,9.34,9.71,9.2,9.32,62000,0.0,0
2009-05-18,9.36,10.21,9.32,10.14,92600,0.0,0
2009-05-19,10.03,10.72,9.76,10.53,63100,0.0,0
2009-05-20,10.78,11.33,10.74,10.95,125500,0.0,0
2009-05-21,10.63,10.66,10.4,10.62,60200,0.0,0
2009-05-22,10.66,11.26,10.23,10.81,71600,0.0,0
2009-05-26,10.7,11.46,10.51,11.46,71100,0.0,0
2009-05-27,11.39,11.5,10.46,10.55,105600,0.0,0
2009-05-28,10.67,11.31,10.5,11.3,64400,0.0,0
2009-05-29,11.19,11.24,10.78,11.24,101100,0.0,0
2009-06-01,11.34,12.06,11.06,11.87,148100,0.0,0
2009-06-02,11.99,13.77,11.78,13.54,167500,0.0,0
2009-06-03,13.45,13.68,13.22,13.51,95800,0.0,0
2009-06-04,13.61,14.08,13.48,14.0,78800,0.0,0
2009-06-05,14.01,14.13,13.28,13.59,77000,0.0,0
2009-06-08,13.59,13.59,13.05,13.4,43200,0.0,0
2009-06-09,13.4,13.74,13.05,13.53,83400,0.0,0
2009-06-10,13.61,13.61,12.99,13.39,67900,0.0,0
2009-06-11,13.39,14.39,13.33,14.15,59100,0.0,0
2009-06-12,14.07,14.22,13.54,14.08,33400,0.0,0
2009-06-15,13.77,14.25,13.58,14.25,71000,0.0,0
2009-06-16,14.39,14.66,13.16,13.17,57800,0.0,0
2009-06-17,13.21,13.62,12.48,13.38,68200,0.0,0
2009-06-18,13.42,14.37,13.42,13.94,87200,0.0,0
2009-06-19,14.13,14.66,13.71,14.23,110300,0.0,0
2009-06-22,13.99,14.05,13.54,13.58,104400,0.0,0
2009-06-23,13.82,13.92,13.07,13.48,38900,0.0,0
2009-06-24,13.63,14.11,13.63,13.92,28700,0.0,0
2009-06-25,13.84,14.59,13.7,14.58,72800,0.0,0
2009-06-26,14.54,17.27,14.54,17.27,542200,0.0,0
2009-06-29,16.56,17.2,16.43,16.67,230900,0.0,0
2009-06-30,16.93,16.96,15.9,16.01,113000,0.0,0
2009-07-01,16.24,17.24,15.99,16.77,81500,0.0,0
2009-07-02,16.42,16.69,16.26,16.4,57600,0.0,0
2009-07-06,16.4,17.02,16.03,16.93,52100,0.0,0
2009-07-07,17.03,17.18,16.74,16.82,75700,0.0,0
2009-07-08,16.89,16.9,15.59,16.14,80800,0.0,0
2009-07-09,16.3,16.3,15.55,15.75,60800,0.0,0
2009-07-10,15.59,16.12,15.59,16.03,52000,0.0,0
2009-07-13,16.16,17.49,15.97,17.38,70900,0.0,0
2009-07-14,17.33,17.75,16.86,17.49,40200,0.0,0
2009-07-15,17.7,17.93,17.31,17.84,93800,0.0,0
2009-07-16,17.75,17.75,17.16,17.56,62900,0.0,0
2009-07-17,17.76,17.83,17.39,17.75,33200,0.0,0
2009-07-20,17.77,18.29,17.72,18.12,65900,0.0,0
2009-07-21,18.2,18.93,18.05,18.93,64600,0.0,0
2009-07-22,18.6,19.36,18.51,18.81,51800,0.0,0
2009-07-23,18.82,19.39,18.54,19.25,118200,0.0,0
2009-07-24,19.79,20.34,19.06,20.11,67200,0.0,0
2009-07-27,20.34,20.54,20.23,20.4,51000,0.0,0
2009-07-28,20.34,20.88,20.31,20.85,64200,0.0,0
2009-07-29,20.74,21.15,20.44,20.95,58900,0.0,0
2009-07-30,20.95,22.98,20.95,21.39,146800,0.0,0
2009-07-31,21.34,21.93,21.18,21.18,35000,0.0,0
2009-08-03,21.55,21.93,21.29,21.4,43500,0.0,0
2009-08-04,21.3,21.75,21.18,21.67,33700,0.0,0
2009-08-05,21.67,21.74,20.74,21.26,29800,0.0,0
2009-08-06,21.18,21.52,20.25,20.5,39200,0.0,0
2009-08-07,20.87,21.92,20.87,21.47,55500,0.0,0
2009-08-10,21.36,22.06,21.36,21.79,41000,0.0,0
2009-08-11,21.83,21.83,21.21,21.27,45200,0.0,0
2009-08-12,21.27,22.31,21.27,22.06,37200,0.11,0
2009-08-13,22.02,22.37,21.39,21.93,55100,0.0,0
2009-08-14,21.86,21.86,20.14,20.92,44400,0.0,0
2009-08-17,20.24,20.24,19.0,19.51,41000,0.0,0
2009-08-18,19.82,20.37,19.6,19.74,24600,0.0,0
2009-08-19,19.7,20.46,19.35,20.41,73800,0.0,0
2009-08-20,20.44,20.44,19.88,20.08,23500,0.0,0
2009-08-21,20.32,20.56,20.12,20.35,37200,0.0,0
2009-08-24,20.46,20.92,20.08,20.26,34300,0.0,0
2009-08-25,20.44,21.02,20.35,20.86,36900,0.0,0
2009-08-26,20.88,21.11,20.09,20.39,45000,0.0,0
2009-08-27,20.4,20.4,19.4,20.32,18800,0.0,0
2009-08-28,20.42,20.42,19.7,19.95,37900,0.0,0
2009-08-31,19.64,19.82,18.89,19.6,23900,0.0,0
2009-09-01,19.53,19.57,18.34,18.43,72100,0.0,0
2009-09-02,18.45,19.14,18.08,18.21,31900,0.0,0
2009-09-03,18.56,18.94,18.24,18.82,32700,0.0,0
2009-09-04,18.99,19.72,18.81,19.68,25700,0.0,0
2009-09-08,20.01,20.23,19.84,20.09,32400,0.0,0
2009-09-09,20.23,20.94,20.1,20.83,31800,0.0,0
2009-09-10,20.7,20.7,20.2,20.49,30100,0.0,0
2009-09-11,20.46,20.59,19.99,20.48,42800,0.0,0
2009-09-14,20.39,20.51,19.93,20.48,19700,0.0,0
2009-09-15,20.34,20.44,19.28,19.36,54500,0.0,0
2009-09-16,19.47,19.79,19.24,19.78,42100,0.0,0
2009-09-17,19.83,20.22,19.74,19.82,20600,0.0,0
2009-09-18,19.95,19.97,19.44,19.78,36000,0.0,0
2009-09-21,19.51,19.62,19.04,19.14,25100,0.0,0
2009-09-22,19.35,19.44,19.18,19.34,42700,0.0,0
2009-09-23,19.35,19.71,19.22,19.28,43200,0.0,0
2009-09-24,19.34,19.34,18.81,19.19,24600,0.0,0
2009-09-25,19.06,19.17,18.31,18.84,36500,0.0,0
2009-09-28,19.0,19.36,18.66,18.87,35800,0.0,0
2009-09-29,18.85,19.09,18.62,18.77,32100,0.0,0
2009-09-30,18.72,18.82,18.14,18.49,45800,0.0,0
2009-10-01,18.46,18.46,17.7,17.7,25400,0.0,0
2009-10-02,17.47,18.09,17.35,17.8,30600,0.0,0
2009-10-05,17.85,17.97,17.49,17.7,42800,0.0,0
2009-10-06,17.77,18.5,17.58,18.16,53300,0.0,0
2009-10-07,18.09,18.81,18.02,18.77,19200,0.0,0
2009-10-08,18.87,19.53,18.87,19.18,27200,0.0,0
2009-10-09,19.14,20.62,19.14,20.42,63800,0.0,0
2009-10-12,20.53,21.88,20.48,21.23,63200,0.0,0
2009-10-13,21.27,21.38,20.48,21.22,33500,0.0,0
2009-10-14,21.48,21.8,21.28,21.62,27400,0.0,0
2009-10-15,21.37,21.46,21.19,21.34,44200,0.0,0
2009-10-16,21.26,21.37,20.9,21.27,25900,0.0,0
2009-10-19,21.29,21.52,21.12,21.22,23300,0.0,0
2009-10-20,21.28,21.55,20.38,20.89,69300,0.0,0
2009-10-21,20.91,21.16,19.89,19.95,27300,0.0,0
2009-10-22,19.91,20.53,19.89,20.22,61700,0.0,0
2009-10-23,20.14,20.45,19.19,19.27,66300,0.0,0
2009-10-26,19.31,20.26,19.25,20.05,69100,0.0,0
2009-10-27,20.18,20.4,19.41,19.44,34500,0.0,0
2009-10-28,19.41,19.54,18.9,18.9,54500,0.0,0
2009-10-29,19.03,20.45,18.99,20.01,68700,0.0,0
2009-10-30,19.89,19.9,18.96,19.36,85400,0.0,0
2009-11-02,19.44,20.15,19.32,19.88,53700,0.0,0
2009-11-03,19.77,19.88,18.98,19.54,60700,0.0,0
2009-11-04,19.75,19.87,19.2,19.44,40100,0.0,0
2009-11-05,19.6,20.64,19.5,20.58,45200,0.0,0
2009-11-06,20.42,20.87,20.11,20.8,60700,0.0,0
2009-11-09,20.92,21.22,20.7,21.21,68500,0.0,0
2009-11-10,21.14,21.45,20.96,21.22,41600,0.11,0
2009-11-11,21.38,21.38,21.11,21.16,40200,0.0,0
2009-11-12,21.15,21.53,21.13,21.18,36000,0.0,0
2009-11-13,21.22,21.91,21.03,21.61,48000,0.0,0
2009-11-16,21.9,22.65,21.9,22.45,88200,0.0,0
2009-11-17,22.37,22.6,22.2,22.55,37500,0.0,0
2009-11-18,22.62,22.86,22.36,22.86,57300,0.0,0
2009-11-19,22.59,23.21,22.24,23.06,77900,0.0,0
2009-11-20,22.94,23.42,22.87,23.33,55000,0.0,0
2009-11-23,23.48,24.0,23.45,23.75,54400,0.0,0
2009-11-24,24.34,24.34,22.49,23.46,49200,0.0,0
2009-11-25,23.52,23.9,23.39,23.53,47900,0.0,0
2009-11-27,22.28,23.24,22.28,22.81,41600,0.0,0
2009-11-30,22.87,24.28,22.7,24.0,332600,0.0,0
2009-12-01,24.29,25.26,24.29,25.05,81900,0.0,0
2009-12-02,25.13,25.41,24.48,24.93,62200,0.0,0
2009-12-03,25.08,25.54,24.55,24.77,49200,0.0,0
2009-12-04,25.42,25.63,25.1,25.53,76600,0.0,0
2009-12-07,25.5,25.61,25.18,25.41,33600,0.0,0
2009-12-08,25.28,26.04,24.96,25.25,50600,0.0,0
2009-12-09,25.34,25.34,24.5,24.84,31100,0.0,0
2009-12-10,24.99,25.29,24.53,24.65,38000,0.0,0
2009-12-11,24.71,25.11,24.54,24.73,47600,0.0,0
2009-12-14,25.38,25.38,24.29,24.97,40600,0.0,0
2009-12-15,24.88,25.22,24.49,24.71,65700,0.0,0
2009-12-16,25.02,25.55,24.89,25.34,60700,0.0,0
2009-12-17,25.15,25.31,23.93,24.17,42300,0.0,0
2009-12-18,24.38,24.46,22.39,23.51,111000,0.0,0
2009-12-21,23.74,24.42,23.71,24.35,34300,0.0,0
2009-12-22,24.54,25.23,24.35,24.55,39700,0.0,0
2009-12-23,24.89,25.34,24.84,25.15,57800,0.0,0
2009-12-24,25.18,25.37,24.99,25.23,6300,0.0,0
2009-12-28,25.12,25.54,24.63,24.91,45300,0.0,0
2009-12-29,25.02,25.25,24.83,25.1,5600,0.0,0
2009-12-30,24.91,25.24,24.47,25.21,25700,0.0,0
2009-12-31,25.07,25.61,25.02,25.32,27200,0.0,0
2010-01-04,25.5,25.63,25.41,25.63,21900,0.0,0
2010-01-05,25.52,25.52,25.22,25.38,29800,0.0,0
2010-01-06,25.28,25.34,24.81,25.09,18400,0.0,0
2010-01-07,25.12,25.37,24.77,25.25,13100,0.0,0
2010-01-08,25.15,25.3,24.47,25.23,15500,0.0,0
2010-01-11,25.28,25.28,24.29,24.32,12200,0.0,0
2010-01-12,24.12,24.53,23.08,23.18,29300,0.0,0
2010-01-13,23.42,23.71,23.2,23.42,27700,0.0,0
2010-01-14,23.34,23.52,23.2,23.25,13500,0.0,0
2010-01-15,23.26,23.34,22.49,23.16,62400,0.0,0
2010-01-19,23.12,23.59,23.02,23.39,44800,0.0,0
2010-01-20,23.31,23.44,22.58,23.17,25200,0.0,0
2010-01-21,23.16,23.19,22.11,22.87,51900,0.0,0
2010-01-22,22.78,23.26,22.08,22.89,45300,0.0,0
2010-01-25,23.06,23.07,22.71,22.8,22500,0.0,0
2010-01-26,22.63,22.72,22.33,22.6,22900,0.0,0
2010-01-27,22.39,22.66,21.7,22.58,24800,0.0,0
2010-01-28,22.69,22.69,21.46,21.5,32500,0.0,0
2010-01-29,21.57,21.71,20.12,20.82,57500,0.0,0
2010-02-01,20.82,22.2,20.82,21.72,36600,0.0,0
2010-02-02,21.81,21.81,20.88,20.88,68400,0.0,0
2010-02-03,20.86,21.08,19.67,20.33,79200,0.0,0
2010-02-04,20.12,20.44,19.73,19.77,50400,0.0,0
2010-02-05,19.77,19.92,18.87,19.73,110800,0.0,0
2010-02-08,19.63,19.63,18.45,18.68,59900,0.0,0
2010-02-09,18.93,18.93,18.41,18.55,75600,0.0,0
2010-02-10,18.49,19.56,18.46,19.51,63900,0.11,0
2010-02-11,19.38,19.93,19.18,19.78,92600,0.0,0
2010-02-12,19.62,19.82,19.49,19.51,41800,0.0,0
2010-02-16,19.63,19.86,19.48,19.81,59600,0.0,0
2010-02-17,19.81,20.39,19.73,19.91,44800,0.0,0
2010-02-18,19.91,19.91,19.44,19.63,86800,0.0,0
2010-02-19,19.59,19.62,19.22,19.29,41600,0.0,0
2010-02-22,19.3,19.5,18.92,19.17,35000,0.0,0
2010-02-23,19.17,19.21,19.03,19.07,50500,0.0,0
2010-02-24,19.07,19.49,18.77,19.25,77400,0.0,0
2010-02-25,18.93,19.14,18.68,19.14,46000,0.0,0
2010-02-26,19.0,19.26,18.94,19.15,51700,0.0,0
2010-03-01,19.14,19.89,19.08,19.83,51900,0.0,0
2010-03-02,19.8,20.82,19.8,20.54,94700,0.0,0
2010-03-03,20.68,20.8,20.39,20.49,19000,0.0,0
2010-03-04,20.5,20.61,20.28,20.53,12300,0.0,0
2010-03-05,20.59,20.83,20.45,20.67,35800,0.0,0
2010-03-08,20.77,20.78,20.46,20.51,19200,0.0,0
2010-03-09,20.38,20.77,20.07,20.32,73400,0.0,0
2010-03-10,20.23,20.7,20.23,20.49,40300,0.0,0
2010-03-11,20.4,20.64,20.18,20.38,29700,0.0,0
2010-03-12,20.5,20.5,19.92,20.05,27100,0.0,0
2010-03-15,19.94,20.06,19.91,19.97,23000,0.0,0
2010-03-16,20.01,20.37,19.93,20.14,28800,0.0,0
2010-03-17,20.12,20.27,19.97,20.08,27100,0.0,0
2010-03-18,20.0,20.17,19.89,19.9,26000,0.0,0
2010-03-19,19.59,20.01,19.13,19.59,81800,0.0,0
2010-03-22,19.4,19.78,19.25,19.49,26300,0.0,0
2010-03-23,19.43,19.5,19.21,19.4,40700,0.0,0
2010-03-24,19.33,19.66,19.33,19.4,64100,0.0,0
2010-03-25,19.5,19.72,19.09,19.33,53100,0.0,0
2010-03-26,19.4,19.53,19.33,19.36,27200,0.0,0
2010-03-29,19.36,19.48,19.33,19.43,25800,0.0,0
2010-03-30,19.4,19.6,19.33,19.53,21100,0.0,0
2010-03-31,19.37,19.7,19.33,19.53,43500,0.0,0
2010-04-01,19.64,19.72,19.35,19.51,24900,0.0,0
2010-04-05,19.59,21.73,19.41,21.71,70100,0.0,0
2010-04-06,21.63,22.34,21.24,21.37,70200,0.0,0
2010-04-07,21.24,21.58,21.06,21.25,26800,0.0,0
2010-04-08,21.1,21.18,20.52,20.71,36900,0.0,0
2010-04-09,20.64,20.64,20.18,20.3,19600,0.0,0
2010-04-12,20.21,20.65,20.09,20.51,31900,0.0,0
2010-04-13,20.57,20.84,20.37,20.63,40600,0.0,0
2010-04-14,20.68,21.01,20.48,20.79,30300,0.0,0
2010-04-15,20.7,21.12,20.48,21.11,17200,0.0,0
2010-04-16,21.1,21.1,20.41,20.73,34000,0.0,0
2010-04-19,20.48,20.82,20.32,20.77,25900,0.0,0
2010-04-20,20.79,21.29,20.74,21.29,12000,0.0,0
2010-04-21,21.26,21.64,21.18,21.47,18200,0.0,0
2010-04-22,21.17,21.51,21.1,21.49,9300,0.0,0
2010-04-23,21.52,21.52,21.3,21.52,15100,0.0,0
2010-04-26,21.72,21.72,21.44,21.55,10600,0.0,0
2010-04-27,21.4,21.47,20.4,20.9,33700,0.0,0
2010-04-28,21.03,21.03,20.67,20.95,12600,0.0,0
2010-04-29,21.06,21.54,20.95,21.48,23400,0.0,0
2010-04-30,21.23,22.44,21.23,22.26,39000,0.0,0
2010-05-03,22.27,23.29,22.25,23.29,33700,0.0,0
2010-05-04,22.93,23.05,22.43,22.63,43700,0.0,0
2010-05-05,22.45,22.68,22.04,22.09,40700,0.0,0
2010-05-06,22.05,22.05,20.08,21.26,67100,0.0,0
2010-05-07,21.16,21.16,19.91,20.11,42900,0.0,0
2010-05-10,21.44,21.59,20.96,21.58,36700,0.0,0
2010-05-11,21.39,22.0,21.39,21.64,19300,0.0,0
2010-05-12,21.64,22.23,21.45,22.09,50000,0.11,0
2010-05-13,21.91,22.25,21.91,21.99,16000,0.0,0
2010-05-14,21.88,21.96,21.52,21.73,16900,0.0,0
2010-05-17,21.95,22.2,21.52,22.12,47600,0.0,0
2010-05-18,22.5,22.71,21.65,21.7,46800,0.0,0
2010-05-19,21.62,21.77,20.85,21.14,55300,0.0,0
2010-05-20,20.82,20.97,19.77,19.88,84400,0.0,0
2010-05-21,19.55,20.12,19.31,20.06,65700,0.0,0
2010-05-24,19.95,20.14,19.01,19.36,31700,0.0,0
2010-05-25,18.87,19.91,18.87,19.89,92600,0.0,0
2010-05-26,20.3,20.69,19.99,20.29,105300,0.0,0
2010-05-27,20.75,21.52,20.51,21.44,40800,0.0,0
2010-05-28,21.45,21.62,21.19,21.47,42000,0.0,0
2010-06-01,21.35,21.35,20.51,20.52,34300,0.0,0
2010-06-02,20.64,21.33,20.34,21.3,41600,0.0,0
2010-06-03,21.36,21.36,20.55,21.29,54600,0.0,0
2010-06-04,20.82,21.13,20.22,20.29,82200,0.0,0
2010-06-07,20.32,20.48,19.4,19.43,53000,0.0,0
2010-06-08,19.71,20.08,19.41,19.99,81600,0.0,0
2010-06-09,20.16,20.91,19.42,19.59,66400,0.0,0
2010-06-10,19.87,20.09,19.44,19.99,53200,0.0,0
2010-06-11,19.66,19.99,19.56,19.97,55900,0.0,0
2010-06-14,20.06,20.47,19.86,20.0,53500,0.0,0
2010-06-15,20.31,20.9,20.11,20.87,85800,0.0,0
2010-06-16,20.69,21.11,20.64,20.69,46100,0.0,0
2010-06-17,20.81,20.85,20.19,20.29,19100,0.0,0
2010-06-18,20.44,20.52,19.93,19.94,57300,0.0,0
2010-06-21,20.17,20.65,19.82,19.93,48800,0.0,0
2010-06-22,19.93,20.39,19.72,19.73,50100,0.0,0
2010-06-23,19.63,19.72,19.33,19.42,56300,0.0,0
2010-06-24,19.19,19.93,19.19,19.42,61900,0.0,0
2010-06-25,19.52,19.86,19.37,19.67,60900,0.0,0
2010-06-28,19.71,19.79,19.52,19.65,21200,0.0,0
2010-06-29,19.26,19.51,18.7,18.83,59300,0.0,0
2010-06-30,18.88,19.03,18.29,18.41,79800,0.0,0
2010-07-01,18.47,18.47,17.72,18.3,77300,0.0,0
2010-07-02,18.37,18.41,17.61,17.64,36600,0.0,0
2010-07-06,18.02,18.13,17.45,17.51,36400,0.0,0
2010-07-07,17.6,17.91,17.53,17.91,58700,0.0,0
2010-07-08,18.05,18.05,17.7,18.0,46800,0.0,0
2010-07-09,17.9,18.43,17.9,18.36,67700,0.0,0
2010-07-12,18.25,18.31,17.76,18.16,45900,0.0,0
2010-07-13,18.37,19.9,18.37,19.79,58400,0.0,0
2010-07-14,19.73,19.73,19.28,19.41,27600,0.0,0
2010-07-15,19.4,19.74,18.96,19.38,35500,0.0,0
2010-07-16,19.16,19.25,18.49,18.53,38800,0.0,0
2010-07-19,18.54,18.61,18.23,18.43,7900,0.0,0
2010-07-20,18.14,19.09,18.14,19.08,45100,0.0,0
2010-07-21,19.22,19.53,18.49,18.49,49200,0.0,0
2010-07-22,18.76,19.23,18.7,19.16,29900,0.0,0
2010-07-23,19.02,19.67,18.63,19.66,22300,0.0,0
2010-07-26,19.68,20.86,19.44,20.84,34800,0.0,0
2010-07-27,21.05,21.51,21.05,21.36,29600,0.0,0
2010-07-28,21.4,21.48,20.87,21.0,27700,0.0,0
2010-07-29,21.1,21.6,21.1,21.37,45600,0.0,0
2010-07-30,21.51,22.07,21.2,22.01,35500,0.0,0
2010-08-02,22.29,22.95,22.02,22.9,69900,0.0,0
2010-08-03,22.9,22.9,21.88,21.91,63300,0.0,0
2010-08-04,21.98,22.15,21.7,22.08,35400,0.0,0
2010-08-05,21.88,22.13,21.79,21.86,34300,0.0,0
2010-08-06,21.59,21.75,20.78,21.25,37200,0.0,0
2010-08-09,21.41,21.85,21.0,21.7,35700,0.0,0
2010-08-10,21.39,21.39,20.8,20.85,36900,0.0,0
2010-08-11,20.31,20.4,19.17,19.26,59500,0.11,0
2010-08-12,18.85,19.25,18.66,18.72,26500,0.0,0
2010-08-13,18.59,18.81,18.28,18.4,50500,0.0,0
2010-08-16,18.17,18.86,18.17,18.58,31300,0.0,0
2010-08-17,18.76,19.4,18.52,19.22,47100,0.0,0
2010-08-18,19.26,19.26,18.93,18.95,24800,0.0,0
2010-08-19,18.82,18.86,17.95,17.95,72600,0.0,0
2010-08-20,17.79,18.85,17.65,18.49,58300,0.0,0
2010-08-23,18.68,18.74,17.81,17.86,27600,0.0,0
2010-08-24,17.48,17.83,17.34,17.44,30300,0.0,0
2010-08-25,17.24,18.02,17.07,17.91,25400,0.0,0
2010-08-26,17.94,18.09,17.54,17.61,21700,0.0,0
2010-08-27,17.91,18.6,17.67,18.57,29400,0.0,0
2010-08-30,18.45,18.45,17.87,17.89,20400,0.0,0
2010-08-31,17.78,18.24,17.67,17.98,21300,0.0,0
2010-09-01,18.33,19.18,18.1,18.96,32700,0.0,0
2010-09-02,18.9,19.1,18.37,18.79,13000,0.0,0
2010-09-03,19.03,19.67,18.97,19.58,24300,0.0,0
2010-09-07,19.56,19.57,18.55,18.65,38300,0.0,0
2010-09-08,18.76,19.28,18.71,19.14,19400,0.0,0
2010-09-09,19.5,19.5,18.85,18.99,8600,0.0,0
2010-09-10,19.01,19.39,18.99,19.33,26900,0.0,0
2010-09-13,19.58,19.96,19.38,19.88,25300,0.0,0
2010-09-14,19.84,20.01,19.6,19.89,25600,0.0,0
2010-09-15,19.85,20.01,19.77,19.87,22400,0.0,0
2010-09-16,19.74,19.94,19.16,19.22,11100,0.0,0
2010-09-17,19.47,19.84,19.28,19.73,24700,0.0,0
2010-09-20,19.68,20.68,19.49,20.66,25400,0.0,0
2010-09-21,20.65,20.65,20.19,20.38,21700,0.0,0
2010-09-22,20.38,20.55,20.14,20.46,30700,0.0,0
2010-09-23,20.25,20.72,19.97,20.01,17400,0.0,0
2010-09-24,20.36,20.76,20.34,20.74,27500,0.0,0
2010-09-27,20.75,20.84,20.31,20.75,14100,0.0,0
2010-09-28,20.84,21.04,20.45,21.04,19200,0.0,0
2010-09-29,20.9,21.24,20.58,21.13,30800,0.0,0
2010-09-30,21.33,21.58,20.98,21.57,57500,0.0,0
2010-10-01,21.66,21.66,21.26,21.46,25400,0.0,0
2010-10-04,21.43,21.46,20.53,20.58,20800,0.0,0
2010-10-05,20.9,22.14,20.42,22.07,48700,0.0,0
2010-10-06,21.98,22.15,21.51,21.6,31100,0.0,0
2010-10-07,21.85,21.85,21.02,21.19,15700,0.0,0
2010-10-08,21.23,21.67,21.02,21.5,21700,0.0,0
2010-10-11,21.51,21.73,21.51,21.63,13900,0.0,0
2010-10-12,21.5,21.69,21.5,21.64,26800,0.0,0
2010-10-13,21.8,22.24,21.62,21.9,52800,0.0,0
2010-10-14,21.92,21.98,21.57,21.69,30000,0.0,0
2010-10-15,22.02,22.04,21.47,21.48,31300,0.0,0
2010-10-18,21.6,21.82,21.6,21.73,22100,0.0,0
2010-10-19,21.27,21.82,20.92,21.02,17700,0.0,0
2010-10-20,21.22,21.83,21.17,21.3,12600,0.0,0
2010-10-21,21.53,21.71,20.06,20.45,21000,0.0,0
2010-10-22,20.58,20.61,19.73,20.37,16400,0.0,0
2010-10-25,20.53,20.7,20.09,20.24,10200,0.0,0
2010-10-26,20.12,20.49,20.0,20.07,26500,0.0,0
2010-10-27,19.87,20.25,19.37,19.77,29800,0.0,0
2010-10-28,20.01,20.08,19.74,19.8,10000,0.0,0
2010-10-29,19.4,20.01,18.81,19.64,52900,0.0,0
2010-11-01,19.78,19.9,19.33,19.53,25200,0.0,0
2010-11-02,19.84,19.99,19.53,19.96,18200,0.0,0
2010-11-03,20.0,20.07,19.85,19.94,13600,0.0,0
2010-11-04,20.22,20.91,20.22,20.9,23500,0.0,0
2010-11-05,20.96,20.99,20.69,20.84,19200,0.0,0
2010-11-08,20.68,20.74,20.41,20.62,7700,0.0,0
2010-11-09,20.65,20.69,19.53,19.69,32400,0.11,0
2010-11-10,19.76,20.37,19.76,20.27,23400,0.0,0
2010-11-11,20.1,20.37,19.98,20.02,9300,0.0,0
2010-11-12,19.74,20.01,19.31,19.37,16500,0.0,0
2010-11-15,19.45,19.61,18.99,19.0,25500,0.0,0
2010-11-16,18.98,19.08,18.26,18.43,44100,0.0,0
2010-11-17,18.43,19.02,17.96,18.79,20700,0.0,0
2010-11-18,18.96,19.34,18.72,18.98,22700,0.0,0
2010-11-19,19.0,19.0,18.8,18.83,23800,0.0,0
2010-11-22,18.76,18.91,18.56,18.74,18400,0.0,0
2010-11-23,18.41,18.56,18.28,18.31,12900,0.0,0
2010-11-24,18.57,18.81,18.36,18.51,20500,0.0,0
2010-11-26,18.29,18.68,18.29,18.51,12200,0.0,0
2010-11-29,18.31,18.65,18.31,18.53,16100,0.0,0
2010-11-30,18.24,18.38,18.14,18.28,38500,0.0,0
2010-12-01,18.72,18.72,18.32,18.43,28500,0.0,0
2010-12-02,18.41,18.83,18.28,18.64,34700,0.0,0
2010-12-03,18.53,18.93,18.48,18.6,19900,0.0,0
2010-12-06,18.52,19.14,18.52,18.97,39200,0.0,0
2010-12-07,19.31,19.67,19.07,19.58,44500,0.0,0
2010-12-08,19.03,19.3,18.83,18.87,31100,0.0,0
2010-12-09,19.1,19.84,19.06,19.68,45900,0.0,0
2010-12-10,19.68,21.15,19.56,21.0,58100,0.0,0
2010-12-13,21.02,21.02,20.64,20.67,35700,0.0,0
2010-12-14,20.83,21.02,20.24,20.88,31900,0.0,0
2010-12-15,20.84,21.11,20.58,20.76,40200,0.0,0
2010-12-16,20.74,21.06,20.4,20.88,39800,0.0,0
2010-12-17,20.93,21.11,20.24,20.77,110000,0.0,0
2010-12-20,20.79,20.84,20.34,20.62,45800,0.0,0
2010-12-21,20.77,20.97,20.58,20.79,34700,0.0,0
2010-12-22,20.81,20.85,20.63,20.83,16200,0.0,0
2010-12-23,20.86,21.19,20.86,21.02,24900,0.0,0
2010-12-27,21.0,21.34,20.93,21.28,17600,0.0,0
2010-12-28,21.25,21.51,21.17,21.35,13100,0.0,0
2010-12-29,21.35,21.44,21.02,21.11,19200,0.0,0
2010-12-30,21.14,21.24,20.77,20.77,14800,0.0,0
2010-12-31,20.77,20.91,20.31,20.31,20000,0.0,0
2011-01-03,20.49,20.9,20.42,20.79,21300,0.0,0
2011-01-04,20.79,20.79,19.71,20.07,36000,0.0,0
2011-01-05,19.98,20.03,19.37,19.9,18700,0.0,0
2011-01-06,19.84,19.97,19.42,19.5,30000,0.0,0
2011-01-07,19.5,19.89,19.09,19.55,28900,0.0,0
2011-01-10,19.4,19.65,19.29,19.57,41600,0.0,0
2011-01-11,19.65,20.3,19.49,20.16,25300,0.0,0
2011-01-12,20.41,20.54,20.31,20.38,12000,0.0,0
2011-01-13,20.47,20.47,20.17,20.42,13700,0.0,0
2011-01-14,20.47,20.75,20.42,20.57,18900,0.0,0
2011-01-18,20.48,21.38,20.26,21.04,31700,0.0,0
2011-01-19,20.96,20.96,19.84,20.03,26200,0.0,0
2011-01-20,19.85,20.13,19.77,19.82,13800,0.0,0
2011-01-21,20.0,20.31,19.58,19.63,27700,0.0,0
2011-01-24,19.7,19.93,19.57,19.58,14800,0.0,0
2011-01-25,19.49,19.86,19.49,19.67,20200,0.0,0
2011-01-26,19.8,20.42,19.49,19.86,32200,0.0,0
2011-01-27,19.89,20.18,19.76,19.89,13500,0.0,0
2011-01-28,19.95,21.01,19.76,19.82,91100,0.0,0
2011-01-31,20.23,20.61,20.1,20.23,26300,0.0,0
2011-02-01,20.32,20.49,19.78,20.44,49500,0.0,0
2011-02-02,20.42,20.93,20.27,20.89,26000,0.0,0
2011-02-03,20.93,21.13,20.72,20.96,39300,0.0,0
2011-02-04,21.01,21.03,20.78,20.91,25100,0.0,0
2011-02-07,20.89,21.57,20.89,21.34,26000,0.0,0
2011-02-08,21.39,21.49,21.13,21.39,26500,0.0,0
2011-02-09,21.44,22.1,21.24,21.89,41900,0.11,0
2011-02-10,21.77,22.4,21.54,22.03,69800,0.0,0
2011-02-11,21.89,22.53,21.83,22.52,18500,0.0,0
2011-02-14,22.57,22.65,22.39,22.48,14100,0.0,0
2011-02-15,22.48,22.71,22.34,22.65,19100,0.0,0
2011-02-16,22.67,23.13,22.67,23.13,27700,0.0,0
2011-02-17,23.06,23.34,22.87,23.34,31900,0.0,0
2011-02-18,23.34,24.62,23.34,24.29,57600,0.0,0
2011-02-22,23.94,24.9,23.85,24.38,73000,0.0,0
2011-02-23,24.48,25.13,23.32,23.69,87900,0.0,0
2011-02-24,23.65,24.15,23.37,23.76,31300,0.0,0
2011-02-25,23.86,25.29,23.02,25.21,57400,0.0,0
2011-02-28,25.33,25.59,24.78,25.54,28500,0.0,0
2011-03-01,25.51,25.63,25.1,25.44,32600,0.0,0
2011-03-02,25.47,25.47,24.85,24.98,25100,0.0,0
2011-03-03,25.42,25.68,25.37,25.55,28500,0.0,0
2011-03-04,25.51,25.51,24.62,25.09,26600,0.0,0
2011-03-07,25.28,25.28,24.37,24.74,22700,0.0,0
2011-03-08,24.82,25.43,24.55,25.09,18100,0.0,0
2011-03-09,25.09,25.25,24.67,24.82,24100,0.0,0
2011-03-10,24.67,24.67,22.95,22.97,52400,0.0,0
2011-03-11,22.95,23.09,22.68,22.83,26900,0.0,0
2011-03-14,22.83,23.56,22.06,23.27,29400,0.0,0
2011-03-15,22.88,24.04,22.88,23.59,39300,0.0,0
2011-03-16,23.59,24.09,23.37,23.45,38600,0.0,0
2011-03-17,23.84,23.92,23.58,23.77,30700,0.0,0
2011-03-18,23.9,24.99,23.9,24.83,72800,0.0,0
2011-03-21,25.1,25.59,24.86,25.58,23200,0.0,0
2011-03-22,25.59,25.67,25.33,25.46,14500,0.0,0
2011-03-23,25.33,25.9,24.92,25.86,34500,0.0,0
2011-03-24,25.86,25.88,25.41,25.51,17800,0.0,0
2011-03-25,25.65,26.4,25.48,25.76,27600,0.0,0
2011-03-28,25.8,25.86,25.39,25.44,32600,0.0,0
2011-03-29,25.62,25.71,25.03,25.21,26400,0.0,0
2011-03-30,25.29,25.76,25.17,25.72,19300,0.0,0
2011-03-31,25.75,26.16,25.74,26.07,22800,0.0,0
2011-04-01,26.26,26.44,26.14,26.42,29900,0.0,0
2011-04-04,26.41,27.13,26.07,26.89,59900,0.0,0
2011-04-05,26.85,26.85,25.46,25.77,29100,0.0,0
2011-04-06,25.83,26.04,25.68,25.7,36400,0.0,0
2011-04-07,25.64,25.83,24.95,24.96,23900,0.0,0
2011-04-08,25.13,25.13,24.35,24.44,52600,0.0,0
2011-04-11,24.36,24.51,24.14,24.29,18800,0.0,0
2011-04-12,24.17,24.37,23.41,23.45,18800,0.0,0
2011-04-13,23.3,24.14,23.18,23.31,32000,0.0,0
2011-04-14,23.3,23.41,23.21,23.32,12900,0.0,0
2011-04-15,23.26,23.48,23.23,23.39,23600,0.0,0
2011-04-18,23.29,23.97,23.28,23.95,26300,0.0,0
2011-04-19,24.04,24.25,23.77,23.85,28700,0.0,0
2011-04-20,23.89,23.93,23.41,23.65,20200,0.0,0
2011-04-21,23.85,23.85,23.56,23.71,22200,0.0,0
2011-04-25,23.57,23.63,23.46,23.58,9200,0.0,0
2011-04-26,23.69,24.39,23.55,24.23,17200,0.0,0
2011-04-27,24.16,24.22,24.01,24.06,6500,0.0,0
2011-04-28,24.09,25.3,24.09,25.13,40300,0.0,0
2011-04-29,25.13,25.13,23.6,23.9,26000,0.0,0
2011-05-02,23.93,23.93,22.22,22.22,33000,0.0,0
2011-05-03,22.22,22.99,22.22,22.57,39000,0.0,0
2011-05-04,22.64,22.74,21.95,21.95,25000,0.0,0
2011-05-05,21.85,22.13,21.56,21.87,38500,0.0,0
2011-05-06,22.23,22.85,21.55,21.59,40500,0.0,0
2011-05-09,21.8,21.8,21.01,21.65,71000,0.0,0
2011-05-10,21.78,22.67,21.52,22.54,50200,0.0,0
2011-05-11,22.52,22.6,21.91,22.03,47900,0.11,0
2011-05-12,21.93,22.92,21.87,22.84,63000,0.0,0
2011-05-13,22.81,22.92,22.14,22.25,32700,0.0,0
2011-05-16,22.1,23.13,22.1,22.46,66100,0.0,0
2011-05-17,22.31,22.83,21.94,22.55,71400,0.0,0
2011-05-18,22.53,23.11,22.41,22.72,40100,0.0,0
2011-05-19,22.92,22.92,22.0,22.13,32200,0.0,0
2011-05-20,21.9,22.1,21.71,21.89,27100,0.0,0
2011-05-23,21.44,22.36,21.44,22.22,26400,0.0,0
2011-05-24,22.39,22.39,21.15,21.47,39800,0.0,0
2011-05-25,21.34,22.11,21.34,21.48,49000,0.0,0
2011-05-26,21.46,21.85,21.37,21.82,17700,0.0,0
2011-05-27,21.85,22.22,21.85,21.96,17100,0.0,0
2011-05-31,22.18,22.37,21.75,22.21,77800,0.0,0
2011-06-01,22.04,22.04,20.61,20.68,49900,0.0,0
2011-06-02,20.71,20.96,20.64,20.88,20200,0.0,0
2011-06-03,20.53,21.39,20.34,20.44,42100,0.0,0
2011-06-06,20.32,20.64,20.05,20.07,26100,0.0,0
2011-06-07,20.28,20.65,20.06,20.36,38600,0.0,0
2011-06-08,20.31,21.01,20.21,20.67,37000,0.0,0
2011-06-09,20.45,20.95,19.98,20.61,42100,0.0,0
2011-06-10,20.51,21.0,19.97,20.14,37500,0.0,0
2011-06-13,20.21,20.44,19.9,19.91,36000,0.0,0
2011-06-14,20.13,20.31,20.0,20.15,21100,0.0,0
2011-06-15,19.9,20.11,19.53,19.7,32400,0.0,0
2011-06-16,20.0,20.93,19.56,20.6,48100,0.0,0
2011-06-17,20.76,21.18,20.25,20.6,69400,0.0,0
2011-06-20,20.53,21.0,20.53,20.6,40300,0.0,0
2011-06-21,20.76,20.87,20.27,20.74,36100,0.0,0
2011-06-22,20.65,21.32,20.21,20.55,29500,0.0,0
2011-06-23,20.28,20.69,19.74,20.65,33400,0.0,0
2011-06-24,20.66,20.82,20.27,20.54,106300,0.0,0
2011-06-27,20.44,21.12,20.38,21.06,21400,0.0,0
2011-06-28,21.1,21.22,20.81,21.01,18000,0.0,0
2011-06-29,21.15,22.07,20.85,21.09,155600,0.0,0
2011-06-30,21.12,22.03,20.81,22.03,43500,0.0,0
2011-07-01,21.89,22.64,21.71,22.5,35200,0.0,0
2011-07-05,22.39,22.49,21.63,21.87,22400,0.0,0
2011-07-06,21.75,21.87,21.1,21.5,23600,0.0,0
2011-07-07,21.72,22.07,21.47,22.06,31400,0.0,0
2011-07-08,21.69,21.9,21.36,21.75,22500,0.0,0
2011-07-11,21.6,21.6,21.25,21.28,20800,0.0,0
2011-07-12,21.26,21.75,20.93,21.31,20300,0.0,0
2011-07-13,21.44,21.68,20.76,20.89,29300,0.0,0
2011-07-14,20.99,20.99,20.24,20.31,29600,0.0,0
2011-07-15,20.41,20.62,20.31,20.45,16300,0.0,0
2011-07-18,20.41,20.41,19.64,19.69,15700,0.0,0
2011-07-19,19.73,20.84,19.67,20.71,37300,0.0,0
2011-07-20,20.64,20.89,20.45,20.65,12800,0.0,0
2011-07-21,20.84,21.68,20.63,21.67,47900,0.0,0
2011-07-22,21.66,22.27,21.42,21.92,35500,0.0,0
2011-07-25,21.75,22.25,21.75,22.04,20000,0.0,0
2011-07-26,22.13,22.19,21.41,21.46,11400,0.0,0
2011-07-27,21.43,21.48,20.15,20.34,32400,0.0,0
2011-07-28,20.39,20.82,20.03,20.36,38700,0.0,0
2011-07-29,20.23,20.62,19.82,20.21,23800,0.0,0
2011-08-01,20.5,20.5,19.53,19.8,50200,0.0,0
2011-08-02,19.66,19.87,18.79,19.04,35800,0.0,0
2011-08-03,19.14,19.59,18.91,19.5,44400,0.0,0
2011-08-04,19.41,19.5,18.62,18.64,31200,0.0,0
2011-08-05,18.85,19.03,17.93,18.71,25500,0.0,0
2011-08-08,18.34,18.86,15.36,15.39,82900,0.0,0
2011-08-09,15.87,16.05,12.94,15.46,134300,0.0,0
2011-08-10,15.08,15.14,13.37,13.39,63700,0.11,0
2011-08-11,13.56,14.41,12.72,14.13,100200,0.0,0
2011-08-12,14.3,14.41,13.64,13.84,51400,0.0,0
2011-08-15,14.08,14.33,13.91,14.13,55700,0.0,0
2011-08-16,14.09,14.09,13.55,13.77,55800,0.0,0
2011-08-17,13.89,13.93,13.47,13.79,47400,0.0,0
2011-08-18,13.42,13.51,12.96,13.43,91600,0.0,0
2011-08-19,13.04,13.35,13.0,13.02,75100,0.0,0
2011-08-22,13.33,13.34,12.65,13.12,65200,0.0,0
2011-08-23,13.14,13.93,13.14,13.51,82500,0.0,0
2011-08-24,13.56,14.0,13.45,13.82,119100,0.0,0
2011-08-25,14.07,14.3,13.95,14.15,103800,0.0,0
2011-08-26,14.09,15.03,13.89,14.99,55800,0.0,0
2011-08-29,15.25,16.05,14.9,15.98,47600,0.0,0
2011-08-30,15.79,16.43,15.71,16.2,67300,0.0,0
2011-08-31,16.28,16.5,15.43,15.59,65400,0.0,0
2011-09-01,15.62,15.8,14.78,14.82,28200,0.0,0
2011-09-02,14.41,14.59,13.82,14.03,53600,0.0,0
2011-09-06,13.64,13.88,13.18,13.82,51100,0.0,0
2011-09-07,14.12,14.56,13.99,14.55,27600,0.0,0
2011-09-08,14.36,14.63,13.76,13.93,28700,0.0,0
2011-09-09,13.75,13.93,13.27,13.76,42000,0.0,0
2011-09-12,13.49,13.65,13.19,13.62,49300,0.0,0
2011-09-13,13.7,14.17,13.68,13.86,24500,0.0,0
2011-09-14,14.01,14.3,13.58,14.15,21200,0.0,0
2011-09-15,14.31,15.06,14.07,14.93,53400,0.0,0
2011-09-16,15.02,15.17,14.59,15.15,55700,0.0,0
2011-09-19,14.84,15.04,14.19,14.4,23900,0.0,0
2011-09-20,14.49,14.88,13.97,14.0,42000,0.0,0
2011-09-21,14.04,14.04,12.65,12.65,42700,0.0,0
2011-09-22,12.26,12.71,12.15,12.35,57800,0.0,0
2011-09-23,12.35,13.71,12.19,13.66,58500,0.0,0
2011-09-26,13.76,13.79,13.42,13.73,40200,0.0,0
2011-09-27,14.08,14.23,13.5,13.7,53200,0.0,0
2011-09-28,13.75,13.89,12.69,12.69,44000,0.0,0
2011-09-29,12.95,13.17,12.41,13.06,31600,0.0,0
2011-09-30,12.83,13.1,12.54,12.6,37600,0.0,0
2011-10-03,12.47,12.64,11.47,11.48,45000,0.0,0
2011-10-04,11.37,11.92,11.28,11.83,87800,0.0,0
2011-10-05,11.9,12.25,11.77,12.17,53700,0.0,0
2011-10-06,12.07,12.63,12.07,12.6,58000,0.0,0
2011-10-07,12.65,12.8,12.09,12.14,60500,0.0,0
2011-10-10,12.48,12.8,12.39,12.8,55600,0.0,0
2011-10-11,12.65,12.9,12.65,12.87,36600,0.0,0
2011-10-12,12.96,14.14,12.86,14.06,41800,0.0,0
2011-10-13,13.94,14.26,13.61,14.24,17200,0.0,0
2011-10-14,14.37,14.47,14.11,14.41,30500,0.0,0
2011-10-17,14.32,14.33,13.48,13.49,24000,0.0,0
2011-10-18,13.58,14.0,13.34,13.79,36900,0.0,0
2011-10-19,13.67,13.7,13.08,13.16,29700,0.0,0
2011-10-20,13.11,13.27,12.71,13.14,30200,0.0,0
2011-10-21,13.4,13.45,13.16,13.32,22200,0.0,0
2011-10-24,13.4,13.97,13.4,13.91,30200,0.0,0
2011-10-25,13.82,13.82,13.21,13.3,33900,0.0,0
2011-10-26,13.62,13.78,12.85,13.45,29400,0.0,0
2011-10-27,13.97,14.65,13.53,14.37,97000,0.0,0
2011-10-28,14.76,15.28,14.72,14.72,38200,0.0,0
2011-10-31,14.37,14.37,13.72,13.8,44600,0.0,0
2011-11-01,13.47,13.47,12.39,12.58,55400,0.0,0
2011-11-02,12.84,13.81,12.83,13.75,32700,0.0,0
2011-11-03,14.0,14.52,13.27,14.44,45000,0.0,0
2011-11-04,14.24,14.32,14.04,14.12,11400,0.0,0
2011-11-07,14.07,14.07,13.35,13.57,32100,0.0,0
2011-11-08,13.71,13.91,13.56,13.82,19800,0.11,0
2011-11-09,13.34,13.54,11.93,11.94,64400,0.0,0
2011-11-10,12.2,12.43,12.01,12.25,30600,0.0,0
2011-11-11,12.39,12.74,9.86,11.71,174600,0.0,0
2011-11-14,11.63,11.75,11.35,11.64,68200,0.0,0
2011-11-15,11.54,12.02,11.24,11.86,58500,0.0,0
2011-11-16,11.67,12.01,11.42,11.44,55900,0.0,0
2011-11-17,11.48,11.83,10.81,11.02,41500,0.0,0
2011-11-18,11.02,11.67,10.8,11.05,40100,0.0,0
2011-11-21,10.81,11.0,10.49,10.86,36600,0.0,0
2011-11-22,10.87,11.02,10.52,10.55,41400,0.0,0
2011-11-23,10.41,10.81,9.97,9.98,61900,0.0,0
2011-11-25,9.96,10.51,9.96,10.05,20800,0.0,0
2011-11-28,10.52,11.22,10.45,11.12,43300,0.0,0
2011-11-29,11.12,11.53,10.87,10.91,33300,0.0,0
2011-11-30,11.46,12.23,11.31,12.22,68500,0.0,0
2011-12-01,12.21,12.21,11.75,11.8,35300,0.0,0
2011-12-02,12.01,12.13,11.9,12.05,14100,0.0,0
2011-12-05,12.27,12.68,12.15,12.67,46600,0.0,0
2011-12-06,12.62,12.97,12.41,12.79,74800,0.0,0
2011-12-07,12.69,13.08,12.21,12.93,33900,0.0,0
2011-12-08,12.75,12.78,12.07,12.08,33500,0.0,0
2011-12-09,12.18,12.92,12.09,12.81,23700,0.0,0
2011-12-12,12.58,12.92,12.13,12.24,17600,0.0,0
2011-12-13,12.39,12.77,11.91,11.95,38200,0.0,0
2011-12-14,11.87,12.44,11.74,12.44,49900,0.0,0
2011-12-15,12.69,12.69,12.21,12.47,31800,0.0,0
2011-12-16,12.64,13.0,12.54,12.95,66100,0.0,0
2011-12-19,13.04,13.04,12.55,12.73,45300,0.0,0
2011-12-20,13.04,13.43,12.83,13.39,91100,0.0,0
2011-12-21,13.36,13.38,12.86,13.25,24700,0.0,0
2011-12-22,13.32,13.47,13.29,13.41,10600,0.0,0
2011-12-23,13.48,13.49,13.2,13.36,16700,0.0,0
2011-12-27,13.24,13.35,13.04,13.07,12800,0.0,0
2011-12-28,13.04,13.19,12.51,12.71,37500,0.0,0
2011-12-29,12.73,13.03,12.61,12.77,45500,0.0,0
2011-12-30,12.7,12.95,12.7,12.73,24200,0.0,0
2012-01-03,13.07,13.34,12.42,12.81,79100,0.0,0
2012-01-04,12.67,13.19,12.56,12.88,28400,0.0,0
2012-01-05,12.7,12.98,12.58,12.93,17400,0.0,0
2012-01-06,12.96,12.96,12.27,12.6,138400,0.0,0
2012-01-09,12.7,13.65,12.7,13.37,31800,0.0,0
2012-01-10,13.66,14.02,13.63,13.83,32500,0.0,0
2012-01-11,13.74,13.83,13.43,13.75,20000,0.0,0
2012-01-12,13.83,14.58,13.51,14.49,25800,0.0,0
2012-01-13,14.17,14.39,13.83,14.07,22300,0.0,0
2012-01-17,14.2,14.44,13.92,13.98,31800,0.0,0
2012-01-18,14.02,14.43,13.92,14.39,20100,0.0,0
2012-01-19,14.47,15.01,14.4,14.97,18900,0.0,0
2012-01-20,15.01,15.56,14.79,15.27,33000,0.0,0
2012-01-23,15.36,15.49,15.19,15.49,10800,0.0,0
2012-01-24,15.28,15.41,15.13,15.26,26600,0.0,0
2012-01-25,15.19,15.35,14.98,15.26,22300,0.0,0
2012-01-26,15.36,15.4,15.22,15.32,17500,0.0,0
2012-01-27,14.97,15.28,14.72,14.92,16800,0.0,0
2012-01-30,14.6,14.6,13.93,14.04,16500,0.0,0
2012-01-31,14.2,14.2,13.44,13.79,40600,0.0,0
2012-02-01,13.95,15.22,13.79,15.13,40100,0.0,0
2012-02-02,15.19,15.19,14.62,14.94,29200,0.0,0
2012-02-03,15.37,15.56,15.04,15.28,52100,0.0,0
2012-02-06,15.18,15.33,14.85,14.94,15100,0.0,0
2012-02-07,14.97,14.97,14.33,14.54,21000,0.0,0
2012-02-08,14.51,14.66,14.23,14.37,9600,0.11,0
2012-02-09,14.37,14.37,13.74,13.83,57300,0.0,0
2012-02-10,13.6,13.8,13.39,13.61,20800,0.0,0
2012-02-13,13.87,13.99,13.62,13.96,14800,0.0,0
2012-02-14,13.8,13.93,13.21,13.35,22600,0.0,0
2012-02-15,13.5,13.51,13.22,13.27,12500,0.0,0
2012-02-16,13.36,14.51,13.36,14.51,22600,0.0,0
2012-02-17,14.58,14.58,14.28,14.33,13500,0.0,0
2012-02-21,14.31,14.43,13.88,13.97,16400,0.0,0
2012-02-22,13.85,13.85,13.26,13.42,16900,0.0,0
2012-02-23,13.38,13.75,13.25,13.72,16400,0.0,0
2012-02-24,13.68,14.08,13.63,13.83,21200,0.0,0
2012-02-27,13.63,13.95,13.56,13.85,15500,0.0,0
2012-02-28,13.92,13.92,13.64,13.71,11100,0.0,0
2012-02-29,13.71,13.94,13.31,13.31,22500,0.0,0
2012-03-01,13.42,13.84,13.42,13.72,17000,0.0,0
2012-03-02,13.77,13.88,12.69,12.93,43600,0.0,0
2012-03-05,12.88,13.01,12.37,12.91,26800,0.0,0
2012-03-06,12.7,12.86,12.54,12.59,24900,0.0,0
2012-03-07,12.69,12.8,12.64,12.72,12100,0.0,0
2012-03-08,12.83,12.83,12.54,12.72,18200,0.0,0
2012-03-09,12.68,13.42,12.68,12.99,19400,0.0,0
2012-03-12,13.06,13.69,13.05,13.5,16500,0.0,0
2012-03-13,13.72,14.47,13.35,14.41,52300,0.0,0
2012-03-14,14.43,14.47,14.2,14.35,9400,0.0,0
2012-03-15,14.31,14.31,13.55,13.9,22600,0.0,0
2012-03-16,13.97,14.3,13.71,14.02,54900,0.0,0
2012-03-19,13.92,14.46,13.81,14.19,33800,0.0,0
2012-03-20,14.01,14.47,14.01,14.31,20200,0.0,0
2012-03-21,14.44,14.44,14.23,14.26,16900,0.0,0
2012-03-22,14.01,14.23,13.91,14.09,18700,0.0,0
2012-03-23,14.15,14.43,14.15,14.38,25600,0.0,0
2012-03-26,14.58,14.7,14.39,14.68,21700,0.0,0
2012-03-27,14.71,14.71,14.04,14.5,19400,0.0,0
2012-03-28,14.5,14.62,14.21,14.57,29400,0.0,0
2012-03-29,14.39,14.39,14.12,14.18,8500,0.0,0
2012-03-30,14.35,14.35,13.8,13.8,22700,0.0,0
2012-04-02,13.79,14.91,13.71,14.7,34100,0.0,0
2012-04-03,14.66,14.7,14.27,14.66,21600,0.0,0
2012-04-04,14.4,14.48,14.13,14.15,20200,0.0,0
2012-04-05,14.02,14.31,13.92,13.96,13600,0.0,0
2012-04-09,13.6,14.04,13.56,13.57,28100,0.0,0
2012-04-10,13.57,13.63,12.95,12.99,33700,0.0,0
2012-04-11,13.2,13.39,12.98,13.39,24800,0.0,0
2012-04-12,13.43,13.8,13.34,13.63,13000,0.0,0
2012-04-13,13.53,13.76,13.33,13.34,36200,0.0,0
2012-04-16,13.61,14.13,13.39,13.91,26800,0.0,0
2012-04-17,14.02,14.48,14.02,14.23,15700,0.0,0
2012-04-18,14.08,14.21,13.26,13.45,27500,0.0,0
2012-04-19,13.5,13.97,13.4,13.71,28000,0.0,0
2012-04-20,13.98,14.31,13.65,13.7,25900,0.0,0
2012-04-23,13.34,13.47,12.94,13.07,43900,0.0,0
2012-04-24,13.07,13.12,12.63,12.93,25200,0.0,0
2012-04-25,13.11,13.3,12.88,12.98,25200,0.0,0
2012-04-26,12.9,13.3,12.87,13.0,29300,0.0,0
2012-04-27,13.08,13.61,13.04,13.61,14400,0.0,0
2012-04-30,13.48,13.79,13.28,13.57,40000,0.0,0
2012-05-01,13.53,13.92,13.16,13.18,35300,0.0,0
2012-05-02,13.06,13.24,12.66,12.73,36000,0.0,0
2012-05-03,12.73,12.86,12.29,12.65,20000,0.0,0
2012-05-04,12.59,12.71,12.14,12.22,34400,0.0,0
2012-05-07,12.11,12.49,12.11,12.17,21000,0.0,0
2012-05-08,12.0,12.29,11.73,12.19,29100,0.0,0
2012-05-09,11.97,12.45,11.93,12.14,26000,0.11,0
2012-05-10,12.3,12.5,12.18,12.32,16400,0.0,0
2012-05-11,12.12,12.22,11.89,12.0,22000,0.0,0
2012-05-14,11.79,12.62,11.52,11.67,41000,0.0,0
2012-05-15,11.69,12.09,11.39,11.45,22000,0.0,0
2012-05-16,11.53,11.97,11.41,11.44,46800,0.0,0
2012-05-17,11.41,11.73,11.41,11.59,37700,0.0,0
2012-05-18,11.53,11.61,11.31,11.38,22200,0.0,0
2012-05-21,11.48,11.89,11.47,11.77,21100,0.0,0
2012-05-22,11.72,11.77,11.07,11.29,42000,0.0,0
2012-05-23,11.17,11.54,11.17,11.27,25000,0.0,0
2012-05-24,11.31,11.33,11.06,11.26,15200,0.0,0
2012-05-25,11.23,11.61,11.23,11.38,25900,0.0,0
2012-05-29,11.57,11.73,11.41,11.57,15500,0.0,0
2012-05-30,11.37,11.49,11.13,11.19,21600,0.0,0
2012-05-31,11.24,11.37,10.89,11.23,47300,0.0,0
2012-06-01,10.89,11.2,10.77,10.77,29800,0.0,0
2012-06-04,10.93,11.65,10.86,11.34,68500,0.0,0
2012-06-05,11.21,11.64,11.21,11.36,16100,0.0,0
2012-06-06,11.51,11.89,11.51,11.82,16700,0.0,0
2012-06-07,11.99,12.0,11.43,11.64,40200,0.0,0
2012-06-08,11.59,11.78,11.33,11.37,26200,0.0,0
2012-06-11,11.57,11.57,10.65,10.73,39100,0.0,0
2012-06-12,10.73,11.0,10.53,10.96,37000,0.0,0
2012-06-13,10.87,11.21,10.87,10.93,23200,0.0,0
2012-06-14,10.99,11.21,10.85,11.12,41800,0.0,0
2012-06-15,11.13,11.43,11.04,11.33,52900,0.0,0
2012-06-18,11.23,11.23,10.84,10.91,32500,0.0,0
2012-06-19,10.94,11.4,10.88,11.29,25000,0.0,0
2012-06-20,11.3,11.45,10.98,11.25,22700,0.0,0
2012-06-21,11.2,11.39,10.97,10.99,11800,0.0,0
2012-06-22,11.13,11.33,10.98,11.06,38300,0.0,0
2012-06-25,10.77,10.97,10.6,10.61,11900,0.0,0
2012-06-26,10.77,10.96,10.59,10.71,11100,0.0,0
2012-06-27,10.78,11.51,10.61,11.48,32200,0.0,0
2012-06-28,11.29,12.58,11.1,12.28,47500,0.0,0
2012-06-29,12.56,12.77,11.99,12.59,68500,0.0,0
2012-07-02,12.65,12.81,12.22,12.78,44100,0.0,0
2012-07-03,12.79,12.8,12.38,12.8,22500,0.0,0
2012-07-05,12.61,12.74,12.47,12.65,19700,0.0,0
2012-07-06,12.47,12.66,12.36,12.59,37600,0.0,0
2012-07-09,12.61,12.66,12.28,12.64,19600,0.0,0
2012-07-10,12.44,12.64,12.34,12.42,34900,0.0,0
2012-07-11,12.5,12.56,12.17,12.39,16800,0.0,0
2012-07-12,12.27,12.27,11.82,11.88,65300,0.0,0
2012-07-13,11.97,12.66,11.89,12.66,19200,0.0,0
2012-07-16,12.54,13.06,12.35,12.7,50800,0.0,0
2012-07-17,12.82,13.12,12.73,12.82,16400,0.0,0
2012-07-18,12.82,12.87,12.72,12.81,22800,0.0,0
2012-07-19,12.85,12.85,12.47,12.47,8700,0.0,0
2012-07-20,12.3,12.3,11.59,11.59,19300,0.0,0
2012-07-23,11.28,11.47,11.13,11.17,20200,0.0,0
2012-07-24,11.18,11.18,10.58,10.67,24900,0.0,0
2012-07-25,10.81,10.97,10.61,10.87,10200,0.0,0
2012-07-26,11.17,11.17,10.65,10.87,44100,0.0,0
2012-07-27,10.89,11.69,10.81,11.65,23800,0.0,0
2012-07-30,11.57,11.69,11.22,11.29,14000,0.0,0
2012-07-31,11.3,11.34,10.97,11.14,22300,0.0,0
2012-08-01,11.21,11.3,10.87,10.9,41600,0.0,0
2012-08-02,10.86,11.29,10.65,10.96,115000,0.0,0
2012-08-03,11.16,11.29,10.82,10.93,47700,0.0,0
2012-08-06,10.98,11.13,10.85,10.92,31500,0.0,0
2012-08-07,10.89,11.33,10.85,11.01,51200,0.0,0
2012-08-08,11.09,11.21,10.88,10.97,29100,0.11,0
2012-08-09,10.99,11.22,10.87,11.13,28700,0.0,0
2012-08-10,11.13,11.69,10.94,11.63,15600,0.0,0
2012-08-13,11.58,11.71,11.24,11.62,25000,0.0,0
2012-08-14,11.75,11.91,11.47,11.71,42600,0.0,0
2012-08-15,11.62,11.84,11.62,11.78,55500,0.0,0
2012-08-16,11.8,12.35,11.79,12.31,20800,0.0,0
2012-08-17,12.27,12.49,12.11,12.47,20400,0.0,0
2012-08-20,12.35,12.52,12.16,12.34,17300,0.0,0
2012-08-21,12.35,12.52,12.11,12.27,35300,0.0,0
2012-08-22,12.21,12.47,11.97,12.19,7200,0.0,0
2012-08-23,12.11,12.17,11.94,11.97,5700,0.0,0
2012-08-24,11.9,12.35,11.9,12.23,25600,0.0,0
2012-08-27,12.35,12.35,11.92,12.12,17600,0.0,0
2012-08-28,12.07,12.42,12.07,12.22,18300,0.0,0
2012-08-29,12.22,12.39,12.2,12.28,15400,0.0,0
2012-08-30,12.21,12.24,12.0,12.1,26800,0.0,0
2012-08-31,12.25,12.25,12.03,12.05,17300,0.0,0
2012-09-04,12.1,12.16,11.97,12.14,24300,0.0,0
2012-09-05,12.11,12.11,11.9,12.05,30600,0.0,0
2012-09-06,12.02,12.96,12.02,12.93,95700,0.0,0
2012-09-07,12.96,13.56,12.88,13.46,43900,0.0,0
2012-09-10,13.4,13.4,13.08,13.1,15900,0.0,0
2012-09-11,13.18,13.36,13.06,13.2,15400,0.0,0
2012-09-12,13.31,13.32,12.98,13.1,15200,0.0,0
2012-09-13,13.18,13.73,13.06,13.63,29600,0.0,0
2012-09-14,13.78,14.04,13.59,13.71,34900,0.0,0
2012-09-17,13.69,13.82,13.52,13.77,29600,0.0,0
2012-09-18,13.72,13.73,13.4,13.66,17300,0.0,0
2012-09-19,13.79,13.91,13.45,13.67,13600,0.0,0
2012-09-20,13.52,13.69,13.49,13.57,14900,0.0,0
2012-09-21,13.85,14.26,13.76,14.19,48000,0.0,0
2012-09-24,14.08,14.46,13.94,14.46,30000,0.0,0
2012-09-25,14.53,14.53,13.66,13.69,50900,0.0,0
2012-09-26,13.7,13.82,13.49,13.63,20100,0.0,0
2012-09-27,13.71,13.71,12.8,13.03,46600,0.0,0
2012-09-28,12.92,12.98,12.73,12.88,47900,0.0,0
2012-10-01,12.94,13.13,12.76,12.93,45400,0.0,0
2012-10-02,12.98,13.11,12.72,13.0,19600,0.0,0
2012-10-03,13.03,13.03,12.6,12.67,23200,0.0,0
2012-10-04,12.77,12.98,12.77,12.91,12200,0.0,0
2012-10-05,12.97,13.06,12.81,12.86,12900,0.0,0
2012-10-08,12.74,12.74,12.26,12.57,20800,0.0,0
2012-10-09,12.55,12.72,12.5,12.56,9200,0.0,0
2012-10-10,12.63,12.68,12.53,12.68,8500,0.0,0
2012-10-11,12.86,12.91,12.65,12.8,6800,0.0,0
2012-10-12,12.77,12.89,12.59,12.59,9000,0.0,0
2012-10-15,12.6,12.82,12.52,12.67,14600,0.0,0
2012-10-16,12.73,13.0,12.73,12.95,19200,0.0,0
2012-10-17,13.02,13.31,13.0,13.22,43400,0.0,0
2012-10-18,13.25,13.28,12.19,12.19,42500,0.0,0
2012-10-19,12.14,12.24,11.55,11.92,41200,0.0,0
2012-10-22,11.93,12.16,11.92,12.12,7400,0.0,0
2012-10-23,11.97,12.43,11.97,12.35,25500,0.0,0
2012-10-24,12.26,12.31,12.16,12.18,4000,0.0,0
2012-10-25,12.29,12.29,12.06,12.17,3100,0.0,0
2012-10-26,12.11,13.24,12.11,13.24,53000,0.0,0
2012-10-31,13.03,13.26,13.03,13.15,18300,0.0,0
2012-11-01,13.19,13.65,13.19,13.52,27000,0.0,0
2012-11-02,13.61,13.61,12.87,13.2,33400,0.0,0
2012-11-05,13.16,13.65,13.16,13.23,17900,0.0,0
2012-11-06,13.32,13.6,13.31,13.37,14800,0.0,0
2012-11-07,13.2,13.2,12.81,12.81,31300,0.11,0
2012-11-08,12.75,12.99,12.29,12.3,29800,0.0,0
2012-11-09,12.26,12.38,12.16,12.27,32700,0.0,0
2012-11-12,12.2,12.57,12.18,12.19,10400,0.0,0
2012-11-13,12.12,12.41,12.11,12.27,46000,0.0,0
2012-11-14,12.35,12.36,12.1,12.2,16400,0.0,0
2012-11-15,12.22,12.32,12.06,12.11,16400,0.0,0
2012-11-16,12.06,12.49,12.06,12.43,27800,0.0,0
2012-11-19,12.63,12.7,12.35,12.45,12500,0.0,0
2012-11-20,12.45,12.45,12.2,12.38,5200,0.0,0
2012-11-21,12.5,12.72,12.38,12.68,7400,0.0,0
2012-11-23,12.76,13.36,12.76,13.36,18100,0.0,0
2012-11-26,13.25,13.7,13.14,13.47,44300,0.0,0
2012-11-27,13.4,13.46,13.14,13.27,19000,0.0,0
2012-11-28,13.09,13.09,12.83,13.01,10100,0.0,0
2012-11-29,13.13,13.2,12.94,13.06,8000,0.0,0
2012-11-30,13.14,13.18,12.88,13.09,31500,0.0,0
2012-12-03,13.2,13.31,12.92,13.13,8900,0.0,0
2012-12-04,13.1,13.34,12.92,12.96,7300,0.0,0
2012-12-05,13.0,13.0,12.68,12.76,7400,0.0,0
2012-12-06,12.69,13.01,12.63,12.8,9200,0.0,0
2012-12-07,12.92,12.92,12.67,12.77,16300,0.0,0
2012-12-10,12.81,12.89,12.62,12.8,30200,0.0,0
2012-12-11,12.95,13.07,12.79,12.98,21400,0.0,0
2012-12-12,13.0,13.0,12.67,12.68,18300,0.0,0
2012-12-13,12.77,12.91,12.6,12.72,10000,0.0,0
2012-12-14,12.71,12.96,12.62,12.83,23600,0.0,0
2012-12-17,12.91,12.92,12.79,12.92,49700,0.0,0
2012-12-18,13.0,13.15,12.81,13.09,33500,0.0,0
2012-12-19,13.14,13.65,12.98,13.42,23300,0.0,0
2012-12-20,13.4,13.95,13.36,13.83,35800,0.0,0
2012-12-21,13.82,13.82,13.49,13.81,87600,0.0,0
2012-12-24,13.75,13.82,13.73,13.82,6900,0.0,0
2012-12-26,13.82,13.86,13.68,13.79,7800,0.0,0
2012-12-27,13.86,13.86,13.62,13.74,11900,0.0,0
2012-12-28,13.7,13.97,13.62,13.82,18900,0.0,0
2012-12-31,13.79,14.18,13.64,14.04,34900,0.0,0
2013-01-02,14.48,14.48,14.11,14.25,53800,0.0,0
2013-01-03,14.24,14.41,13.96,14.17,17800,0.0,0
2013-01-04,14.27,14.31,14.06,14.21,32600,0.0,0
2013-01-07,14.12,14.28,14.01,14.04,23100,0.0,0
2013-01-08,13.99,14.2,13.75,13.9,30100,0.0,0
2013-01-09,13.99,14.09,13.75,13.9,8900,0.0,0
2013-01-10,14.02,14.02,13.45,13.63,22100,0.0,0
2013-01-11,13.71,13.71,13.08,13.15,17900,0.0,0
2013-01-14,13.05,13.05,12.83,12.96,13200,0.0,0
2013-01-15,12.81,12.92,12.64,12.86,34000,0.0,0
2013-01-16,12.77,12.95,12.77,12.88,90500,0.0,0
2013-01-17,12.99,13.41,12.92,13.33,43500,0.0,0
2013-01-18,13.37,14.01,13.33,13.83,37900,0.0,0
2013-01-22,13.79,14.18,13.79,14.11,21600,0.0,0
2013-01-23,14.11,14.11,13.76,13.92,17900,0.0,0
2013-01-24,13.9,14.11,13.9,13.98,10800,0.0,0
2013-01-25,13.98,13.98,13.62,13.82,18900,0.0,0
2013-01-28,13.63,13.89,13.61,13.8,17000,0.0,0
2013-01-29,13.73,13.94,13.7,13.88,57300,0.0,0
2013-01-30,13.82,13.82,13.59,13.66,35200,0.0,0
2013-01-31,13.65,13.86,13.65,13.83,47700,0.0,0
2013-02-01,13.96,14.42,13.86,14.21,109400,0.0,0
2013-02-04,14.09,14.09,13.79,13.96,40800,0.0,0
2013-02-05,13.98,14.43,13.87,14.31,70000,0.0,0
2013-02-06,14.31,14.68,14.29,14.6,67600,0.11,0
2013-02-07,14.56,14.56,14.4,14.48,19900,0.0,0
2013-02-08,14.41,15.13,14.4,15.08,33600,0.0,0
2013-02-11,15.07,15.83,14.89,15.76,43900,0.0,0
2013-02-12,15.74,16.24,15.65,16.19,32100,0.0,0
2013-02-13,16.21,16.27,15.95,16.03,71500,0.0,0
2013-02-14,15.93,16.15,15.92,15.97,40500,0.0,0
2013-02-15,15.98,15.98,15.68,15.79,23600,0.0,0
2013-02-19,15.75,15.79,15.52,15.66,60500,0.0,0
2013-02-20,15.62,15.7,14.95,15.01,62000,0.0,0
2013-02-21,14.98,14.98,14.58,14.88,41100,0.0,0
2013-02-22,15.07,15.32,14.67,14.92,45300,0.0,0
2013-02-25,15.0,15.25,14.62,14.67,61200,0.0,0
2013-02-26,14.73,14.93,14.49,14.76,32900,0.0,0
2013-02-27,14.85,15.99,14.71,15.06,13600,0.0,0
2013-02-28,15.06,15.62,14.89,15.46,24800,0.0,0
2013-03-01,15.22,15.61,15.22,15.39,20900,0.0,0
2013-03-04,15.44,15.75,15.39,15.75,27300,0.0,0
2013-03-05,15.75,16.13,15.65,15.74,25100,0.0,0
2013-03-06,15.75,16.06,15.55,15.95,34500,0.0,0
2013-03-07,16.0,16.61,15.99,16.42,22700,0.0,0
2013-03-08,16.6,17.08,16.37,16.92,27800,0.0,0
2013-03-11,16.78,16.89,16.52,16.65,35600,0.0,0
2013-03-12,16.56,16.67,16.49,16.62,20900,0.0,0
2013-03-13,16.59,16.87,16.38,16.74,8700,0.0,0
2013-03-14,16.74,16.78,16.25,16.48,26200,0.0,0
2013-03-15,16.51,17.02,16.36,16.8,78100,0.0,0
2013-03-18,16.64,16.76,16.22,16.53,16000,0.0,0
2013-03-19,16.68,17.18,16.63,17.07,25500,0.0,0
2013-03-20,17.13,17.17,16.65,16.69,17300,0.0,0
2013-03-21,16.6,16.74,16.44,16.44,38000,0.0,0
2013-03-22,16.58,16.92,16.36,16.86,16900,0.0,0
2013-03-25,16.87,17.01,16.26,16.6,21400,0.0,0
2013-03-26,16.76,16.76,16.15,16.34,18100,0.0,0
2013-03-27,16.15,16.36,15.97,16.02,27000,0.0,0
2013-03-28,16.14,16.24,15.73,15.93,53000,0.0,0
2013-04-01,15.93,15.93,15.44,15.59,25700,0.0,0
2013-04-02,15.79,15.79,15.05,15.16,53600,0.0,0
2013-04-03,15.19,15.35,15.04,15.16,20700,0.0,0
2013-04-04,15.12,15.24,15.01,15.17,19900,0.0,0
2013-04-05,14.76,15.09,14.74,14.99,22100,0.0,0
2013-04-08,15.1,15.35,15.07,15.28,20000,0.0,0
2013-04-09,15.35,15.66,15.27,15.55,14600,0.0,0
2013-04-10,15.63,16.38,15.49,16.15,28300,0.0,0
2013-04-11,16.12,16.14,15.51,15.59,34100,0.0,0
2013-04-12,15.57,15.61,15.08,15.15,11400,0.0,0
2013-04-15,15.07,15.07,13.95,14.18,47000,0.0,0
2013-04-16,14.28,14.43,13.93,14.07,43300,0.0,0
2013-04-17,13.95,14.18,13.7,13.93,24300,0.0,0
2013-04-18,13.91,13.98,13.7,13.86,27000,0.0,0
2013-04-19,13.83,14.39,13.83,14.12,24600,0.0,0
2013-04-22,14.25,14.35,13.9,14.05,11000,0.0,0
2013-04-23,14.15,14.55,14.0,14.43,14800,0.0,0
2013-04-24,14.4,14.66,14.39,14.5,9200,0.0,0
2013-04-25,14.6,14.94,14.44,14.85,23000,0.0,0
2013-04-26,14.86,15.12,14.63,14.84,27400,0.0,0
2013-04-29,14.89,15.12,14.89,15.03,11700,0.0,0
2013-04-30,15.03,15.44,15.03,15.13,11400,0.0,0
2013-05-01,15.03,15.05,14.58,14.82,42100,0.0,0
2013-05-02,14.93,15.25,14.8,15.1,21900,0.0,0
2013-05-03,15.37,15.68,15.22,15.48,9600,0.0,0
2013-05-06,15.52,15.54,15.06,15.12,13400,0.0,0
2013-05-07,15.21,15.47,15.08,15.34,9400,0.0,0
2013-05-08,15.25,15.63,15.13,15.62,16400,0.11,0
2013-05-09,15.63,15.82,15.47,15.6,23600,0.0,0
2013-05-10,15.68,15.76,15.19,15.76,8800,0.0,0
2013-05-13,15.56,15.83,15.56,15.67,11200,0.0,0
2013-05-14,15.66,15.71,15.47,15.71,47200,0.0,0
2013-05-15,15.71,15.83,15.59,15.75,25900,0.0,0
2013-05-16,15.74,15.97,15.64,15.89,36900,0.0,0
2013-05-17,15.92,16.23,15.75,16.13,29800,0.0,0
2013-05-20,16.03,16.2,16.01,16.2,19300,0.0,0
2013-05-21,16.25,16.44,16.16,16.37,14300,0.0,0
2013-05-22,16.39,16.45,15.9,15.94,12500,0.0,0
2013-05-23,15.84,15.89,15.48,15.89,15600,0.0,0
2013-05-24,15.84,16.18,15.84,16.1,20800,0.0,0
2013-05-28,16.23,16.45,16.22,16.35,34600,0.0,0
2013-05-29,16.04,16.41,16.04,16.12,23700,0.0,0
2013-05-30,16.01,16.38,15.99,16.38,18900,0.0,0
2013-05-31,16.22,16.37,15.9,16.34,22500,0.0,0
2013-06-03,16.18,16.46,16.0,16.35,49700,0.0,0
2013-06-04,16.36,16.37,15.9,16.04,25800,0.0,0
2013-06-05,16.06,16.06,15.63,15.65,13600,0.0,0
2013-06-06,15.71,15.72,15.48,15.72,10000,0.0,0
2013-06-07,15.86,16.13,15.86,16.04,6600,0.0,0
2013-06-10,16.03,16.12,15.96,16.1,6700,0.0,0
2013-06-11,15.73,15.95,15.67,15.72,11200,0.0,0
2013-06-12,15.81,15.86,15.63,15.67,14400,0.0,0
2013-06-13,15.72,15.88,15.45,15.83,12500,0.0,0
2013-06-14,15.84,15.84,15.39,15.42,7300,0.0,0
2013-06-17,15.65,15.84,15.36,15.52,21500,0.0,0
2013-06-18,15.56,15.75,15.55,15.62,10200,0.0,0
2013-06-19,15.59,15.77,15.47,15.48,7000,0.0,0
2013-06-20,15.16,15.16,14.5,14.81,29800,0.0,0
2013-06-21,14.89,15.1,14.78,15.09,54100,0.0,0
2013-06-24,14.88,15.01,14.81,14.85,16100,0.0,0
2013-06-25,14.9,15.2,14.87,15.11,12300,0.0,0
2013-06-26,15.22,15.22,15.03,15.12,17800,0.0,0
2013-06-27,15.4,15.75,15.2,15.67,14900,0.0,0
2013-06-28,15.59,15.83,15.55,15.67,62200,0.0,0
2013-07-01,15.76,15.81,15.39,15.58,44200,0.0,0
2013-07-02,15.62,15.64,15.24,15.44,45200,0.0,0
2013-07-03,15.39,15.43,15.22,15.34,19100,0.0,0
2013-07-05,15.65,15.8,15.45,15.78,7000,0.0,0
2013-07-08,15.77,16.04,15.73,15.93,15600,0.0,0
2013-07-09,16.04,16.04,15.85,16.03,11800,0.0,0
2013-07-10,16.04,16.04,15.87,16.01,15900,0.0,0
2013-07-11,16.04,16.04,15.63,16.02,58400,0.0,0
2013-07-12,16.04,16.04,15.9,16.02,16300,0.0,0
2013-07-15,15.99,16.25,15.99,16.24,20000,0.0,0
2013-07-16,16.25,16.25,15.9,16.01,28500,0.0,0
2013-07-17,16.07,16.12,15.89,16.06,25800,0.0,0
2013-07-18,16.08,16.13,16.03,16.09,18900,0.0,0
2013-07-19,16.09,16.09,15.76,16.01,19500,0.0,0
2013-07-22,15.98,16.08,15.92,15.96,14100,0.0,0
2013-07-23,15.88,15.95,15.85,15.86,6100,0.0,0
2013-07-24,15.99,15.99,15.76,15.88,6100,0.0,0
2013-07-25,15.81,16.04,15.81,15.98,26600,0.0,0
2013-07-26,15.85,16.05,15.62,15.84,20100,0.0,0
2013-07-29,15.67,15.77,15.53,15.69,16600,0.0,0
2013-07-30,15.73,15.73,15.41,15.72,15700,0.0,0
2013-07-31,15.73,15.84,15.67,15.76,14200,0.0,0
2013-08-01,15.94,15.94,15.8,15.9,16400,0.0,0
2013-08-02,15.86,15.86,15.67,15.8,12200,0.0,0
2013-08-05,15.76,15.79,15.35,15.53,11300,0.0,0
2013-08-06,15.52,15.72,15.14,15.6,22200,0.0,0
2013-08-07,15.59,15.65,15.48,15.53,5900,0.11,0
2013-08-08,15.7,15.72,15.49,15.57,11000,0.0,0
2013-08-09,15.56,15.66,15.53,15.54,4600,0.0,0
2013-08-12,15.51,15.55,15.43,15.51,8300,0.0,0
2013-08-13,15.44,15.7,15.44,15.68,7900,0.0,0
2013-08-14,15.64,15.72,15.62,15.63,5300,0.0,0
2013-08-15,15.43,15.68,15.29,15.39,13500,0.0,0
2013-08-16,15.31,15.71,15.14,15.23,11600,0.0,0
2013-08-19,15.24,15.31,14.64,14.86,16900,0.0,0
2013-08-20,14.91,14.91,14.77,14.9,3600,0.0,0
2013-08-21,14.79,15.02,14.68,14.73,13200,0.0,0
2013-08-22,14.73,15.12,14.73,15.11,7800,0.0,0
2013-08-23,15.13,15.26,15.0,15.19,17000,0.0,0
2013-08-26,15.0,15.0,14.76,14.92,3000,0.0,0
2013-08-27,14.68,15.0,14.19,14.26,16000,0.0,0
2013-08-28,14.03,14.38,13.9,14.31,14300,0.0,0
2013-08-29,14.26,14.78,14.26,14.76,11800,0.0,0
2013-08-30,14.71,14.91,14.39,14.48,21800,0.0,0
2013-09-03,14.57,14.81,13.9,14.03,26300,0.0,0
2013-09-04,14.06,14.07,13.95,14.02,28400,0.0,0
2013-09-05,14.06,14.06,13.93,13.97,28900,0.0,0
2013-09-06,13.97,13.97,13.66,13.94,13900,0.0,0
2013-09-09,14.06,14.12,13.86,14.03,38300,0.0,0
2013-09-10,14.14,14.2,13.92,14.09,19700,0.0,0
2013-09-11,14.03,14.06,13.76,14.01,35600,0.0,0
2013-09-12,13.99,14.07,13.84,13.9,38800,0.0,0
2013-09-13,13.94,14.08,13.86,13.92,30500,0.0,0
2013-09-16,14.07,14.07,13.82,13.98,44100,0.0,0
2013-09-17,13.98,14.01,13.8,13.9,61900,0.0,0
2013-09-18,13.91,14.13,13.91,14.09,53900,0.0,0
2013-09-19,14.13,14.13,13.89,13.94,34300,0.0,0
2013-09-20,13.99,14.19,13.94,14.02,109200,0.0,0
2013-09-23,14.0,14.23,13.99,14.09,51700,0.0,0
2013-09-24,14.15,14.4,14.06,14.33,41200,0.0,0
2013-09-25,14.27,14.88,14.23,14.7,39100,0.0,0
2013-09-26,14.72,15.1,14.71,15.04,17900,0.0,0
2013-09-27,14.9,15.09,14.9,15.04,10100,0.0,0
2013-09-30,14.61,14.95,14.61,14.71,50600,0.0,0
2013-10-01,14.72,14.86,14.55,14.69,30400,0.0,0
2013-10-02,14.51,14.92,14.38,14.76,21000,0.0,0
2013-10-03,14.7,14.7,14.03,14.14,35500,0.0,0
2013-10-04,14.09,14.29,13.99,14.17,14000,0.0,0
2013-10-07,13.99,14.09,13.79,13.81,65500,0.0,0
2013-10-08,13.88,13.99,13.85,13.85,23000,0.0,0
2013-10-09,13.88,14.18,13.88,13.92,21300,0.0,0
2013-10-10,14.1,14.66,14.1,14.66,31000,0.0,0
2013-10-11,14.54,14.68,14.37,14.52,21700,0.0,0
2013-10-14,14.38,14.46,14.08,14.45,25500,0.0,0
2013-10-15,14.45,15.29,14.45,15.25,19800,0.0,0
2013-10-16,15.32,16.03,15.32,15.87,24000,0.0,0
2013-10-17,15.81,15.94,15.71,15.91,15200,0.0,0
2013-10-18,15.97,15.97,15.81,15.95,17300,0.0,0
2013-10-21,15.95,16.74,15.9,16.02,36100,0.0,0
2013-10-22,16.05,16.05,15.91,15.96,19100,0.0,0
2013-10-23,15.94,16.08,15.88,15.93,16100,0.0,0
2013-10-24,15.9,16.07,15.73,15.75,11700,0.0,0
2013-10-25,16.31,16.34,16.1,16.21,25500,0.0,0
2013-10-28,16.32,16.34,16.15,16.27,10200,0.0,0
2013-10-29,16.26,16.26,16.1,16.25,40400,0.0,0
2013-10-30,16.31,16.83,16.31,16.64,36900,0.0,0
2013-10-31,16.64,16.68,16.39,16.41,20100,0.0,0
2013-11-01,16.37,16.59,16.34,16.41,34100,0.0,0
2013-11-04,16.5,16.5,16.03,16.1,45800,0.0,0
2013-11-05,16.0,16.4,15.81,16.2,15200,0.0,0
2013-11-06,16.36,16.5,16.11,16.36,15200,0.11,0
2013-11-07,16.4,16.4,15.51,15.65,30200,0.0,0
2013-11-08,15.56,16.16,14.25,16.09,23400,0.0,0
2013-11-11,16.14,16.49,15.88,16.45,19000,0.0,0
2013-11-12,16.45,16.63,16.23,16.48,18600,0.0,0
2013-11-13,16.4,17.27,16.4,17.26,32200,0.0,0
2013-11-14,17.27,17.27,17.14,17.21,9100,0.0,0
2013-11-15,17.39,17.59,17.31,17.58,18800,0.0,0
2013-11-18,17.58,18.57,17.55,18.44,29200,0.0,0
2013-11-19,18.39,18.5,17.85,18.09,12700,0.0,0
2013-11-20,18.12,18.23,17.61,17.68,16000,0.0,0
2013-11-21,17.81,18.27,17.81,18.23,14200,0.0,0
2013-11-22,18.18,18.46,18.02,18.3,18400,0.0,0
2013-11-25,18.23,18.49,18.19,18.42,8300,0.0,0
2013-11-26,18.33,18.93,18.33,18.88,22400,0.0,0
2013-11-27,18.85,19.14,18.85,19.14,18500,0.0,0
2013-11-29,19.14,19.55,19.07,19.33,16600,0.0,0
2013-12-02,19.48,19.48,18.89,18.95,18400,0.0,0
2013-12-03,19.0,19.16,18.68,19.11,26700,0.0,0
2013-12-04,18.97,19.26,18.82,19.08,16200,0.0,0
2013-12-05,19.13,19.33,18.81,19.23,11000,0.0,0
2013-12-06,19.44,19.76,19.14,19.53,13700,0.0,0
2013-12-09,19.72,19.81,19.14,19.38,27900,0.0,0
2013-12-10,19.36,19.62,19.35,19.56,17300,0.0,0
2013-12-11,19.67,19.67,19.31,19.5,26900,0.0,0
2013-12-12,19.52,19.84,19.14,19.68,23400,0.0,0
2013-12-13,19.8,20.05,19.56,20.03,45400,0.0,0
2013-12-16,20.25,20.41,19.98,20.22,22400,0.0,0
2013-12-17,20.22,20.22,19.77,20.02,32100,0.0,0
2013-12-18,20.12,20.18,19.83,20.18,21500,0.0,0
2013-12-19,20.22,20.22,19.69,20.02,25000,0.0,0
2013-12-20,20.02,20.39,19.66,19.97,111100,0.0,0
2013-12-23,20.13,20.49,19.97,20.46,16100,0.0,0
2013-12-24,20.5,20.52,20.4,20.49,10400,0.0,0
2013-12-26,20.52,20.59,20.28,20.5,13500,0.0,0
2013-12-27,20.61,20.61,20.35,20.51,9000,0.0,0
2013-12-30,20.52,20.52,20.11,20.51,19500,0.0,0
2013-12-31,20.49,20.71,20.34,20.62,19900,0.0,0
2014-01-02,20.63,20.63,19.78,20.13,11500,0.0,0
2014-01-03,20.14,20.41,19.82,20.17,19900,0.0,0
2014-01-06,20.33,20.57,19.67,20.01,23600,0.0,0
2014-01-07,20.03,20.22,19.42,20.08,22200,0.0,0
2014-01-08,20.02,20.14,19.85,20.11,17300,0.0,0
2014-01-09,20.23,20.37,19.77,20.07,24900,0.0,0
2014-01-10,20.12,20.3,19.72,19.94,38200,0.0,0
2014-01-13,19.85,19.89,19.38,19.51,12800,0.0,0
2014-01-14,19.49,19.83,19.36,19.54,10500,0.0,0
2014-01-15,19.51,20.32,19.51,19.82,20900,0.0,0
2014-01-16,19.77,20.22,19.44,20.11,16900,0.0,0
2014-01-17,20.03,20.29,19.81,20.14,25600,0.0,0
2014-01-21,20.2,20.47,19.97,20.39,54500,0.0,0
2014-01-22,20.39,20.58,20.09,20.56,45100,0.0,0
2014-01-23,20.35,20.42,19.97,20.34,69800,0.0,0
2014-01-24,20.12,20.14,19.57,19.72,38900,0.0,0
2014-01-27,19.85,19.97,19.72,19.75,27600,0.0,0
2014-01-28,19.87,20.29,19.72,20.08,30300,0.0,0
2014-01-29,20.39,20.41,19.18,19.55,48700,0.0,0
2014-01-30,19.96,20.75,19.39,20.39,45300,0.0,0
2014-01-31,19.97,20.25,19.49,19.54,22200,0.0,0
2014-02-03,19.62,19.89,18.82,19.13,51700,0.0,0
2014-02-04,19.37,19.45,18.53,19.0,60700,0.0,0
2014-02-05,18.95,19.21,18.74,18.99,30800,0.0,0
2014-02-06,19.0,19.13,18.93,19.07,36900,0.0,0
2014-02-07,19.07,19.3,18.93,19.18,56000,0.0,0
2014-02-10,19.26,19.26,18.99,19.07,34000,0.0,0
2014-02-11,19.03,19.63,19.02,19.57,33000,0.0,0
2014-02-12,19.7,20.19,19.65,20.08,28200,0.11,0
2014-02-13,19.96,20.66,19.64,20.61,21100,0.0,0
2014-02-14,20.65,20.68,20.45,20.58,11100,0.0,0
2014-02-18,20.57,21.62,20.49,21.43,59200,0.0,0
2014-02-19,21.45,21.45,21.07,21.11,34100,0.0,0
2014-02-20,21.25,21.87,20.96,21.78,21000,0.0,0
2014-02-21,21.92,21.96,21.73,21.76,33800,0.0,0
2014-02-24,21.74,21.82,21.69,21.71,61600,0.0,0
2014-02-25,21.89,21.89,21.56,21.73,47200,0.0,0
2014-02-26,21.84,21.95,21.75,21.84,31200,0.0,0
2014-02-27,21.79,22.15,21.57,22.13,50100,0.0,0
2014-02-28,22.15,23.04,22.15,22.84,91600,0.0,0
2014-03-03,22.82,24.06,22.82,23.25,84100,0.0,0
2014-03-04,23.61,24.73,23.41,24.59,118600,0.0,0
2014-03-05,24.7,24.7,23.85,24.27,58600,0.0,0
2014-03-06,24.42,24.64,24.04,24.45,31800,0.0,0
2014-03-07,24.68,24.91,24.24,24.59,26000,0.0,0
2014-03-10,24.88,25.01,23.3,24.18,50500,0.0,0
2014-03-11,24.12,24.12,23.26,23.57,39900,0.0,0
2014-03-12,23.51,23.51,22.58,23.07,42700,0.0,0
2014-03-13,23.3,23.3,22.23,22.33,59100,0.0,0
2014-03-14,22.35,22.49,21.63,21.74,58800,0.0,0
2014-03-17,22.13,22.53,21.21,21.97,78500,0.0,0
2014-03-18,22.14,22.5,22.01,22.15,43200,0.0,0
2014-03-19,22.23,22.58,21.97,22.16,33400,0.0,0
2014-03-20,22.15,22.82,22.15,22.57,62500,0.0,0
2014-03-21,22.75,23.14,22.68,22.98,139400,0.0,0
2014-03-24,23.12,23.15,22.53,22.68,52200,0.0,0
2014-03-25,22.99,22.99,22.09,22.16,38600,0.0,0
2014-03-26,22.19,22.35,21.72,21.82,65100,0.0,0
2014-03-27,22.02,22.07,21.76,21.79,44500,0.0,0
2014-03-28,21.97,22.91,21.97,22.64,59800,0.0,0
2014-03-31,23.04,23.58,22.79,23.45,67300,0.0,0
2014-04-01,23.46,23.97,23.46,23.72,60900,0.0,0
2014-04-02,23.75,23.75,23.44,23.63,44000,0.0,0
2014-04-03,23.75,24.2,23.56,23.76,56600,0.0,0
2014-04-04,24.01,24.04,22.22,22.67,70500,0.0,0
2014-04-07,22.48,22.68,21.97,22.64,72400,0.0,0
2014-04-08,22.62,22.96,22.16,22.61,49000,0.0,0
2014-04-09,22.58,22.58,22.24,22.43,37300,0.0,0
2014-04-10,22.39,22.41,21.74,21.8,35100,0.0,0
2014-04-11,21.68,21.87,20.59,20.84,64700,0.0,0
2014-04-14,20.79,21.84,20.59,21.82,59300,0.0,0
2014-04-15,21.85,22.27,21.32,21.93,42200,0.0,0
2014-04-16,22.18,22.57,22.06,22.29,25500,0.0,0
2014-04-17,22.16,22.58,22.13,22.43,27300,0.0,0
2014-04-21,22.63,22.64,22.21,22.58,23400,0.0,0
2014-04-22,22.5,23.01,22.33,22.89,19000,0.0,0
2014-04-23,22.84,22.84,22.39,22.56,21100,0.0,0
2014-04-24,22.78,22.78,22.07,22.45,26100,0.0,0
2014-04-25,22.33,22.33,21.5,21.99,40000,0.0,0
2014-04-28,22.23,22.23,21.42,21.66,26900,0.0,0
2014-04-29,21.85,21.87,21.42,21.46,17700,0.0,0
2014-04-30,21.44,21.44,20.96,21.29,35500,0.0,0
2014-05-01,21.29,21.6,21.18,21.51,33800,0.0,0
2014-05-02,21.45,21.51,20.63,20.73,62400,0.0,0
2014-05-05,20.39,20.4,19.52,19.91,72500,0.0,0
2014-05-06,19.49,19.55,19.18,19.24,84400,0.0,0
2014-05-07,19.11,19.84,18.94,19.66,52100,0.0,0
2014-05-08,19.62,19.94,19.25,19.27,19900,0.0,0
2014-05-09,19.16,19.46,18.93,19.31,28900,0.0,0
2014-05-12,19.47,20.13,19.35,20.0,35200,0.0,0
2014-05-13,20.04,20.09,19.41,19.67,30900,0.11,0
2014-05-14,19.72,19.91,18.85,18.89,40100,0.0,0
2014-05-15,18.56,18.73,18.26,18.54,28600,0.0,0
2014-05-16,18.49,18.9,18.48,18.83,31100,0.0,0
2014-05-19,18.67,18.82,18.35,18.77,41900,0.0,0
2014-05-20,18.67,18.8,18.11,18.25,35300,0.0,0
2014-05-21,18.28,18.48,17.73,18.01,34900,0.0,0
2014-05-22,18.06,18.4,18.06,18.32,24600,0.0,0
2014-05-23,18.23,19.56,18.04,19.51,29600,0.0,0
2014-05-27,19.73,20.34,19.4,20.12,38700,0.0,0
2014-05-28,19.99,20.4,19.88,20.23,29300,0.0,0
2014-05-29,20.38,20.47,19.72,19.84,14500,0.0,0
2014-05-30,19.9,20.07,19.17,19.32,30400,0.0,0
2014-06-02,19.24,19.51,18.95,19.29,23000,0.0,0
2014-06-03,19.1,19.17,18.82,19.08,25200,0.0,0
2014-06-04,18.97,19.52,18.97,19.48,37800,0.0,0
2014-06-05,19.44,20.26,19.26,20.05,27400,0.0,0
2014-06-06,20.26,20.64,20.26,20.43,22900,0.0,0
2014-06-09,20.26,20.71,20.23,20.63,25700,0.0,0
2014-06-10,20.46,20.79,20.14,20.49,10300,0.0,0
2014-06-11,20.3,20.33,19.68,19.93,21200,0.0,0
2014-06-12,19.98,19.98,19.56,19.79,11200,0.0,0
2014-06-13,19.9,20.16,19.61,19.85,25000,0.0,0
2014-06-16,19.75,20.24,19.74,20.12,17700,0.0,0
2014-06-17,19.62,20.36,19.62,20.34,12700,0.0,0
2014-06-18,20.55,20.55,20.14,20.2,14100,0.0,0
2014-06-19,20.22,20.51,19.93,20.25,13800,0.0,0
2014-06-20,20.32,20.41,20.08,20.38,40600,0.0,0
2014-06-23,20.33,20.89,20.2,20.82,19700,0.0,0
2014-06-24,20.81,20.81,20.13,20.15,29400,0.0,0
2014-06-25,19.97,20.16,19.77,20.15,15500,0.0,0
2014-06-26,20.05,20.16,19.74,19.98,10600,0.0,0
2014-06-27,19.77,20.51,19.75,20.24,42100,0.0,0
2014-06-30,20.3,20.3,19.96,20.15,34300,0.0,0
2014-07-01,20.14,20.83,20.14,20.51,26900,0.0,0
2014-07-02,20.72,20.72,20.14,20.18,23600,0.0,0
2014-07-03,20.31,20.72,20.17,20.61,7000,0.0,0
2014-07-07,20.6,20.65,20.22,20.25,10600,0.0,0
2014-07-08,20.45,20.45,19.78,19.79,23500,0.0,0
2014-07-09,19.93,19.93,19.67,19.83,15200,0.0,0
2014-07-10,19.18,19.62,19.18,19.51,20400,0.0,0
2014-07-11,19.47,19.57,18.88,19.32,15300,0.0,0
2014-07-14,19.67,19.83,19.54,19.72,18200,0.0,0
2014-07-15,19.8,20.09,19.57,19.85,23200,0.0,0
2014-07-16,20.04,20.16,19.88,19.95,16600,0.0,0
2014-07-17,19.7,20.03,19.1,19.35,29300,0.0,0
2014-07-18,19.3,20.0,19.3,19.93,24600,0.0,0
2014-07-21,19.73,19.95,19.7,19.82,7800,0.0,0
2014-07-22,19.88,19.95,19.67,19.91,17400,0.0,0
2014-07-23,19.91,20.14,19.88,20.03,13000,0.0,0
2014-07-24,20.16,20.24,19.75,19.8,13800,0.0,0
2014-07-25,19.63,19.74,19.34,19.35,23000,0.0,0
2014-07-28,19.44,19.77,19.44,19.46,17200,0.0,0
2014-07-29,19.49,19.65,19.2,19.27,20100,0.0,0
2014-07-30,19.42,19.74,19.19,19.67,98300,0.0,0
2014-07-31,19.35,19.52,18.9,19.17,32600,0.0,0
2014-08-01,19.25,19.37,19.09,19.21,20700,0.0,0
2014-08-04,19.21,19.21,18.35,18.54,39300,0.0,0
2014-08-05,18.54,18.63,18.16,18.36,25200,0.0,0
2014-08-06,18.17,18.65,18.17,18.38,19600,0.0,0
2014-08-07,18.38,18.54,18.06,18.22,17300,0.0,0
2014-08-08,18.3,18.78,17.94,18.71,20400,0.0,0
2014-08-11,18.75,19.4,18.46,19.09,18100,0.0,0
2014-08-12,18.96,19.41,18.96,19.12,27500,0.0,0
2014-08-13,19.25,19.84,19.25,19.61,25200,0.11,0
2014-08-14,19.68,20.66,19.65,20.18,35800,0.0,0
2014-08-15,20.49,20.49,18.97,19.55,41300,0.0,0
2014-08-18,19.82,20.43,19.82,20.24,30400,0.0,0
2014-08-19,20.28,20.28,19.58,19.82,19100,0.0,0
2014-08-20,19.65,19.84,19.47,19.53,10600,0.0,0
2014-08-21,19.46,19.79,19.12,19.67,22700,0.0,0
2014-08-22,19.5,20.26,19.5,20.15,25200,0.0,0
2014-08-25,20.2,20.26,19.91,20.25,31900,0.0,0
2014-08-26,20.26,20.26,20.06,20.16,17400,0.0,0
2014-08-27,20.21,20.22,19.88,19.96,8300,0.0,0
2014-08-28,19.73,20.17,19.41,20.05,24400,0.0,0
2014-08-29,20.01,20.55,19.9,20.39,79100,0.0,0
2014-09-02,20.54,20.77,20.17,20.35,26200,0.0,0
2014-09-03,20.54,20.85,20.18,20.27,49600,0.0,0
2014-09-04,20.26,20.44,19.54,19.8,32800,0.0,0
2014-09-05,19.72,19.94,19.39,19.85,16500,0.0,0
2014-09-08,19.8,20.24,19.62,20.01,40400,0.0,0
2014-09-09,19.55,19.99,19.43,19.57,32000,0.0,0
2014-09-10,19.95,19.95,19.52,19.68,12600,0.0,0
2014-09-11,20.06,20.2,19.63,19.98,35200,0.0,0
2014-09-12,19.95,20.08,19.45,19.52,19600,0.0,0
2014-09-15,19.44,19.97,18.86,18.89,23200,0.0,0
2014-09-16,18.9,19.3,18.69,18.87,22700,0.0,0
2014-09-17,18.71,18.94,18.28,18.36,37500,0.0,0
2014-09-18,18.49,18.72,18.36,18.43,56600,0.0,0
2014-09-19,18.45,19.3,18.43,18.87,52300,0.0,0
2014-09-22,18.68,18.68,18.4,18.58,42200,0.0,0
2014-09-23,18.49,19.7,18.49,19.35,39600,0.0,0
2014-09-24,19.43,19.71,19.14,19.45,18800,0.0,0
2014-09-25,19.29,19.75,18.38,18.46,43200,0.0,0
2014-09-26,18.49,18.65,18.05,18.37,52900,0.0,0
2014-09-29,18.02,18.02,17.48,17.61,72900,0.0,0
2014-09-30,17.68,17.7,16.68,17.09,62300,0.0,0
2014-10-01,17.11,17.32,16.88,16.93,41400,0.0,0
2014-10-02,16.86,17.52,16.86,17.51,28500,0.0,0
2014-10-03,17.84,18.01,17.17,17.35,66200,0.0,0
2014-10-06,17.44,17.44,16.92,17.12,34300,0.0,0
2014-10-07,17.12,17.45,17.12,17.4,31100,0.0,0
2014-10-08,17.27,18.05,17.12,17.98,38600,0.0,0
2014-10-09,18.0,18.0,17.31,17.57,23000,0.0,0
2014-10-10,17.4,18.22,17.4,17.92,38700,0.0,0
2014-10-13,17.86,18.66,17.81,18.53,40800,0.0,0
2014-10-14,18.67,18.98,18.47,18.78,47000,0.0,0
2014-10-15,18.6,18.92,17.97,18.76,37700,0.0,0
2014-10-16,17.97,19.05,17.97,18.76,33200,0.0,0
2014-10-17,19.08,19.08,18.63,18.73,26600,0.0,0
2014-10-20,18.74,18.95,18.57,18.93,22200,0.0,0
2014-10-21,18.99,19.64,18.93,19.19,35700,0.0,0
2014-10-22,19.14,19.28,18.73,18.76,18100,0.0,0
2014-10-23,19.08,19.25,18.71,18.87,27400,0.0,0
2014-10-24,19.0,19.11,18.81,18.89,8800,0.0,0
2014-10-27,18.6,19.0,18.6,18.85,28200,0.0,0
2014-10-28,19.07,19.41,18.93,19.12,54400,0.0,0
2014-10-29,19.09,19.33,18.97,19.31,25400,0.0,0
2014-10-30,19.15,19.41,19.08,19.28,39100,0.0,0
2014-10-31,19.61,20.78,19.57,20.72,100600,0.0,0
2014-11-03,20.64,20.65,20.36,20.44,55700,0.0,0
2014-11-04,20.41,20.5,19.63,20.45,41200,0.0,0
2014-11-05,20.55,20.66,20.13,20.46,28600,0.0,0
2014-11-06,20.41,20.41,19.87,20.33,18200,0.0,0
2014-11-07,20.39,20.5,20.08,20.33,26200,0.0,0
2014-11-10,20.45,20.73,20.34,20.73,20600,0.0,0
2014-11-11,20.66,20.79,20.62,20.74,20600,0.0,0
2014-11-12,20.69,20.94,20.69,20.9,22300,0.11,0
2014-11-13,20.94,20.94,18.64,20.83,39500,0.0,0
2014-11-14,20.93,20.93,20.68,20.77,19600,0.0,0
2014-11-17,20.71,20.71,19.81,19.93,41300,0.0,0
2014-11-18,19.93,20.0,19.55,19.71,34200,0.0,0
2014-11-19,19.71,19.71,19.22,19.43,28900,0.0,0
2014-11-20,19.28,19.75,19.09,19.62,26800,0.0,0
2014-11-21,19.99,20.06,19.62,19.69,20600,0.0,0
2014-11-24,19.81,19.93,19.69,19.88,13000,0.0,0
2014-11-25,19.88,19.88,19.72,19.82,17400,0.0,0
2014-11-26,19.83,19.93,19.71,19.76,20400,0.0,0
2014-11-28,19.79,19.86,19.38,19.41,22000,0.0,0
2014-12-01,19.27,19.71,19.25,19.3,27500,0.0,0
2014-12-02,19.43,19.65,19.25,19.32,21200,0.0,0
2014-12-03,19.25,19.65,19.11,19.49,27400,0.0,0
2014-12-04,19.38,19.69,19.21,19.62,13300,0.0,0
2014-12-05,19.6,20.29,19.45,20.04,46100,0.0,0
2014-12-08,19.99,20.08,19.51,19.62,43600,0.0,0
2014-12-09,19.35,19.98,19.19,19.78,39500,0.0,0
2014-12-10,19.13,19.59,19.13,19.27,34700,0.0,0
2014-12-11,19.33,19.5,18.94,18.99,27100,0.0,0
2014-12-12,18.91,18.96,18.66,18.67,29000,0.0,0
2014-12-15,18.59,18.65,18.36,18.47,25200,0.0,0
2014-12-16,18.49,18.84,18.24,18.36,21900,0.0,0
2014-12-17,18.34,19.12,18.01,19.09,32400,0.0,0
2014-12-18,19.43,19.76,18.99,19.65,24900,0.0,0
2014-12-19,19.65,19.71,19.1,19.7,40300,0.0,0
2014-12-22,19.66,20.02,19.59,19.99,21700,0.0,0
2014-12-23,19.99,20.1,19.26,19.93,37500,0.0,0
2014-12-24,20.09,20.09,19.64,19.67,7900,0.0,0
2014-12-26,19.62,19.75,19.32,19.73,15200,0.0,0
2014-12-29,19.82,19.82,19.36,19.57,19500,0.0,0
2014-12-30,19.47,20.19,19.41,20.1,24100,0.0,0
2014-12-31,20.25,20.25,19.5,19.71,20200,0.0,0
2015-01-02,19.88,20.11,19.26,19.61,17600,0.0,0
2015-01-05,19.38,19.97,19.36,19.44,23700,0.0,0
2015-01-06,19.22,19.69,18.79,18.93,39800,0.0,0
2015-01-07,19.03,19.32,18.6,18.89,29600,0.0,0
2015-01-08,18.98,19.49,18.7,19.08,37000,0.0,0
2015-01-09,19.0,19.03,18.49,18.62,21800,0.0,0
2015-01-12,18.51,18.51,17.87,17.98,21200,0.0,0
2015-01-13,18.04,18.87,17.89,18.2,21100,0.0,0
2015-01-14,18.13,18.13,17.75,17.81,25100,0.0,0
2015-01-15,17.67,18.1,17.24,17.36,22600,0.0,0
2015-01-16,17.25,18.24,17.25,18.15,26900,0.0,0
2015-01-20,18.24,18.37,17.48,17.83,26600,0.0,0
2015-01-21,17.9,18.2,17.64,18.16,28100,0.0,0
2015-01-22,18.04,18.64,17.97,18.47,20800,0.0,0
2015-01-23,18.43,19.18,18.25,18.86,30700,0.0,0
2015-01-26,18.7,18.98,18.48,18.61,19600,0.0,0
2015-01-27,18.4,18.53,17.9,18.06,18900,0.0,0
2015-01-28,18.09,18.09,16.87,16.88,19600,0.0,0
2015-01-29,16.82,16.96,16.29,16.75,22100,0.0,0
2015-01-30,16.36,17.18,16.14,16.75,31900,0.0,0
2015-02-02,16.69,17.25,16.4,17.11,32400,0.0,0
2015-02-03,17.09,17.66,17.09,17.31,34000,0.0,0
2015-02-04,17.34,17.71,17.14,17.27,42500,0.0,0
2015-02-05,17.66,17.98,17.25,17.75,46900,0.0,0
2015-02-06,17.68,18.06,17.14,17.36,37800,0.0,0
2015-02-09,17.31,17.79,16.81,17.2,52000,0.0,0
2015-02-10,17.21,17.45,16.95,17.11,37900,0.0,0
2015-02-11,17.02,17.23,16.7,17.08,18600,0.11,0
2015-02-12,17.14,17.34,16.9,17.21,31000,0.0,0
2015-02-13,17.22,17.74,17.05,17.4,44000,0.0,0
2015-02-17,17.26,17.82,17.26,17.56,37600,0.0,0
2015-02-18,17.57,17.57,16.94,17.05,19700,0.0,0
2015-02-19,16.97,17.22,16.91,17.09,28900,0.0,0
2015-02-20,17.13,17.28,17.01,17.14,106800,0.0,0
2015-02-23,17.18,17.34,17.01,17.13,27500,0.0,0
2015-02-24,17.26,18.16,17.09,17.99,42500,0.0,0
2015-02-25,17.94,17.94,17.61,17.88,19900,0.0,0
2015-02-26,17.82,18.02,17.76,17.99,25600,0.0,0
2015-02-27,17.89,18.12,17.86,17.99,29800,0.0,0
2015-03-02,18.03,18.23,17.99,18.2,42000,0.0,0
2015-03-03,18.09,18.31,18.04,18.19,31000,0.0,0
2015-03-04,18.04,18.15,17.83,17.87,35700,0.0,0
2015-03-05,17.84,18.07,17.56,17.87,24800,0.0,0
2015-03-06,17.89,18.1,17.77,17.83,51800,0.0,0
2015-03-09,17.81,18.23,17.81,18.06,24700,0.0,0
2015-03-10,17.97,19.15,17.76,18.99,55900,0.0,0
2015-03-11,19.17,20.2,19.16,20.09,85600,0.0,0
2015-03-12,20.36,20.59,19.77,20.3,67000,0.0,0
2015-03-13,20.37,20.63,20.06,20.59,57200,0.0,0
2015-03-16,20.73,20.83,20.02,20.31,68400,0.0,0
2015-03-17,20.18,20.18,19.4,20.05,33200,0.0,0
2015-03-18,19.95,20.56,19.77,20.35,67000,0.0,0
2015-03-19,20.13,20.61,19.86,20.07,31200,0.0,0
2015-03-20,20.34,20.63,20.32,20.42,77300,0.0,0
2015-03-23,20.38,20.46,20.27,20.36,35300,0.0,0
2015-03-24,20.33,20.33,19.99,20.2,53900,0.0,0
2015-03-25,20.21,20.32,19.67,20.05,56200,0.0,0
2015-03-26,19.93,20.55,19.93,20.12,21800,0.0,0
2015-03-27,20.07,20.14,19.69,19.98,24300,0.0,0
2015-03-30,19.98,20.12,19.7,19.91,34700,0.0,0
2015-03-31,19.84,20.04,19.48,20.0,27600,0.0,0
2015-04-01,19.97,20.04,19.52,19.99,28200,0.0,0
2015-04-02,19.88,20.04,19.35,19.95,30500,0.0,0
2015-04-06,19.94,20.23,19.85,20.05,26800,0.0,0
2015-04-07,19.86,20.28,19.63,19.69,29800,0.0,0
2015-04-08,19.35,20.11,19.34,19.93,35100,0.0,0
2015-04-09,19.81,19.94,19.4,19.62,44100,0.0,0
2015-04-10,19.63,19.63,19.09,19.2,41100,0.0,0
2015-04-13,19.3,19.57,19.08,19.51,23100,0.0,0
2015-04-14,19.52,19.52,19.01,19.24,24200,0.0,0
2015-04-15,19.19,19.57,19.1,19.52,36000,0.0,0
2015-04-16,19.54,19.77,19.2,19.62,41200,0.0,0
2015-04-17,19.47,19.77,19.32,19.42,19700,0.0,0
2015-04-20,19.55,19.76,19.51,19.69,15000,0.0,0
2015-04-21,19.4,19.82,19.37,19.58,20000,0.0,0
2015-04-22,19.52,19.87,19.43,19.8,12200,0.0,0
2015-04-23,19.85,19.89,19.61,19.71,7000,0.0,0
2015-04-24,19.66,19.95,19.52,19.94,13200,0.0,0
2015-04-27,19.75,20.46,19.75,20.32,33400,0.0,0
2015-04-28,20.3,21.0,20.04,20.64,40400,0.0,0
2015-04-29,20.68,21.01,20.44,20.69,28100,0.0,0
2015-04-30,20.59,20.67,20.33,20.37,41800,0.0,0
2015-05-01,20.38,20.72,20.38,20.58,25500,0.0,0
2015-05-04,20.67,20.89,20.46,20.56,68200,0.0,0
2015-05-05,20.65,20.72,20.25,20.29,43500,0.0,0
2015-05-06,20.4,20.4,20.16,20.21,31600,0.0,0
2015-05-07,20.29,20.35,19.84,20.21,23700,0.0,0
2015-05-08,20.27,20.29,19.85,20.21,32100,0.0,0
2015-05-11,20.25,20.5,20.16,20.47,65400,0.0,0
2015-05-12,20.5,20.82,20.25,20.73,68800,0.0,0
2015-05-13,20.87,20.98,20.8,20.85,26900,0.11,0
2015-05-14,21.04,21.09,20.68,20.9,44800,0.0,0
2015-05-15,20.93,20.95,20.79,20.87,27500,0.0,0
2015-05-18,20.87,21.1,20.87,20.95,39900,0.0,0
2015-05-19,20.94,21.03,20.87,20.95,24700,0.0,0
2015-05-20,20.95,20.99,20.9,20.97,36300,0.0,0
2015-05-21,20.97,21.03,20.82,21.01,30500,0.0,0
2015-05-22,20.93,21.53,20.91,21.45,57400,0.0,0
2015-05-26,21.43,22.05,21.32,21.75,113200,0.0,0
2015-05-27,21.92,22.02,21.68,21.95,34900,0.0,0
2015-05-28,22.03,22.4,21.37,22.34,102800,0.0,0
2015-05-29,22.37,22.47,22.1,22.22,53200,0.0,0
2015-06-01,22.41,22.48,21.91,22.35,52500,0.0,0
2015-06-02,22.36,22.82,22.27,22.7,78300,0.0,0
2015-06-03,22.65,22.87,22.52,22.65,49400,0.0,0
2015-06-04,22.52,22.86,22.5,22.71,38100,0.0,0
2015-06-05,22.94,23.1,22.65,22.92,55200,0.0,0
2015-06-08,22.82,22.97,22.7,22.91,26700,0.0,0
2015-06-09,22.91,22.91,22.31,22.84,29000,0.0,0
2015-06-10,22.87,23.55,22.87,23.45,69400,0.0,0
2015-06-11,23.35,23.47,23.2,23.46,25100,0.0,0
2015-06-12,23.53,23.53,23.14,23.3,29600,0.0,0
2015-06-15,23.16,23.24,22.63,23.19,27400,0.0,0
2015-06-16,23.24,23.49,22.9,23.47,24200,0.0,0
2015-06-17,23.55,23.58,23.08,23.12,19400,0.0,0
2015-06-18,23.4,23.4,22.64,22.99,30900,0.0,0
2015-06-19,23.11,23.89,22.97,23.78,85600,0.0,0
2015-06-22,23.8,23.97,23.65,23.81,36900,0.0,0
2015-06-23,23.97,23.97,23.49,23.75,24900,0.0,0
2015-06-24,23.64,23.64,22.9,23.21,26800,0.0,0
2015-06-25,23.36,23.39,23.05,23.15,25000,0.0,0
2015-06-26,23.13,23.38,23.12,23.36,58700,0.0,0
2015-06-29,23.06,23.06,22.01,22.1,51000,0.0,0
2015-06-30,22.37,22.54,21.85,22.51,46000,0.0,0
2015-07-01,22.63,23.13,22.44,22.82,35700,0.0,0
2015-07-02,22.91,22.91,22.39,22.5,21800,0.0,0
2015-07-06,22.22,22.42,21.86,22.28,30200,0.0,0
2015-07-07,22.3,22.3,21.51,22.11,43200,0.0,0
2015-07-08,21.91,21.91,21.45,21.68,34900,0.0,0
2015-07-09,22.11,22.11,21.46,21.49,37200,0.0,0
2015-07-10,21.54,21.83,20.73,20.96,74400,0.0,0
2015-07-13,21.13,21.72,21.07,21.38,51400,0.0,0
2015-07-14,21.34,21.51,20.86,20.9,41100,0.0,0
2015-07-15,20.97,21.17,20.8,21.03,20300,0.0,0
2015-07-16,21.15,21.5,21.15,21.29,59200,0.0,0
2015-07-17,21.24,21.54,21.21,21.45,27600,0.0,0
2015-07-20,21.44,21.53,21.06,21.15,23500,0.0,0
2015-07-21,21.29,21.67,21.15,21.26,33900,0.0,0
2015-07-22,21.27,21.63,21.27,21.35,20200,0.0,0
2015-07-23,21.33,21.33,20.83,21.07,23900,0.0,0
2015-07-24,21.02,21.02,20.25,20.31,33500,0.0,0
2015-07-27,20.15,20.3,19.72,20.15,23100,0.0,0
2015-07-28,20.69,20.88,20.25,20.57,37800,0.0,0
2015-07-29,20.44,21.22,20.29,20.86,29300,0.0,0
2015-07-30,20.84,21.07,20.49,20.7,17800,0.0,0
2015-07-31,20.73,20.8,18.79,19.44,149500,0.0,0
2015-08-03,19.56,19.83,18.63,19.05,81500,0.0,0
2015-08-04,19.09,19.66,18.82,19.06,50300,0.0,0
2015-08-05,19.12,19.36,18.75,18.78,72400,0.0,0
2015-08-06,18.82,19.04,18.7,18.75,54800,0.0,0
2015-08-07,18.75,19.23,18.75,18.89,34700,0.0,0
2015-08-10,18.89,19.16,18.07,18.08,72600,0.0,0
2015-08-11,18.03,18.52,17.56,17.61,68200,0.0,0
2015-08-12,17.39,17.48,16.88,16.94,67900,0.11,0
2015-08-13,16.89,18.41,16.89,18.08,114100,0.0,0
2015-08-14,18.08,19.58,18.08,18.47,63500,0.0,0
2015-08-17,18.44,19.02,18.06,18.13,81600,0.0,0
2015-08-18,18.08,18.99,17.66,17.72,64200,0.0,0
2015-08-19,17.6,17.6,16.89,16.93,63400,0.0,0
2015-08-20,16.89,16.96,16.51,16.54,85700,0.0,0
2015-08-21,16.0,16.6,15.93,16.19,101400,0.0,0
2015-08-24,14.98,16.6,14.98,16.27,73500,0.0,0
2015-08-25,16.7,17.48,16.27,17.37,79900,0.0,0
2015-08-26,17.63,17.66,16.76,17.38,61600,0.0,0
2015-08-27,17.48,17.72,17.22,17.67,60200,0.0,0
2015-08-28,17.5,17.72,16.96,17.11,31600,0.0,0
2015-08-31,17.17,17.25,17.03,17.18,62300,0.0,0
2015-09-01,16.84,17.27,16.58,16.73,303800,0.0,0
2015-09-02,16.96,17.16,15.98,16.32,225300,0.0,0
2015-09-03,16.28,16.54,16.2,16.27,54800,0.0,0
2015-09-04,16.14,16.28,15.89,15.97,41800,0.0,0
2015-09-08,16.19,16.56,16.15,16.36,87900,0.0,0
2015-09-09,16.58,16.58,15.62,15.79,47400,0.0,0
2015-09-10,15.76,15.9,15.66,15.73,39500,0.0,0
2015-09-11,15.71,15.76,15.13,15.48,120000,0.0,0
2015-09-14,16.02,17.04,15.61,16.82,249900,0.0,0
2015-09-15,16.88,18.96,16.88,18.51,203300,0.0,0
2015-09-16,18.7,18.94,18.08,18.38,233500,0.0,0
2015-09-17,18.38,18.38,17.23,17.53,135000,0.0,0
2015-09-18,17.29,17.95,17.02,17.73,262600,0.0,0
2015-09-21,17.71,18.17,17.65,17.78,107000,0.0,0
2015-09-22,17.73,17.86,17.32,17.51,63000,0.0,0
2015-09-23,17.52,17.73,17.42,17.7,62500,0.0,0
2015-09-24,17.68,17.88,17.48,17.73,115800,0.0,0
2015-09-25,17.82,18.06,17.7,17.75,59700,0.0,0
2015-09-28,17.63,17.68,17.13,17.19,103800,0.0,0
2015-09-29,17.19,17.32,16.72,17.03,62200,0.0,0
2015-09-30,17.16,17.23,16.73,17.23,103600,0.0,0
2015-10-01,17.13,17.49,16.87,17.16,84800,0.0,0
2015-10-02,16.95,17.5,16.38,17.49,73800,0.0,0
2015-10-05,17.75,18.12,17.27,17.95,57700,0.0,0
2015-10-06,17.86,17.92,17.39,17.75,23700,0.0,0
2015-10-07,17.8,18.24,17.44,17.88,94900,0.0,0
2015-10-08,17.81,18.1,17.81,17.95,37600,0.0,0
2015-10-09,17.94,17.94,17.23,17.31,38600,0.0,0
2015-10-12,17.29,17.3,15.93,16.1,85700,0.0,0
2015-10-13,16.06,16.36,15.5,15.53,89400,0.0,0
2015-10-14,15.65,15.88,14.72,14.76,64500,0.0,0
2015-10-15,14.84,15.4,14.77,15.35,121200,0.0,0
2015-10-16,15.43,15.45,15.13,15.34,32300,0.0,0
2015-10-19,15.21,15.56,15.15,15.52,44700,0.0,0
2015-10-20,15.56,15.86,15.44,15.76,50400,0.0,0
2015-10-21,15.79,15.93,15.18,15.21,32400,0.0,0
2015-10-22,15.3,15.66,15.21,15.5,24100,0.0,0
2015-10-23,15.65,15.88,15.3,15.86,26100,0.0,0
2015-10-26,15.77,15.89,15.61,15.74,23600,0.0,0
2015-10-27,15.71,15.71,15.25,15.65,48800,0.0,0
2015-10-28,15.65,16.66,15.65,16.65,55700,0.0,0
2015-10-29,16.68,16.68,16.21,16.28,30100,0.0,0
2015-10-30,16.04,16.04,15.25,15.8,64500,0.0,0
2015-11-02,15.7,15.71,15.34,15.48,121500,0.0,0
2015-11-03,15.26,15.53,15.01,15.42,100900,0.0,0
2015-11-04,15.53,15.54,15.36,15.52,42000,0.0,0
2015-11-05,15.53,15.93,15.25,15.83,35500,0.0,0
2015-11-06,15.93,16.78,15.93,16.71,31900,0.0,0
2015-11-09,16.71,16.94,16.32,16.37,91900,0.0,0
2015-11-10,16.42,16.86,16.07,16.31,120000,0.11,0
2015-11-11,16.35,16.64,16.29,16.38,35700,0.0,0
2015-11-12,16.25,16.62,15.92,16.1,65200,0.0,0
2015-11-13,15.63,16.19,15.63,15.78,45800,0.0,0
2015-11-16,15.69,15.9,15.43,15.49,56400,0.0,0
2015-11-17,15.53,15.58,15.2,15.22,36200,0.0,0
2015-11-18,15.17,15.33,14.82,15.1,42800,0.0,0
2015-11-19,15.05,15.21,14.85,14.88,26300,0.0,0
2015-11-20,14.85,15.09,14.72,14.74,44900,0.0,0
2015-11-23,14.77,14.77,14.6,14.65,39200,0.0,0
2015-11-24,14.59,15.03,14.57,14.86,77100,0.0,0
2015-11-25,14.89,15.23,14.87,15.22,34500,0.0,0
2015-11-27,15.03,15.95,15.03,15.73,42000,0.0,0
2015-11-30,15.74,15.87,15.31,15.5,37500,0.0,0
2015-12-01,15.55,15.55,15.24,15.46,18400,0.0,0
2015-12-02,15.53,15.55,15.15,15.2,18400,0.0,0
2015-12-03,15.26,15.41,14.71,14.75,26900,0.0,0
2015-12-04,14.77,15.04,14.64,14.98,19200,0.0,0
2015-12-07,14.87,14.98,14.48,14.55,29300,0.0,0
2015-12-08,14.43,14.43,14.04,14.18,37900,0.0,0
2015-12-09,14.06,14.32,14.05,14.06,33800,0.0,0
2015-12-10,13.91,14.29,13.91,14.07,21400,0.0,0
2015-12-11,13.67,14.04,13.67,13.81,55800,0.0,0
2015-12-14,13.75,14.07,13.5,13.59,61300,0.0,0
2015-12-15,13.62,13.87,13.51,13.61,37300,0.0,0
2015-12-16,13.62,14.36,13.55,14.33,33100,0.0,0
2015-12-17,14.24,14.55,14.06,14.06,18400,0.0,0
2015-12-18,13.95,14.05,13.54,13.66,52600,0.0,0
2015-12-21,13.79,13.83,13.59,13.81,20500,0.0,0
2015-12-22,13.74,14.07,13.54,14.02,30200,0.0,0
2015-12-23,13.69,15.03,13.69,14.95,41100,0.0,0
2015-12-24,15.0,15.2,14.94,15.04,10600,0.0,0
2015-12-28,14.98,15.25,13.64,14.96,53700,0.0,0
2015-12-29,14.94,15.36,14.9,15.33,34000,0.0,0
2015-12-30,15.37,15.59,15.1,15.14,41500,0.0,0
2015-12-31,14.99,15.32,14.99,15.05,52800,0.0,0
2016-01-04,14.71,14.71,13.8,14.25,58900,0.0,0
2016-01-05,14.34,14.52,13.86,13.9,58600,0.0,0
2016-01-06,13.75,13.88,13.44,13.76,63600,0.0,0
2016-01-07,13.42,13.63,13.27,13.32,57800,0.0,0
2016-01-08,13.41,13.41,12.87,12.93,68600,0.0,0
2016-01-11,12.93,13.07,12.88,13.01,36100,0.0,0
2016-01-12,13.08,13.29,12.92,13.15,73700,0.0,0
2016-01-13,13.15,13.29,12.48,12.57,68700,0.0,0
2016-01-14,12.6,13.0,12.42,12.77,43100,0.0,0
2016-01-15,12.38,12.71,12.3,12.62,50300,0.0,0
2016-01-19,12.58,12.98,12.2,12.44,66800,0.0,0
2016-01-20,12.11,12.39,11.76,12.11,77800,0.0,0
2016-01-21,12.03,12.32,11.95,12.19,61100,0.0,0
2016-01-22,12.38,12.65,12.34,12.42,49200,0.0,0
2016-01-25,12.27,12.38,11.93,11.97,25700,0.0,0
2016-01-26,12.25,12.56,12.0,12.44,20500,0.0,0
2016-01-27,12.27,12.57,11.98,12.0,23800,0.0,0
2016-01-28,12.13,12.34,11.88,11.91,14200,0.0,0
2016-01-29,11.82,13.28,11.82,13.28,88000,0.0,0
2016-02-01,13.15,13.15,12.86,12.97,45900,0.0,0
2016-02-02,12.71,12.81,12.43,12.69,58900,0.0,0
2016-02-03,12.75,13.0,12.52,12.55,65900,0.0,0
2016-02-04,12.54,13.0,12.29,12.81,23600,0.0,0
2016-02-05,12.78,13.12,12.76,12.76,35400,0.0,0
2016-02-08,12.64,12.89,12.44,12.78,65900,0.0,0
2016-02-09,12.53,12.7,12.41,12.45,22600,0.0,0
2016-02-10,12.58,12.99,12.46,12.47,34200,0.11,0
2016-02-11,12.23,12.52,12.1,12.24,46000,0.0,0
2016-02-12,12.18,12.85,12.04,12.71,24600,0.0,0
2016-02-16,12.86,13.54,12.82,13.46,36500,0.0,0
2016-02-17,13.64,13.79,13.5,13.56,22100,0.0,0
2016-02-18,13.6,13.6,12.84,12.87,17300,0.0,0
2016-02-19,12.81,13.33,12.66,13.21,24000,0.0,0
2016-02-22,13.44,13.71,13.07,13.25,44600,0.0,0
2016-02-23,13.24,13.27,12.58,12.62,30800,0.0,0
2016-02-24,12.45,12.87,12.31,12.58,54900,0.0,0
2016-02-25,12.54,12.61,12.38,12.44,69400,0.0,0
2016-02-26,12.58,12.7,12.47,12.57,62100,0.0,0
2016-02-29,12.53,12.56,12.22,12.36,65200,0.0,0
2016-03-01,12.39,12.9,12.34,12.86,62600,0.0,0
2016-03-02,12.8,13.51,12.8,13.41,27500,0.0,0
2016-03-03,13.7,14.03,13.61,14.01,34800,0.0,0
2016-03-04,13.79,14.18,13.62,13.8,25400,0.0,0
2016-03-07,13.62,13.95,13.62,13.82,22500,0.0,0
2016-03-08,13.53,13.74,13.24,13.47,45100,0.0,0
2016-03-09,13.54,13.85,13.51,13.64,18900,0.0,0
2016-03-10,13.75,13.75,13.11,13.39,26000,0.0,0
2016-03-11,13.6,13.67,13.41,13.44,21400,0.0,0
2016-03-14,13.37,13.45,12.86,13.2,37300,0.0,0
2016-03-15,13.02,13.02,12.39,12.47,33000,0.0,0
2016-03-16,12.58,12.63,12.46,12.48,28600,0.0,0
2016-03-17,12.39,12.79,12.39,12.7,43200,0.0,0
2016-03-18,12.7,13.2,12.57,13.19,92600,0.0,0
2016-03-21,13.34,14.13,13.33,14.04,33300,0.0,0
2016-03-22,13.85,14.23,13.85,14.08,13200,0.0,0
2016-03-23,13.96,14.02,12.84,12.89,31500,0.0,0
2016-03-24,12.77,12.87,12.53,12.64,17400,0.0,0
2016-03-28,12.72,13.0,12.48,12.52,21600,0.0,0
2016-03-29,12.41,13.44,12.24,13.33,34600,0.0,0
2016-03-30,13.41,13.89,13.31,13.81,17500,0.0,0
2016-03-31,13.78,14.09,13.59,13.77,53800,0.0,0
2016-04-01,13.64,13.72,13.06,13.16,18800,0.0,0
2016-04-04,13.18,13.28,12.96,13.1,27400,0.0,0
2016-04-05,12.98,13.06,12.65,12.79,41000,0.0,0
2016-04-06,12.81,13.09,12.81,12.99,18500,0.0,0
2016-04-07,12.81,12.99,12.38,12.45,25000,0.0,0
2016-04-08,12.55,12.76,12.34,12.38,13400,0.0,0
2016-04-11,12.52,12.83,12.32,12.8,29600,0.0,0
2016-04-12,12.84,13.47,12.84,13.4,30600,0.0,0
2016-04-13,13.52,13.92,13.47,13.88,22700,0.0,0
2016-04-14,13.96,14.5,13.96,14.37,31600,0.0,0
2016-04-15,14.29,14.29,13.7,13.84,18900,0.0,0
2016-04-18,13.83,14.04,13.73,13.95,12600,0.0,0
2016-04-19,14.04,14.16,13.53,13.61,24300,0.0,0
2016-04-20,13.82,14.01,13.72,13.95,12900,0.0,0
2016-04-21,13.96,14.05,13.86,14.02,13500,0.0,0
2016-04-22,13.96,14.5,13.96,14.15,37700,0.0,0
2016-04-25,14.26,14.32,13.48,13.62,19200,0.0,0
2016-04-26,13.71,14.36,13.54,14.29,20700,0.0,0
2016-04-27,14.23,14.32,14.1,14.23,10600,0.0,0
2016-04-28,14.02,14.11,13.51,13.55,22200,0.0,0
2016-04-29,13.35,13.44,13.03,13.34,16600,0.0,0
2016-05-02,13.24,13.47,12.99,13.41,14300,0.0,0
2016-05-03,13.16,13.2,12.63,12.8,26500,0.0,0
2016-05-04,13.0,13.05,12.28,12.31,34000,0.0,0
2016-05-05,12.37,12.41,11.97,11.98,48500,0.0,0
2016-05-06,11.96,12.28,11.96,12.08,20600,0.0,0
2016-05-09,12.34,12.34,11.99,12.06,24400,0.0,0
2016-05-10,12.17,12.79,12.06,12.72,26000,0.0,0
2016-05-11,12.58,12.62,12.18,12.22,21800,0.11,0
2016-05-12,12.43,12.43,12.09,12.15,24200,0.0,0
2016-05-13,12.13,12.23,12.04,12.07,25000,0.0,0
2016-05-16,12.15,13.13,12.09,12.76,99500,0.0,0
2016-05-17,12.65,13.31,12.37,12.43,63200,0.0,0
2016-05-18,12.41,12.97,12.41,12.71,41000,0.0,0
2016-05-19,12.69,12.82,11.99,12.38,66300,0.0,0
2016-05-20,12.48,13.13,12.38,12.63,95600,0.0,0
2016-05-23,12.57,12.59,12.04,12.06,52800,0.0,0
2016-05-24,12.18,12.72,12.18,12.63,91400,0.0,0
2016-05-25,12.72,13.18,12.62,13.04,34500,0.0,0
2016-05-26,13.03,13.53,12.96,13.38,59200,0.0,0
2016-05-27,13.38,14.03,13.38,13.84,59700,0.0,0
2016-05-31,13.86,14.04,13.79,13.84,145100,0.0,0
2016-06-01,13.71,14.03,13.56,13.87,44200,0.0,0
2016-06-02,13.84,14.02,13.72,13.98,51000,0.0,0
2016-06-03,13.9,13.97,13.35,13.54,47200,0.0,0
2016-06-06,13.61,13.74,13.59,13.63,28400,0.0,0
2016-06-07,13.78,14.21,13.64,14.1,57400,0.0,0
2016-06-08,14.05,14.21,13.81,13.86,61000,0.0,0
2016-06-09,13.78,13.78,13.54,13.6,43600,0.0,0
2016-06-10,13.32,14.1,13.32,13.75,32300,0.0,0
2016-06-13,13.69,13.73,13.59,13.61,35200,0.0,0
2016-06-14,13.59,13.82,13.52,13.66,45600,0.0,0
2016-06-15,13.74,13.74,13.45,13.53,45900,0.0,0
2016-06-16,13.4,13.62,13.19,13.58,21800,0.0,0
2016-06-17,13.61,14.04,13.55,13.78,76900,0.0,0
2016-06-20,14.07,14.1,13.83,13.85,22200,0.0,0
2016-06-21,13.88,14.21,13.66,13.86,25300,0.0,0
2016-06-22,13.86,13.98,13.74,13.86,21700,0.0,0
2016-06-23,14.1,14.65,14.1,14.27,43700,0.0,0
2016-06-24,13.34,13.8,13.34,13.73,112000,0.0,0
2016-06-27,13.34,13.43,12.93,13.32,70800,0.0,0
2016-06-28,13.59,13.61,13.15,13.2,43200,0.0,0
2016-06-29,13.39,13.63,13.25,13.45,63000,0.0,0
2016-06-30,13.5,13.59,13.32,13.59,39400,0.0,0
2016-07-01,13.58,14.1,13.56,13.86,19900,0.0,0
2016-07-05,13.64,13.64,12.83,12.9,33700,0.0,0
2016-07-06,12.75,13.02,12.36,12.94,20900,0.0,0
2016-07-07,13.0,13.26,12.8,13.25,26000,0.0,0
2016-07-08,13.5,14.11,13.5,13.97,28300,0.0,0
2016-07-11,14.13,14.15,13.91,13.96,30000,0.0,0
2016-07-12,14.1,14.18,13.94,14.05,47300,0.0,0
2016-07-13,14.07,14.11,13.72,14.05,31200,0.0,0
2016-07-14,14.21,14.39,14.1,14.16,25300,0.0,0
2016-07-15,14.31,14.31,13.96,14.03,19700,0.0,0
2016-07-18,14.09,14.09,13.87,13.89,13600,0.0,0
2016-07-19,13.83,14.06,13.7,13.88,9900,0.0,0
2016-07-20,13.95,13.99,13.73,13.93,11700,0.0,0
2016-07-21,13.87,14.14,13.85,13.89,10400,0.0,0
2016-07-22,13.94,14.03,13.85,13.89,6300,0.0,0
2016-07-25,13.85,13.92,13.77,13.85,17200,0.0,0
2016-07-26,13.86,13.98,13.81,13.89,10500,0.0,0
2016-07-27,13.85,14.0,13.74,13.9,37000,0.0,0
2016-07-28,13.94,14.1,13.77,13.94,20200,0.0,0
2016-07-29,14.0,14.03,13.82,13.84,40500,0.0,0
2016-08-01,13.95,14.07,13.81,13.96,32900,0.0,0
2016-08-02,13.94,13.96,13.82,13.82,22900,0.0,0
2016-08-03,13.89,13.93,13.74,13.86,19000,0.0,0
2016-08-04,13.81,13.93,13.67,13.73,13100,0.0,0
2016-08-05,13.91,14.07,13.81,14.03,48100,0.0,0
2016-08-08,14.02,14.07,13.87,14.02,16200,0.0,0
2016-08-09,14.07,14.18,13.82,14.03,12000,0.0,0
2016-08-10,14.08,14.13,13.92,14.06,17800,0.11,0
2016-08-11,14.14,14.26,13.95,14.15,33700,0.0,0
2016-08-12,14.05,14.24,14.0,14.07,26300,0.0,0
2016-08-15,14.09,14.34,14.09,14.19,35000,0.0,0
2016-08-16,14.21,14.37,14.02,14.34,27400,0.0,0
2016-08-17,14.3,14.38,14.13,14.36,15600,0.0,0
2016-08-18,14.27,14.51,14.27,14.43,10900,0.0,0
2016-08-19,14.4,14.6,14.25,14.4,35800,0.0,0
2016-08-22,14.35,14.36,13.98,14.11,15700,0.0,0
2016-08-23,14.23,14.42,14.1,14.11,13200,0.0,0
2016-08-24,14.18,14.19,13.99,14.1,12800,0.0,0
2016-08-25,14.13,14.29,14.07,14.14,26600,0.0,0
2016-08-26,14.23,14.5,14.18,14.34,35200,0.0,0
2016-08-29,14.32,14.32,14.02,14.03,9800,0.0,0
2016-08-30,13.99,14.31,13.99,14.25,18000,0.0,0
2016-08-31,14.2,14.42,14.04,14.23,22000,0.0,0
2016-09-01,14.19,14.19,13.95,14.03,10500,0.0,0
2016-09-02,14.01,14.43,13.95,14.4,19400,0.0,0
2016-09-06,14.33,14.33,14.17,14.28,18700,0.0,0
2016-09-07,14.29,14.47,14.03,14.25,19500,0.0,0
2016-09-08,14.28,14.41,14.17,14.2,21000,0.0,0
2016-09-09,14.17,14.17,13.76,14.03,55900,0.0,0
2016-09-12,13.95,14.11,13.67,13.95,66200,0.0,0
2016-09-13,13.95,13.95,13.51,13.72,58900,0.0,0
2016-09-14,13.74,13.74,13.06,13.06,21000,0.0,0
2016-09-15,13.18,13.18,13.01,13.04,31900,0.0,0
2016-09-16,13.1,13.1,12.88,13.03,41300,0.0,0
2016-09-19,13.06,13.26,12.84,12.9,21000,0.0,0
2016-09-20,13.03,13.03,12.62,12.87,34100,0.0,0
2016-09-21,12.94,13.25,12.64,12.87,17800,0.0,0
2016-09-22,12.87,12.93,12.76,12.89,22200,0.0,0
2016-09-23,12.9,13.1,12.9,13.09,9400,0.0,0
2016-09-26,13.0,13.04,12.44,12.52,25400,0.0,0
2016-09-27,12.49,12.71,12.34,12.41,27600,0.0,0
2016-09-28,12.52,12.64,12.17,12.33,24500,0.0,0
2016-09-29,12.47,12.55,12.33,12.33,23800,0.0,0
2016-09-30,12.39,12.76,12.39,12.65,70600,0.0,0
2016-10-03,12.64,12.82,12.41,12.62,18900,0.0,0
2016-10-04,12.63,12.76,12.43,12.55,22400,0.0,0
2016-10-05,12.55,12.75,12.51,12.55,68500,0.0,0
2016-10-06,12.59,12.84,12.29,12.8,104800,0.0,0
2016-10-07,12.87,13.1,12.72,12.99,130000,0.0,0
2016-10-10,13.1,13.28,13.01,13.15,21800,0.0,0
2016-10-11,13.11,13.23,12.82,13.03,21800,0.0,0
2016-10-12,13.08,13.27,13.08,13.14,12900,0.0,0
2016-10-13,13.07,13.14,12.86,12.94,19800,0.0,0
2016-10-14,13.1,13.24,12.84,13.04,15000,0.0,0
2016-10-17,13.02,13.28,13.02,13.1,13300,0.0,0
2016-10-18,13.19,13.28,13.05,13.24,13000,0.0,0
2016-10-19,13.24,13.41,13.02,13.15,21800,0.0,0
2016-10-20,13.19,13.37,13.19,13.24,7100,0.0,0
2016-10-21,13.1,13.41,13.1,13.28,12000,0.0,0
2016-10-24,13.28,13.5,13.19,13.33,12500,0.0,0
2016-10-25,13.28,13.41,13.19,13.28,12000,0.0,0
2016-10-26,13.28,13.28,13.1,13.15,6000,0.0,0
2016-10-27,13.19,13.28,13.1,13.15,18800,0.0,0
2016-10-28,13.1,13.44,12.09,12.44,21500,0.0,0
2016-10-31,12.35,12.44,12.22,12.4,35400,0.0,0
2016-11-01,12.44,12.57,12.26,12.4,36400,0.0,0
2016-11-02,12.26,12.4,12.13,12.31,44800,0.0,0
2016-11-03,12.31,12.4,12.26,12.35,33300,0.0,0
2016-11-04,12.31,12.66,12.31,12.4,29300,0.0,0
2016-11-07,12.62,12.8,12.34,12.4,45500,0.0,0
2016-11-08,12.45,13.03,12.45,12.81,26400,0.11,0
2016-11-09,12.81,13.7,12.67,13.61,65800,0.0,0
2016-11-10,13.83,14.37,13.46,13.65,234200,0.0,0
2016-11-11,13.79,14.37,13.61,14.37,87100,0.0,0
2016-11-14,14.37,15.07,14.34,14.68,130600,0.0,0
2016-11-15,14.73,14.9,14.5,14.55,47300,0.0,0
2016-11-16,14.64,14.9,14.32,14.82,34100,0.0,0
2016-11-17,14.86,15.08,14.77,14.86,24000,0.0,0
2016-11-18,14.82,15.13,14.59,14.82,69600,0.0,0
2016-11-21,14.9,14.99,14.68,14.95,26900,0.0,0
2016-11-22,14.95,15.17,14.86,15.17,38700,0.0,0
2016-11-23,15.17,15.53,15.08,15.53,40700,0.0,0
2016-11-25,15.48,15.62,15.08,15.31,21800,0.0,0
2016-11-28,15.26,16.02,15.22,15.75,51200,0.0,0
2016-11-29,15.89,16.87,15.89,16.42,90600,0.0,0
2016-11-30,16.51,16.78,15.22,15.71,96900,0.0,0
2016-12-01,15.89,16.78,15.26,16.69,120200,0.0,0
2016-12-02,16.69,16.96,16.47,16.82,48600,0.0,0
2016-12-05,16.96,17.14,16.64,16.87,91000,0.0,0
2016-12-06,17.0,17.27,16.73,16.87,125700,0.0,0
2016-12-07,17.0,17.0,16.73,16.82,39700,0.0,0
2016-12-08,16.82,17.09,16.11,16.6,85300,0.0,0
2016-12-09,16.78,16.82,16.45,16.69,47400,0.0,0
2016-12-12,16.87,16.87,16.56,16.73,37900,0.0,0
2016-12-13,16.87,16.96,16.69,16.96,34700,0.0,0
2016-12-14,16.96,17.27,16.82,17.05,47000,0.0,0
2016-12-15,17.05,17.54,17.0,17.27,60800,0.0,0
2016-12-16,17.09,17.49,16.38,16.51,119800,0.0,0
2016-12-19,16.69,16.96,16.51,16.73,36100,0.0,0
2016-12-20,16.82,17.27,16.56,16.96,59900,0.0,0
2016-12-21,17.14,17.14,16.64,16.96,21700,0.0,0
2016-12-22,16.96,17.12,16.87,16.87,9700,0.0,0
2016-12-23,16.87,17.0,16.78,16.96,16300,0.0,0
2016-12-27,16.87,17.14,16.82,16.91,14900,0.0,0
2016-12-28,16.96,17.09,16.47,17.0,27000,0.0,0
2016-12-29,16.96,17.05,16.91,17.0,29200,0.0,0
2016-12-30,17.05,17.05,16.51,16.6,30500,0.0,0
2017-01-03,16.78,17.03,16.29,16.64,26300,0.0,0
2017-01-04,16.73,17.09,16.64,17.05,16700,0.0,0
2017-01-05,17.0,17.0,16.51,16.87,27100,0.0,0
2017-01-06,16.96,16.98,16.6,16.87,16100,0.0,0
2017-01-09,16.78,16.91,16.47,16.78,28000,0.0,0
2017-01-10,16.87,17.05,16.69,16.96,40600,0.0,0
2017-01-11,16.87,17.54,16.87,17.14,48500,0.0,0
2017-01-12,17.18,17.18,16.47,16.87,48400,0.0,0
2017-01-13,17.0,17.36,16.69,16.82,45800,0.0,0
2017-01-17,16.78,16.89,16.29,16.47,33700,0.0,0
2017-01-18,16.6,16.64,16.08,16.56,26100,0.0,0
2017-01-19,16.56,16.6,16.11,16.15,15200,0.0,0
2017-01-20,16.24,16.42,16.2,16.38,19500,0.0,0
2017-01-23,16.69,16.69,16.24,16.24,15700,0.0,0
2017-01-24,16.29,16.56,16.11,16.47,29300,0.0,0
2017-01-25,16.56,16.82,16.51,16.78,23100,0.0,0
2017-01-26,16.82,16.97,16.6,16.73,22600,0.0,0
2017-01-27,16.51,16.73,14.3,15.22,74800,0.0,0
2017-01-30,14.99,15.4,14.1,15.22,58500,0.0,0
2017-01-31,14.95,15.4,14.9,15.26,40100,0.0,0
2017-02-01,15.4,15.71,14.59,14.59,95600,0.0,0
2017-02-02,14.59,14.95,14.19,14.82,54700,0.0,0
2017-02-03,14.99,15.35,14.99,15.26,35400,0.0,0
2017-02-06,15.26,15.44,14.77,14.82,61800,0.0,0
2017-02-07,14.95,15.17,14.59,14.68,28500,0.0,0
2017-02-08,14.74,14.91,14.29,14.69,34200,0.11,0
2017-02-09,14.87,15.27,14.78,14.91,56100,0.0,0
2017-02-10,14.91,15.14,14.74,15.0,54700,0.0,0
2017-02-13,15.05,15.36,14.91,15.14,55700,0.0,0
2017-02-14,14.98,15.45,14.98,15.18,42100,0.0,0
2017-02-15,15.14,15.29,15.14,15.27,71300,0.0,0
2017-02-16,15.27,15.32,15.0,15.0,31900,0.0,0
2017-02-17,15.14,15.27,15.09,15.18,29200,0.0,0
2017-02-21,15.27,15.41,15.09,15.14,46600,0.0,0
2017-02-22,15.05,15.27,15.03,15.14,23900,0.0,0
2017-02-23,15.14,15.23,15.05,15.14,45700,0.0,0
2017-02-24,15.09,15.27,15.0,15.05,28900,0.0,0
2017-02-27,15.0,15.23,15.0,15.18,32400,0.0,0
2017-02-28,15.09,15.18,14.87,14.91,33400,0.0,0
2017-03-01,15.27,15.36,15.09,15.18,74100,0.0,0
2017-03-02,15.09,15.18,14.96,15.05,26500,0.0,0
2017-03-03,15.05,15.23,14.91,15.05,28700,0.0,0
2017-03-06,14.96,15.09,14.74,14.96,24000,0.0,0
2017-03-07,15.05,15.09,14.74,14.78,28200,0.0,0
2017-03-08,14.87,15.41,14.87,15.0,35500,0.0,0
2017-03-09,15.05,15.14,14.83,14.83,38300,0.0,0
2017-03-10,14.96,15.0,14.56,14.83,31600,0.0,0
2017-03-13,14.83,15.14,14.78,15.0,26200,0.0,0
2017-03-14,14.96,15.14,14.74,15.05,24200,0.0,0
2017-03-15,15.05,15.41,15.0,15.14,30400,0.0,0
2017-03-16,15.14,15.36,14.96,15.27,32400,0.0,0
2017-03-17,15.32,15.63,15.09,15.23,69600,0.0,0
2017-03-20,15.27,15.27,15.05,15.23,27900,0.0,0
2017-03-21,15.36,15.41,14.78,14.83,40300,0.0,0
2017-03-22,14.87,15.18,14.33,14.51,38300,0.0,0
2017-03-23,14.56,14.91,14.56,14.74,25200,0.0,0
2017-03-24,14.78,15.0,14.69,14.87,27400,0.0,0
2017-03-27,14.69,15.14,14.6,15.05,24100,0.0,0
2017-03-28,15.0,15.36,15.0,15.23,12300,0.0,0
2017-03-29,15.23,15.41,15.09,15.18,20100,0.0,0
2017-03-30,15.23,15.54,15.18,15.41,19400,0.0,0
2017-03-31,15.41,15.59,15.27,15.36,27700,0.0,0
2017-04-03,15.41,15.45,15.14,15.23,32200,0.0,0
2017-04-04,15.23,15.36,14.83,15.05,24600,0.0,0
2017-04-05,15.18,15.45,14.56,14.56,31600,0.0,0
2017-04-06,14.69,15.09,14.51,14.91,26800,0.0,0
2017-04-07,14.83,15.14,14.65,14.69,21700,0.0,0
2017-04-10,14.74,15.14,14.51,14.74,30700,0.0,0
2017-04-11,14.74,15.0,14.56,14.87,10000,0.0,0
2017-04-12,14.78,14.96,14.47,14.65,21300,0.0,0
2017-04-13,14.65,14.83,14.51,14.51,26300,0.0,0
2017-04-17,14.56,14.83,14.56,14.78,19800,0.0,0
2017-04-18,14.83,15.05,14.65,14.96,23900,0.0,0
2017-04-19,15.05,15.18,14.83,14.87,28100,0.0,0
2017-04-20,14.91,15.29,14.91,15.18,28600,0.0,0
2017-04-21,15.14,15.36,15.14,15.23,28700,0.0,0
2017-04-24,15.5,15.77,15.5,15.68,21400,0.0,0
2017-04-25,15.77,15.99,15.72,15.81,32800,0.0,0
2017-04-26,15.77,16.44,15.77,16.08,39400,0.0,0
2017-04-27,16.17,16.35,15.77,15.77,24100,0.0,0
2017-04-28,15.77,15.9,15.45,15.54,22500,0.0,0
2017-05-01,15.63,15.72,15.18,15.36,27300,0.0,0
2017-05-02,15.41,15.81,14.91,15.0,22900,0.0,0
2017-05-03,14.96,15.0,14.78,14.78,26500,0.0,0
2017-05-04,14.83,15.05,14.69,15.0,26900,0.0,0
2017-05-05,15.09,15.54,15.09,15.27,29600,0.0,0
2017-05-08,15.27,15.45,15.18,15.27,24500,0.0,0
2017-05-09,15.36,15.63,15.05,15.14,24300,0.0,0
2017-05-10,15.1,15.19,14.88,15.1,19600,0.11,0
2017-05-11,14.97,15.15,14.7,15.01,24500,0.0,0
2017-05-12,14.92,15.15,14.88,14.92,40800,0.0,0
2017-05-15,15.01,15.15,14.97,15.06,12600,0.0,0
2017-05-16,15.06,15.24,15.01,15.1,11600,0.0,0
2017-05-17,14.88,14.97,14.43,14.47,42800,0.0,0
2017-05-18,14.65,14.65,14.11,14.29,31400,0.0,0
2017-05-19,14.33,14.43,13.66,14.2,39200,0.0,0
2017-05-22,14.2,14.47,14.2,14.47,17700,0.0,0
2017-05-23,14.52,14.65,14.33,14.52,15400,0.0,0
2017-05-24,14.56,14.61,14.33,14.43,10400,0.0,0
2017-05-25,14.47,14.65,14.24,14.33,20200,0.0,0
2017-05-26,14.24,14.47,14.24,14.24,11100,0.0,0
2017-05-30,14.06,14.38,13.97,14.15,22400,0.0,0
2017-05-31,14.2,14.33,13.97,14.11,32300,0.0,0
2017-06-01,14.15,14.43,14.15,14.38,20300,0.0,0
2017-06-02,14.38,14.61,14.33,14.38,21900,0.0,0
2017-06-05,14.29,14.7,14.29,14.33,26600,0.0,0
2017-06-06,14.33,14.52,14.08,14.33,23200,0.0,0
2017-06-07,14.33,14.52,14.29,14.38,10000,0.0,0
2017-06-08,14.38,14.92,14.38,14.52,28600,0.0,0
2017-06-09,14.47,15.1,14.47,15.06,43800,0.0,0
2017-06-12,15.06,15.19,14.83,15.19,21500,0.0,0
2017-06-13,15.24,15.33,15.1,15.28,13100,0.0,0
2017-06-14,15.28,15.28,14.92,15.15,29000,0.0,0
2017-06-15,14.97,15.33,14.94,14.97,10600,0.0,0
2017-06-16,14.83,15.01,14.61,14.92,37600,0.0,0
2017-06-19,14.92,15.19,14.92,15.1,13300,0.0,0
2017-06-20,15.1,15.19,14.7,14.92,16600,0.0,0
2017-06-21,14.97,15.01,14.47,14.56,16700,0.0,0
2017-06-22,14.56,14.79,14.56,14.65,13900,0.0,0
2017-06-23,14.65,14.79,14.41,14.65,50100,0.0,0
2017-06-26,14.74,14.88,14.48,14.7,19700,0.0,0
2017-06-27,14.7,15.01,14.56,14.61,24400,0.0,0
2017-06-28,14.88,14.99,14.65,14.92,26300,0.0,0
2017-06-29,15.01,15.28,14.88,14.97,17700,0.0,0
2017-06-30,14.97,15.24,14.79,14.83,16300,0.0,0
2017-07-03,14.83,15.1,14.79,15.01,6300,0.0,0
2017-07-05,14.97,15.15,14.56,14.7,61100,0.0,0
2017-07-06,14.65,14.92,14.56,14.7,28600,0.0,0
2017-07-07,14.79,14.92,14.58,14.83,29000,0.0,0
2017-07-10,14.61,14.88,14.49,14.74,44300,0.0,0
2017-07-11,14.74,14.92,14.65,14.7,20900,0.0,0
2017-07-12,14.79,15.06,14.68,15.01,23100,0.0,0
2017-07-13,15.01,15.15,14.92,15.01,29100,0.0,0
2017-07-14,14.92,15.06,14.79,14.97,18700,0.0,0
2017-07-17,14.88,15.1,14.79,14.92,19600,0.0,0
2017-07-18,14.83,14.97,14.65,14.88,8800,0.0,0
2017-07-19,14.83,15.1,14.74,14.83,15600,0.0,0
2017-07-20,14.79,14.83,14.61,14.7,24300,0.0,0
2017-07-21,14.88,14.88,14.65,14.74,26800,0.0,0
2017-07-24,14.7,14.83,14.56,14.7,11800,0.0,0
2017-07-25,14.79,15.24,14.79,15.1,47400,0.0,0
2017-07-26,15.1,15.19,14.92,15.01,17800,0.0,0
2017-07-27,15.1,15.15,14.7,14.7,28200,0.0,0
2017-07-28,14.7,14.88,14.43,14.61,42200,0.0,0
2017-07-31,14.52,14.61,14.24,14.24,21900,0.0,0
2017-08-01,14.43,14.43,14.02,14.38,23100,0.0,0
2017-08-02,14.38,14.52,14.2,14.33,22000,0.0,0
2017-08-03,14.29,14.47,14.06,14.47,24100,0.0,0
2017-08-04,14.52,14.92,14.47,14.74,42800,0.0,0
2017-08-07,14.83,14.83,14.65,14.7,33800,0.0,0
2017-08-08,14.74,15.06,14.52,14.83,24800,0.0,0
2017-08-09,14.75,14.89,14.39,14.66,29500,0.11,0
2017-08-10,14.61,14.66,14.41,14.61,23900,0.0,0
2017-08-11,14.75,14.75,14.34,14.57,44000,0.0,0
2017-08-14,14.66,15.02,14.66,14.75,35200,0.0,0
2017-08-15,15.02,15.11,14.66,14.75,29900,0.0,0
2017-08-16,14.66,15.02,14.66,14.84,28000,0.0,0
2017-08-17,14.84,14.93,14.52,14.57,41900,0.0,0
2017-08-18,14.48,15.02,14.48,14.84,24100,0.0,0
2017-08-21,14.8,14.89,14.34,14.7,39300,0.0,0
2017-08-22,14.75,15.02,14.75,14.98,17900,0.0,0
2017-08-23,14.84,14.98,14.75,14.75,15700,0.0,0
2017-08-24,14.8,14.84,14.61,14.75,17100,0.0,0
2017-08-25,14.75,15.02,14.75,14.98,18500,0.0,0
2017-08-28,14.98,15.07,14.8,14.89,9200,0.0,0
2017-08-29,14.8,14.92,14.7,14.89,11900,0.0,0
2017-08-30,15.02,15.02,14.52,14.7,33400,0.0,0
2017-08-31,14.8,14.89,14.7,14.8,23400,0.0,0
2017-09-01,14.8,15.07,14.61,14.7,14300,0.0,0
2017-09-05,14.66,14.66,13.98,14.16,66500,0.0,0
2017-09-06,14.25,14.52,14.11,14.39,26400,0.0,0
2017-09-07,14.39,14.48,14.07,14.16,18200,0.0,0
2017-09-08,14.2,14.34,14.07,14.2,23400,0.0,0
2017-09-11,14.48,14.61,14.39,14.52,32800,0.0,0
2017-09-12,14.61,14.93,14.48,14.52,31800,0.0,0
2017-09-13,14.48,14.8,14.34,14.43,32600,0.0,0
2017-09-14,14.48,14.52,14.2,14.29,44500,0.0,0
2017-09-15,14.34,14.75,14.34,14.75,56700,0.0,0
2017-09-18,14.75,15.21,14.75,15.02,38500,0.0,0
2017-09-19,15.02,15.25,14.84,15.21,56300,0.0,0
2017-09-20,15.16,15.93,15.16,15.52,68400,0.0,0
2017-09-21,15.57,15.71,15.25,15.34,37100,0.0,0
2017-09-22,15.25,15.48,15.16,15.3,47900,0.0,0
2017-09-25,15.34,15.34,15.14,15.3,17400,0.0,0
2017-09-26,15.3,15.57,15.25,15.43,30900,0.0,0
2017-09-27,15.57,16.21,15.57,15.93,70600,0.0,0
2017-09-28,16.02,16.02,15.62,15.71,43100,0.0,0
2017-09-29,15.66,16.07,15.66,15.8,39100,0.0,0
2017-10-02,15.89,16.3,15.89,16.12,63100,0.0,0
2017-10-03,16.12,16.34,16.12,16.25,39900,0.0,0
2017-10-04,16.3,16.39,15.75,15.84,55000,0.0,0
2017-10-05,15.89,16.35,15.89,15.98,87100,0.0,0
2017-10-06,15.98,16.21,15.75,16.07,88300,0.0,0
2017-10-09,16.12,16.39,16.07,16.39,88900,0.0,0
2017-10-10,16.53,16.62,16.21,16.39,90100,0.0,0
2017-10-11,16.39,16.94,16.3,16.71,100100,0.0,0
2017-10-12,16.62,16.84,16.34,16.39,48100,0.0,0
2017-10-13,16.53,16.53,16.02,16.25,38700,0.0,0
2017-10-16,16.3,16.51,16.16,16.39,18000,0.0,0
2017-10-17,16.43,16.46,16.12,16.21,12000,0.0,0
2017-10-18,16.34,16.62,16.25,16.48,17000,0.0,0
2017-10-19,16.3,16.75,16.3,16.43,52300,0.0,0
2017-10-20,16.66,17.07,16.57,16.8,36200,0.0,0
2017-10-23,16.84,16.98,16.39,16.66,17300,0.0,0
2017-10-24,16.66,17.03,16.66,16.8,24700,0.0,0
2017-10-25,16.84,17.03,16.53,16.89,45500,0.0,0
2017-10-26,17.07,17.12,16.75,16.94,52900,0.0,0
2017-10-27,17.39,18.44,17.16,18.21,94400,0.0,0
2017-10-30,18.16,19.12,18.16,18.94,103200,0.0,0
2017-10-31,19.12,19.89,18.67,19.8,196100,0.0,0
2017-11-01,19.94,20.12,19.71,19.85,88400,0.0,0
2017-11-02,19.94,20.85,19.94,20.76,73700,0.0,0
2017-11-03,20.8,21.49,20.4,21.31,138800,0.0,0
2017-11-06,21.35,21.53,20.94,21.35,129300,0.0,0
2017-11-07,21.31,21.53,20.58,20.8,117700,0.0,0
2017-11-08,20.67,21.12,20.6,20.9,64300,0.0,0
2017-11-09,20.77,21.59,20.52,21.36,91800,0.11,0
2017-11-10,21.32,22.09,21.32,21.87,105000,0.0,0
2017-11-13,21.77,22.41,21.45,22.28,149500,0.0,0
2017-11-14,22.19,22.78,21.96,22.37,171900,0.0,0
2017-11-15,22.19,22.69,21.96,22.41,168600,0.0,0
2017-11-16,22.64,23.06,22.6,22.78,176000,0.0,0
2017-11-17,22.55,23.33,22.37,23.01,230000,0.0,0
2017-11-20,23.15,23.65,22.78,23.47,92300,0.0,0
2017-11-21,23.7,24.34,23.6,24.29,87600,0.0,0
2017-11-22,24.43,24.66,23.74,24.29,90400,0.0,0
2017-11-24,24.34,25.16,24.34,25.07,121200,0.0,0
2017-11-27,25.11,25.11,24.43,24.75,88400,0.0,0
2017-11-28,24.79,24.98,24.06,24.7,145800,0.0,0
2017-11-29,24.7,25.1,24.45,24.66,78800,0.0,0
2017-11-30,24.88,25.43,24.38,24.66,97900,0.0,0
2017-12-01,24.56,25.02,23.79,24.88,89200,0.0,0
2017-12-04,25.25,26.21,25.25,25.8,121000,0.0,0
2017-12-05,25.94,26.07,25.43,25.8,71400,0.0,0
2017-12-06,25.62,26.17,25.48,25.53,62700,0.0,0
2017-12-07,25.53,26.07,25.48,25.8,46600,0.0,0
2017-12-08,25.98,26.39,25.62,25.85,60500,0.0,0
2017-12-11,25.89,25.98,25.39,25.75,47300,0.0,0
2017-12-12,25.89,26.49,25.89,26.12,50500,0.0,0
2017-12-13,26.26,26.26,25.8,25.8,54600,0.0,0
2017-12-14,25.89,25.89,25.21,25.53,88200,0.0,0
2017-12-15,25.62,26.3,25.62,25.94,149400,0.0,0
2017-12-18,26.35,26.53,25.94,25.94,48800,0.0,0
2017-12-19,25.98,25.98,25.11,25.21,75800,0.0,0
2017-12-20,25.48,25.62,25.11,25.21,40700,0.0,0
2017-12-21,25.53,25.66,25.25,25.48,56800,0.0,0
2017-12-22,25.39,25.39,24.93,25.07,51400,0.0,0
2017-12-26,25.11,25.66,24.79,25.11,38300,0.0,0
2017-12-27,25.16,25.43,24.56,24.79,51100,0.0,0
2017-12-28,24.84,25.07,24.7,24.88,27600,0.0,0
2017-12-29,24.88,25.07,24.47,24.52,45000,0.0,0
2018-01-02,24.47,24.88,24.34,24.34,41000,0.0,0
2018-01-03,24.43,24.75,24.06,24.66,55600,0.0,0
2018-01-04,24.84,25.34,24.7,25.02,57600,0.0,0
2018-01-05,25.11,25.21,24.34,24.7,51000,0.0,0
2018-01-08,24.56,24.88,24.15,24.52,22800,0.0,0
2018-01-09,24.66,24.87,24.41,24.52,26500,0.0,0
2018-01-10,24.43,24.79,23.92,24.66,42900,0.0,0
2018-01-11,24.7,24.75,24.52,24.56,54000,0.0,0
2018-01-12,24.66,24.75,24.34,24.47,115900,0.0,0
2018-01-16,24.61,24.7,24.34,24.56,61900,0.0,0
2018-01-17,24.61,24.75,24.52,24.7,58900,0.0,0
2018-01-18,24.7,24.84,24.52,24.56,31800,0.0,0
2018-01-19,24.61,26.3,24.56,25.98,160500,0.0,0
2018-01-22,25.94,26.12,25.62,26.03,167300,0.0,0
2018-01-23,26.03,26.12,25.11,25.21,64400,0.0,0
2018-01-24,25.3,25.75,25.11,25.48,37200,0.0,0
2018-01-25,25.62,25.62,24.88,25.11,29800,0.0,0
2018-01-26,25.21,25.98,24.79,25.94,58300,0.0,0
2018-01-29,25.98,26.07,24.93,25.07,47000,0.0,0
2018-01-30,24.98,25.39,24.93,25.21,31300,0.0,0
2018-01-31,25.3,25.48,24.98,25.16,45100,0.0,0
2018-02-01,25.89,26.07,25.48,25.85,65600,0.0,0
2018-02-02,25.85,26.03,25.53,25.66,53100,0.0,0
2018-02-05,25.43,26.58,25.43,25.75,152000,0.0,0
2018-02-06,25.34,25.94,23.83,24.66,181200,0.0,0
2018-02-07,24.66,24.98,24.2,24.79,99100,0.0,0
2018-02-08,24.79,24.84,23.79,23.83,61700,0.0,0
2018-02-09,24.21,24.49,23.52,24.12,85700,0.11,0
2018-02-12,24.21,24.49,23.61,24.03,45100,0.0,0
2018-02-13,23.93,24.07,23.66,23.7,42500,0.0,0
2018-02-14,23.52,24.49,23.29,24.3,64200,0.0,0
2018-02-15,24.49,24.49,23.7,24.26,63700,0.0,0
2018-02-16,23.98,24.71,23.98,24.58,40000,0.0,0
2018-02-20,24.53,24.62,23.84,23.98,20300,0.0,0
2018-02-21,24.03,24.71,23.7,24.39,55400,0.0,0
2018-02-22,24.39,24.53,24.16,24.3,61000,0.0,0
2018-02-23,24.39,24.58,24.01,24.39,46900,0.0,0
2018-02-26,24.39,25.08,24.39,24.76,91200,0.0,0
2018-02-27,24.9,25.27,24.44,24.62,78900,0.0,0
2018-02-28,24.76,25.36,24.26,24.39,113900,0.0,0
2018-03-01,24.44,24.67,24.12,24.35,80600,0.0,0
2018-03-02,24.26,24.49,23.47,24.35,56400,0.0,0
2018-03-05,24.16,24.58,23.84,24.49,61600,0.0,0
2018-03-06,24.58,24.76,24.35,24.71,51700,0.0,0
2018-03-07,24.53,24.81,24.48,24.62,36400,0.0,0
2018-03-08,24.67,25.27,24.53,25.17,70300,0.0,0
2018-03-09,25.36,25.4,25.08,25.31,38500,0.0,0
2018-03-12,25.4,25.45,25.04,25.27,52700,0.0,0
2018-03-13,25.4,25.5,25.08,25.17,37400,0.0,0
2018-03-14,25.17,26.09,24.39,25.36,96600,0.0,0
2018-03-15,25.4,25.63,24.67,24.71,76800,0.0,0
2018-03-16,24.76,25.45,24.74,25.04,106900,0.0,0
2018-03-19,25.08,25.13,24.53,24.85,80700,0.0,0
2018-03-20,24.94,25.17,24.62,24.81,87100,0.0,0
2018-03-21,24.85,25.17,24.53,24.9,59500,0.0,0
2018-03-22,24.67,24.9,24.39,24.44,49800,0.0,0
2018-03-23,24.44,24.62,23.52,23.57,48100,0.0,0
2018-03-26,23.93,24.16,23.66,24.07,48700,0.0,0
2018-03-27,24.26,24.39,23.38,23.43,57100,0.0,0
2018-03-28,23.47,23.66,23.15,23.47,48500,0.0,0
2018-03-29,23.52,23.89,23.52,23.66,52700,0.0,0
2018-04-02,23.57,23.7,22.74,22.97,54500,0.0,0
2018-04-03,23.02,23.43,22.33,23.34,53700,0.0,0
2018-04-04,23.06,23.8,23.06,23.66,50900,0.0,0
2018-04-05,23.89,24.3,23.46,24.03,46500,0.0,0
2018-04-06,23.89,24.07,23.38,23.61,45400,0.0,0
2018-04-09,23.7,24.16,23.61,23.7,33500,0.0,0
2018-04-10,23.93,24.26,23.8,23.89,38300,0.0,0
2018-04-11,23.7,24.03,23.61,24.03,45800,0.0,0
2018-04-12,24.16,24.44,24.16,24.3,45000,0.0,0
2018-04-13,24.44,24.44,23.98,24.16,49000,0.0,0
2018-04-16,24.3,24.94,24.21,24.85,70500,0.0,0
2018-04-17,24.99,25.17,24.94,25.04,71700,0.0,0
2018-04-18,25.08,25.22,24.85,24.9,68900,0.0,0
2018-04-19,24.85,25.17,24.81,24.81,32300,0.0,0
2018-04-20,24.76,24.99,24.62,24.81,35200,0.0,0
2018-04-23,24.81,24.85,24.51,24.67,31500,0.0,0
2018-04-24,24.81,24.85,24.3,24.44,31800,0.0,0
2018-04-25,24.49,24.67,24.21,24.26,33800,0.0,0
2018-04-26,24.3,24.58,24.07,24.44,24200,0.0,0
2018-04-27,24.67,24.9,24.39,24.67,66300,0.0,0
2018-04-30,24.67,24.9,24.58,24.67,58600,0.0,0
2018-05-01,24.67,24.76,24.12,24.71,179000,0.0,0
2018-05-02,24.76,25.04,24.76,24.85,42800,0.0,0
2018-05-03,24.85,24.94,24.49,24.81,64100,0.0,0
2018-05-04,24.76,25.77,24.71,25.73,85700,0.0,0
2018-05-07,25.73,26.74,25.73,26.51,97500,0.0,0
2018-05-08,26.23,26.74,26.23,26.55,86700,0.0,0
2018-05-09,26.64,26.74,26.41,26.55,67700,0.0,0
2018-05-10,26.61,26.84,26.61,26.7,35300,0.11,0
2018-05-11,26.7,26.79,26.56,26.65,33500,0.0,0
2018-05-14,26.75,26.79,26.15,26.24,26600,0.0,0
2018-05-15,26.24,26.52,26.1,26.33,20700,0.0,0
2018-05-16,26.33,26.84,26.33,26.7,48400,0.0,0
2018-05-17,26.7,26.84,26.61,26.7,37500,0.0,0
2018-05-18,26.79,26.79,26.56,26.61,36300,0.0,0
2018-05-21,26.65,27.39,26.56,27.11,73200,0.0,0
2018-05-22,27.11,27.25,26.84,26.84,41500,0.0,0
2018-05-23,26.84,26.84,26.61,26.7,31500,0.0,0
2018-05-24,26.65,27.02,26.42,26.84,59400,0.0,0
2018-05-25,26.84,26.98,26.65,26.79,45500,0.0,0
2018-05-29,26.7,26.79,25.82,26.05,64100,0.0,0
2018-05-30,26.24,26.47,26.01,26.15,27200,0.0,0
2018-05-31,26.19,26.19,25.87,25.96,32500,0.0,0
2018-06-01,26.15,26.38,25.92,26.19,40600,0.0,0
2018-06-04,26.19,26.42,25.82,26.38,53300,0.0,0
2018-06-05,26.33,26.84,26.28,26.75,56000,0.0,0
2018-06-06,26.79,26.88,26.52,26.75,54000,0.0,0
2018-06-07,26.75,26.84,26.65,26.75,37100,0.0,0
2018-06-08,26.75,26.77,26.42,26.42,21800,0.0,0
2018-06-11,26.42,26.7,26.42,26.65,62200,0.0,0
2018-06-12,26.7,26.84,26.52,26.61,49200,0.0,0
2018-06-13,26.75,26.84,26.47,26.47,29900,0.0,0
2018-06-14,26.65,26.65,26.19,26.24,45100,0.0,0
2018-06-15,26.28,26.33,25.96,26.15,48200,0.0,0
2018-06-18,26.01,26.33,25.92,25.92,78100,0.0,0
2018-06-19,25.78,26.05,25.59,25.92,77900,0.0,0
2018-06-20,25.96,26.56,25.96,26.42,60000,0.0,0
2018-06-21,26.42,26.79,26.27,26.61,80800,0.0,0
2018-06-22,26.7,26.82,26.56,26.79,177600,0.0,0
2018-06-25,26.75,27.44,26.28,26.93,132400,0.0,0
2018-06-26,26.98,27.48,26.61,27.02,99500,0.0,0
2018-06-27,26.98,27.07,26.01,26.05,44000,0.0,0
2018-06-28,26.1,26.28,25.77,26.05,48300,0.0,0
2018-06-29,26.19,26.42,25.82,25.82,46800,0.0,0
2018-07-02,25.59,26.24,25.18,26.24,53800,0.0,0
2018-07-03,26.28,26.52,25.82,25.87,22200,0.0,0
2018-07-05,26.01,26.7,25.92,26.38,60200,0.0,0
2018-07-06,26.38,26.56,26.19,26.33,97300,0.0,0
2018-07-09,26.52,26.84,26.47,26.79,23800,0.0,0
2018-07-10,26.79,27.02,26.33,26.42,34700,0.0,0
2018-07-11,26.42,26.42,25.82,25.87,33300,0.0,0
2018-07-12,26.1,26.15,25.5,26.05,49600,0.0,0
2018-07-13,25.96,26.28,25.82,26.1,42400,0.0,0
2018-07-16,26.1,26.38,26.05,26.24,33400,0.0,0
2018-07-17,26.24,26.33,26.1,26.19,28600,0.0,0
2018-07-18,26.24,26.75,26.1,26.65,56000,0.0,0
2018-07-19,26.52,26.7,25.82,25.92,45600,0.0,0
2018-07-20,25.96,26.1,25.74,25.92,22700,0.0,0
2018-07-23,25.82,26.61,25.82,26.52,47000,0.0,0
2018-07-24,26.61,26.79,26.42,26.47,41200,0.0,0
2018-07-25,26.47,27.07,26.15,27.02,49400,0.0,0
2018-07-26,26.98,27.16,26.24,26.42,100300,0.0,0
2018-07-27,26.61,27.58,26.61,27.11,139400,0.0,0
2018-07-30,27.35,27.58,27.11,27.25,172800,0.0,0
2018-07-31,27.48,27.48,26.93,27.25,146100,0.0,0
2018-08-01,27.21,29.14,26.7,28.96,279900,0.0,0
2018-08-02,28.87,29.74,28.87,29.33,148000,0.0,0
2018-08-03,28.87,29.7,28.77,29.19,118900,0.0,0
2018-08-06,29.24,29.88,29.08,29.47,106900,0.0,0
2018-08-07,29.51,30.2,29.51,29.84,128100,0.0,0
2018-08-08,29.97,30.85,29.74,30.62,193800,0.0,0
2018-08-09,30.72,31.46,30.63,31.05,249600,0.11,0
2018-08-10,30.91,31.46,30.17,31.23,178500,0.0,0
2018-08-13,31.28,31.46,29.52,29.8,133400,0.0,0
2018-08-14,29.8,30.12,29.47,30.03,79500,0.0,0
2018-08-15,29.93,30.07,29.47,30.03,89500,0.0,0
2018-08-16,30.17,30.35,29.8,29.98,70600,0.0,0
2018-08-17,30.03,30.07,29.66,29.84,56200,0.0,0
2018-08-20,30.12,30.63,29.66,30.12,82600,0.0,0
2018-08-21,30.49,30.95,30.26,30.35,100200,0.0,0
2018-08-22,30.72,30.77,30.21,30.68,147900,0.0,0
2018-08-23,30.68,31.51,30.68,31.32,85200,0.0,0
2018-08-24,31.42,31.6,30.54,30.77,68800,0.0,0
2018-08-27,31.0,31.23,30.77,30.95,63400,0.0,0
2018-08-28,31.18,31.18,30.17,30.21,56000,0.0,0
2018-08-29,30.17,30.21,29.43,29.52,97000,0.0,0
2018-08-30,29.33,29.56,28.73,29.01,122100,0.0,0
2018-08-31,28.92,28.92,28.27,28.87,96700,0.0,0
2018-09-04,28.73,29.01,28.32,28.64,50600,0.0,0
2018-09-05,28.59,28.92,28.32,28.78,67300,0.0,0
2018-09-06,28.82,29.1,28.48,28.69,51100,0.0,0
2018-09-07,28.73,29.29,28.5,28.73,103600,0.0,0
2018-09-10,28.92,29.19,28.67,28.92,136000,0.0,0
2018-09-11,28.96,29.1,28.73,28.87,52700,0.0,0
2018-09-12,28.87,29.01,28.45,28.55,49400,0.0,0
2018-09-13,28.59,28.87,28.25,28.27,30000,0.0,0
2018-09-14,28.36,28.78,28.32,28.64,37500,0.0,0
2018-09-17,28.64,28.69,28.36,28.59,44300,0.0,0
2018-09-18,28.64,29.24,28.53,28.96,71800,0.0,0
2018-09-19,29.01,29.84,29.01,29.1,118200,0.0,0
2018-09-20,29.29,29.66,29.07,29.43,56000,0.0,0
2018-09-21,29.43,29.53,29.01,29.29,203000,0.0,0
2018-09-24,29.33,29.47,28.73,28.96,58500,0.0,0
2018-09-25,29.01,29.33,28.96,29.1,34900,0.0,0
2018-09-26,29.06,29.1,28.59,28.59,46400,0.0,0
2018-09-27,28.59,29.22,28.45,29.15,73500,0.0,0
2018-09-28,29.06,29.66,29.01,29.24,54800,0.0,0
2018-10-01,29.3,29.6,29.01,29.06,70300,0.0,0
2018-10-02,29.07,29.49,28.61,28.8,66600,0.0,0
2018-10-03,28.82,29.54,28.82,29.37,64300,0.0,0
2018-10-04,29.41,29.92,29.28,29.35,124600,0.0,0
2018-10-05,29.53,30.07,28.88,29.91,174800,0.0,0
2018-10-08,29.92,30.6,29.64,30.4,106400,0.0,0
2018-10-09,30.3,31.33,30.3,30.67,113100,0.0,0
2018-10-10,30.65,31.01,29.92,29.94,76900,0.0,0
2018-10-11,29.67,30.02,28.31,28.53,157100,0.0,0
2018-10-12,28.99,29.25,28.08,28.36,71500,0.0,0
2018-10-15,28.22,28.45,27.63,27.65,90200,0.0,0
2018-10-16,27.76,28.45,27.53,28.43,58100,0.0,0
2018-10-17,28.35,28.35,27.72,28.07,70100,0.0,0
2018-10-18,27.9,28.08,27.24,27.29,45600,0.0,0
2018-10-19,27.21,27.73,26.96,27.02,38400,0.0,0
2018-10-22,26.96,27.26,26.71,27.06,58100,0.0,0
2018-10-23,26.59,26.94,25.99,26.62,70200,0.0,0
2018-10-24,26.6,26.71,25.47,25.54,64200,0.0,0
2018-10-25,25.9,26.5,25.57,26.3,83500,0.0,0
2018-10-26,25.54,27.48,25.54,27.01,89000,0.0,0
2018-10-29,27.43,28.56,27.22,27.38,89300,0.0,0
2018-10-30,27.36,29.06,27.32,28.82,134400,0.0,0
2018-10-31,29.09,29.43,28.39,28.46,92500,0.0,0
2018-11-01,28.64,28.86,28.35,28.62,72500,0.0,0
2018-11-02,28.77,29.1,28.37,28.75,83000,0.0,0
2018-11-05,28.73,29.1,28.38,28.57,67200,0.0,0
2018-11-06,28.53,28.98,28.22,28.72,64300,0.0,0
2018-11-07,29.0,29.3,28.42,29.29,64100,0.0,0
2018-11-08,29.22,29.5,28.75,29.2,38600,0.11,0
2018-11-09,29.11,29.16,28.49,28.57,53300,0.0,0
2018-11-12,28.55,28.59,27.77,27.98,76800,0.0,0
2018-11-13,27.88,28.45,27.66,27.89,83500,0.0,0
2018-11-14,28.16,28.48,27.08,27.66,112500,0.0,0
2018-11-15,27.48,27.8,27.02,27.74,91100,0.0,0
2018-11-16,27.62,27.95,27.31,27.48,108300,0.0,0
2018-11-19,27.47,27.62,27.0,27.37,90700,0.0,0
2018-11-20,27.1,27.28,26.12,26.2,85400,0.0,0
2018-11-21,26.46,26.73,26.22,26.3,48700,0.0,0
2018-11-23,26.09,26.45,25.93,26.22,48000,0.0,0
2018-11-26,26.44,26.65,26.17,26.57,103800,0.0,0
2018-11-27,26.47,26.76,25.86,25.95,171900,0.0,0
2018-11-28,26.11,26.58,25.64,26.5,193400,0.0,0
2018-11-29,26.45,26.76,26.32,26.44,104600,0.0,0
2018-11-30,26.35,26.57,26.17,26.47,86800,0.0,0
2018-12-03,26.53,27.15,26.04,26.19,136000,0.0,0
2018-12-04,26.13,26.3,23.92,24.17,141600,0.0,0
2018-12-06,23.75,24.36,23.48,24.35,95300,0.0,0
2018-12-07,24.37,24.86,23.94,24.01,96100,0.0,0
2018-12-10,23.92,23.92,23.49,23.57,100900,0.0,0
2018-12-11,23.81,24.06,23.34,23.54,92800,0.0,0
2018-12-12,23.85,24.34,23.56,23.94,108400,0.0,0
2018-12-13,24.03,24.16,23.25,23.31,69600,0.0,0
2018-12-14,23.07,23.62,22.92,23.05,60600,0.0,0
2018-12-17,22.99,23.47,22.81,22.95,80900,0.0,0
2018-12-18,23.07,23.33,22.56,22.65,65400,0.0,0
2018-12-19,22.54,23.25,22.31,22.35,104400,0.0,0
2018-12-20,22.24,22.55,22.12,22.33,99000,0.0,0
2018-12-21,22.51,22.96,22.36,22.47,149900,0.0,0
2018-12-24,22.31,22.53,22.03,22.05,49700,0.0,0
2018-12-26,22.05,22.85,21.83,22.82,85400,0.0,0
2018-12-27,22.42,23.2,22.42,23.16,99400,0.0,0
2018-12-28,23.21,23.98,23.21,23.59,82600,0.0,0
2018-12-31,23.85,24.05,23.4,23.72,82700,0.0,0
2019-01-02,23.46,23.96,23.3,23.47,76600,0.0,0
2019-01-03,23.39,23.72,23.14,23.49,50800,0.0,0
2019-01-04,23.92,24.32,23.72,24.14,67100,0.0,0
2019-01-07,24.06,24.57,24.06,24.28,41500,0.0,0
2019-01-08,24.51,24.61,23.9,24.3,83100,0.0,0
2019-01-09,24.37,24.57,24.0,24.11,105900,0.0,0
2019-01-10,23.97,24.32,23.97,24.3,42300,0.0,0
2019-01-11,24.12,24.63,24.11,24.56,80200,0.0,0
2019-01-14,24.42,24.95,24.42,24.5,78200,0.0,0
2019-01-15,24.5,25.05,24.34,25.04,40400,0.0,0
2019-01-16,25.25,25.96,25.12,25.35,110500,0.0,0
2019-01-17,25.29,25.73,25.15,25.65,51300,0.0,0
2019-01-18,25.79,25.83,25.32,25.74,50700,0.0,0
2019-01-22,25.66,25.73,24.96,25.25,69200,0.0,0
2019-01-23,25.41,25.42,24.76,24.88,65200,0.0,0
2019-01-24,24.85,25.11,24.72,24.88,37000,0.0,0
2019-01-25,24.85,25.07,24.81,24.93,37000,0.0,0
2019-01-28,24.56,24.85,24.51,24.75,80300,0.0,0
2019-01-29,24.85,24.86,24.53,24.58,27200,0.0,0
2019-01-30,24.68,24.94,24.44,24.76,47200,0.0,0
2019-01-31,24.75,25.14,24.52,25.01,89900,0.0,0
2019-02-01,25.07,25.86,24.84,24.89,97600,0.0,0
2019-02-04,24.89,25.77,24.89,25.52,61300,0.0,0
2019-02-05,25.62,25.67,24.98,25.22,45900,0.0,0
2019-02-06,25.22,25.73,24.37,24.45,74100,0.0,0
2019-02-07,24.33,24.76,23.95,24.67,142300,0.0,0
2019-02-08,24.61,24.83,24.53,24.68,44600,0.0,0
2019-02-11,24.63,24.97,24.56,24.8,57000,0.0,0
2019-02-12,25.02,25.16,24.87,24.93,52200,0.0,0
2019-02-13,24.98,25.54,24.98,25.33,65800,0.0,0
2019-02-14,25.21,25.58,25.17,25.34,44000,0.11,0
2019-02-15,25.55,25.97,25.41,25.84,49400,0.0,0
2019-02-19,25.75,26.13,25.71,26.05,47600,0.0,0
2019-02-20,25.89,26.11,25.81,26.03,38800,0.0,0
2019-02-21,26.01,26.1,25.73,26.08,33900,0.0,0
2019-02-22,26.11,26.52,26.11,26.51,44300,0.0,0
2019-02-25,26.62,26.8,26.43,26.43,44200,0.0,0
2019-02-26,26.37,26.52,26.16,26.16,52100,0.0,0
2019-02-27,26.11,26.52,25.97,26.47,45900,0.0,0
2019-02-28,26.41,26.57,26.26,26.31,31100,0.0,0
2019-03-01,26.49,26.61,26.4,26.48,38700,0.0,0
2019-03-04,26.54,26.55,26.14,26.54,128300,0.0,0
2019-03-05,26.54,26.83,26.38,26.79,71800,0.0,0
2019-03-06,26.72,26.84,26.5,26.56,69100,0.0,0
2019-03-07,26.49,26.53,26.07,26.4,116900,0.0,0
2019-03-08,26.37,26.56,26.08,26.23,49700,0.0,0
2019-03-11,26.23,26.64,26.23,26.42,66300,0.0,0
2019-03-12,26.5,26.53,26.17,26.22,27800,0.0,0
2019-03-13,26.21,26.34,25.96,25.97,53700,0.0,0
2019-03-14,25.97,26.14,25.81,25.91,34400,0.0,0
2019-03-15,25.92,26.03,25.47,25.55,115700,0.0,0
2019-03-18,25.45,26.12,25.45,26.05,54100,0.0,0
2019-03-19,26.11,26.23,25.55,25.56,43800,0.0,0
2019-03-20,25.51,25.53,24.63,24.71,69000,0.0,0
2019-03-21,24.66,25.02,24.55,24.62,57800,0.0,0
2019-03-22,24.45,24.53,23.26,23.54,69200,0.0,0
2019-03-25,23.43,24.1,23.43,23.95,96700,0.0,0
2019-03-26,24.15,24.48,24.12,24.32,38100,0.0,0
2019-03-27,24.32,24.55,24.18,24.45,46400,0.0,0
2019-03-28,24.47,24.65,24.16,24.55,49200,0.0,0
2019-03-29,24.74,25.13,24.24,24.26,161400,0.0,0
2019-04-01,24.45,24.85,24.32,24.51,72200,0.0,0
2019-04-02,24.45,24.53,24.05,24.1,38800,0.0,0
2019-04-03,24.28,24.28,23.32,23.61,99600,0.0,0
2019-04-04,23.63,24.56,23.54,24.27,45900,0.0,0
2019-04-05,24.35,24.75,24.35,24.47,48600,0.0,0
2019-04-08,24.45,24.57,24.32,24.46,41100,0.0,0
2019-04-09,24.35,24.49,24.0,24.02,30800,0.0,0
2019-04-10,24.02,24.27,23.95,24.23,28500,0.0,0
2019-04-11,24.23,24.71,24.22,24.45,31300,0.0,0
2019-04-12,24.62,24.86,24.39,24.68,46200,0.0,0
2019-04-15,24.68,24.69,24.12,24.18,22000,0.0,0
2019-04-16,24.34,24.38,24.19,24.25,20100,0.0,0
2019-04-17,24.24,24.24,23.8,23.9,31100,0.0,0
2019-04-18,23.85,23.89,23.62,23.74,39300,0.0,0
2019-04-22,23.68,23.68,23.22,23.39,31400,0.0,0
2019-04-23,23.29,23.58,23.25,23.34,67900,0.0,0
2019-04-24,23.18,23.57,23.18,23.37,49500,0.0,0
2019-04-25,23.37,23.38,22.99,23.18,48100,0.0,0
2019-04-26,23.18,24.74,23.18,24.62,65400,0.0,0
2019-04-29,24.53,25.14,24.53,24.72,30600,0.0,0
2019-04-30,24.72,24.96,24.43,24.47,53700,0.0,0
2019-05-01,24.5,24.69,24.24,24.49,41300,0.0,0
2019-05-02,24.37,24.74,24.23,24.27,24800,0.0,0
2019-05-03,24.36,24.7,24.29,24.58,27800,0.0,0
2019-05-06,24.25,24.99,24.25,24.84,28400,0.0,0
2019-05-07,24.54,24.74,24.39,24.53,25500,0.0,0
2019-05-08,24.52,24.79,24.44,24.55,32000,0.0,0
2019-05-09,24.53,24.81,24.32,24.76,25200,0.11,0
2019-05-10,24.76,24.84,24.45,24.7,22500,0.0,0
2019-05-13,24.31,24.31,23.75,23.8,45800,0.0,0
2019-05-14,23.86,24.34,23.86,24.24,28700,0.0,0
2019-05-15,24.05,24.33,23.87,24.16,20900,0.0,0
2019-05-16,24.25,24.62,24.25,24.49,36800,0.0,0
2019-05-17,24.28,24.82,24.24,24.4,49200,0.0,0
2019-05-20,24.22,24.66,24.22,24.64,31300,0.0,0
2019-05-21,24.76,24.88,24.72,24.75,24900,0.0,0
2019-05-22,24.69,24.91,24.35,24.56,17000,0.0,0
2019-05-23,24.32,24.45,23.95,24.04,24600,0.0,0
2019-05-24,24.15,24.42,24.01,24.28,26800,0.0,0
2019-05-28,24.29,24.4,24.13,24.21,39500,0.0,0
2019-05-29,24.01,24.01,23.5,23.58,66300,0.0,0
2019-05-30,23.68,24.13,23.52,23.8,25200,0.0,0
2019-05-31,23.53,23.55,23.03,23.07,51200,0.0,0
2019-06-03,23.05,23.28,22.62,22.79,69700,0.0,0
2019-06-04,23.05,23.6,23.02,23.5,108400,0.0,0
2019-06-05,23.58,23.94,23.41,23.76,64800,0.0,0
2019-06-06,23.78,24.01,23.59,23.83,52600,0.0,0
2019-06-07,23.9,24.09,23.82,24.05,43800,0.0,0
2019-06-10,24.31,24.37,24.18,24.3,77700,0.0,0
2019-06-11,24.49,24.76,24.18,24.4,63500,0.0,0
2019-06-12,24.36,24.65,24.15,24.43,51600,0.0,0
2019-06-13,24.45,24.94,24.45,24.65,62400,0.0,0
2019-06-14,24.66,24.98,24.62,24.72,63100,0.0,0
2019-06-17,24.72,25.03,24.61,24.76,60400,0.0,0
2019-06-18,24.9,25.25,24.76,25.03,113500,0.0,0
2019-06-19,25.02,25.26,24.97,25.0,32500,0.0,0
2019-06-20,25.2,25.28,24.77,24.93,71900,0.0,0
2019-06-21,24.78,25.12,24.67,25.0,62800,0.0,0
2019-06-24,24.99,25.03,24.6,24.6,43400,0.0,0
2019-06-25,24.59,24.84,24.44,24.74,64800,0.0,0
2019-06-26,24.8,25.31,24.59,25.24,60000,0.0,0
2019-06-27,25.34,25.72,25.28,25.67,70100,0.0,0
2019-06-28,25.82,26.1,25.39,25.48,143500,0.0,0
2019-07-01,25.62,26.09,25.62,25.82,64100,0.0,0
2019-07-02,25.78,25.9,25.33,25.7,36000,0.0,0
2019-07-03,25.78,26.08,25.77,25.97,37700,0.0,0
2019-07-05,25.92,26.26,25.76,26.21,84900,0.0,0
2019-07-08,26.14,27.15,26.14,27.09,118100,0.0,0
2019-07-09,27.1,27.88,27.1,27.55,113100,0.0,0
2019-07-10,27.63,28.08,27.38,28.06,81500,0.0,0
2019-07-11,28.07,28.1,27.89,28.06,63700,0.0,0
2019-07-12,28.1,28.38,27.97,28.03,57600,0.0,0
2019-07-15,28.09,28.18,27.76,28.08,56100,0.0,0
2019-07-16,28.09,28.55,28.04,28.43,79400,0.0,0
2019-07-17,28.4,28.74,28.23,28.52,84500,0.0,0
2019-07-18,28.44,28.63,27.95,28.01,80200,0.0,0
2019-07-19,28.16,28.16,27.77,28.02,61400,0.0,0
2019-07-22,28.02,28.03,26.65,26.65,166900,0.0,0
2019-07-23,26.85,27.34,26.75,26.82,52900,0.0,0
2019-07-24,26.8,27.09,26.52,27.07,67100,0.0,0
2019-07-25,26.94,27.14,26.27,26.45,81700,0.0,0
2019-07-26,28.14,28.38,27.35,27.42,92800,0.0,0
2019-07-29,27.27,27.87,27.04,27.82,67700,0.0,0
2019-07-30,27.6,27.96,27.45,27.82,65100,0.0,0
2019-07-31,27.87,28.04,27.25,27.28,68600,0.0,0
2019-08-01,27.36,27.47,25.89,25.96,107500,0.0,0
2019-08-02,25.85,25.96,25.32,25.9,83200,0.0,0
2019-08-05,25.42,25.45,24.75,25.1,103700,0.0,0
2019-08-06,25.25,25.93,25.25,25.93,56100,0.0,0
2019-08-07,25.57,25.75,25.3,25.71,46300,0.0,0
2019-08-08,25.91,26.09,25.76,26.0,49100,0.12,0
2019-08-09,25.88,26.09,25.6,25.6,39000,0.0,0
2019-08-12,25.41,25.53,25.22,25.38,31500,0.0,0
2019-08-13,25.23,25.93,25.23,25.37,42700,0.0,0
2019-08-14,24.87,25.13,24.64,24.84,60900,0.0,0
2019-08-15,24.95,25.13,24.72,25.06,53400,0.0,0
2019-08-16,25.14,25.74,24.72,25.53,32900,0.0,0
2019-08-19,25.94,26.09,25.66,25.67,36200,0.0,0
2019-08-20,25.6,25.64,25.39,25.56,15700,0.0,0
2019-08-21,25.78,25.78,25.3,25.36,30900,0.0,0
2019-08-22,25.46,25.6,25.2,25.34,32300,0.0,0
2019-08-23,25.21,25.47,24.88,25.13,63100,0.0,0
2019-08-26,25.16,25.55,25.16,25.54,48900,0.0,0
2019-08-27,25.53,25.53,25.14,25.26,45700,0.0,0
2019-08-28,25.17,25.77,25.08,25.76,38200,0.0,0
2019-08-29,25.86,26.31,25.84,26.13,56300,0.0,0
2019-08-30,26.28,26.28,25.92,26.1,36900,0.0,0
2019-09-03,25.95,26.3,25.77,25.92,46400,0.0,0
2019-09-04,26.15,26.25,25.93,26.03,27200,0.0,0
2019-09-05,26.28,26.94,26.24,26.39,42800,0.0,0
2019-09-06,26.44,26.62,26.31,26.32,31800,0.0,0
2019-09-09,26.47,26.9,26.45,26.89,52000,0.0,0
2019-09-10,26.97,27.36,26.96,27.17,41100,0.0,0
2019-09-11,27.27,28.21,27.03,28.17,49200,0.0,0
2019-09-12,28.08,28.93,27.97,28.91,77000,0.0,0
2019-09-13,29.08,29.62,28.93,29.08,89600,0.0,0
2019-09-16,28.91,29.4,28.76,29.08,63400,0.0,0
2019-09-17,28.99,29.42,28.8,29.24,61900,0.0,0
2019-09-18,29.16,29.53,28.96,29.43,80700,0.0,0
2019-09-19,29.4,29.92,29.13,29.24,75800,0.0,0
2019-09-20,29.23,29.66,29.18,29.34,107500,0.0,0
2019-09-23,29.12,29.52,29.12,29.16,28800,0.0,0
2019-09-24,29.23,29.51,28.79,28.83,30700,0.0,0
2019-09-25,28.71,29.11,28.69,28.83,37300,0.0,0
2019-09-26,28.79,28.82,28.14,28.14,85000,0.0,0
2019-09-27,28.34,28.63,28.25,28.52,51300,0.0,0
2019-09-30,28.54,28.64,28.13,28.27,75000,0.0,0
2019-10-01,28.48,28.82,27.45,27.51,87700,0.0,0
2019-10-02,27.24,27.35,26.46,26.49,62300,0.0,0
2019-10-03,26.44,26.44,25.69,25.86,55100,0.0,0
2019-10-04,25.91,26.16,25.79,26.15,48300,0.0,0
2019-10-07,26.04,26.33,26.04,26.07,37500,0.0,0
2019-10-08,25.86,26.06,25.43,25.47,86000,0.0,0
2019-10-09,25.77,25.95,25.55,25.65,45700,0.0,0
2019-10-10,25.82,26.16,25.77,26.1,59300,0.0,0
2019-10-11,26.51,26.99,26.48,26.62,78100,0.0,0
2019-10-14,26.49,26.74,26.4,26.59,37700,0.0,0
2019-10-15,26.59,27.02,26.55,26.65,62600,0.0,0
2019-10-16,26.58,27.02,26.58,26.69,29900,0.0,0
2019-10-17,26.82,26.96,26.49,26.68,36400,0.0,0
2019-10-18,26.56,26.89,26.47,26.53,48700,0.0,0
2019-10-21,26.7,26.89,26.47,26.6,46200,0.0,0
2019-10-22,26.69,26.74,26.32,26.34,35400,0.0,0
2019-10-23,26.31,26.5,26.07,26.37,59800,0.0,0
2019-10-24,26.54,26.64,26.09,26.17,71800,0.0,0
2019-10-25,25.65,26.31,25.56,26.09,93500,0.0,0
2019-10-28,25.96,26.3,25.62,25.68,55800,0.0,0
2019-10-29,25.47,26.2,25.47,26.19,48500,0.0,0
2019-10-30,26.11,26.33,25.93,26.14,38500,0.0,0
2019-10-31,26.05,26.06,25.47,25.58,42500,0.0,0
2019-11-01,25.8,26.16,25.8,26.0,32600,0.0,0
2019-11-04,25.96,26.2,25.89,25.96,47500,0.0,0
2019-11-05,26.0,26.4,26.0,26.22,33900,0.0,0
2019-11-06,26.2,26.33,26.01,26.05,28900,0.0,0
2019-11-07,26.26,26.41,26.14,26.29,31300,0.12,0
2019-11-08,26.25,26.45,26.06,26.27,28700,0.0,0
2019-11-11,26.09,26.54,25.97,26.09,49300,0.0,0
2019-11-12,26.09,26.45,26.09,26.19,35500,0.0,0
2019-11-13,26.09,26.21,25.65,25.69,31800,0.0,0
2019-11-14,25.65,25.98,25.65,25.86,25400,0.0,0
2019-11-15,26.07,26.18,25.82,25.92,28800,0.0,0
2019-11-18,25.88,26.06,25.65,25.95,30900,0.0,0
2019-11-19,26.04,26.2,25.69,26.09,21400,0.0,0
2019-11-20,26.01,26.14,25.75,25.85,40500,0.0,0
2019-11-21,26.0,26.31,26.0,26.12,38800,0.0,0
2019-11-22,26.08,26.47,26.08,26.28,34400,0.0,0
2019-11-25,26.19,26.81,26.19,26.71,33700,0.0,0
2019-11-26,26.62,26.91,26.62,26.8,46900,0.0,0
2019-11-27,26.96,27.11,26.77,26.84,35600,0.0,0
2019-11-29,26.77,27.01,26.77,26.93,15200,0.0,0
2019-12-02,27.01,27.04,26.77,26.77,31100,0.0,0
2019-12-03,26.49,26.66,26.16,26.25,31800,0.0,0
2019-12-04,26.38,26.55,26.09,26.14,63300,0.0,0
2019-12-05,26.35,26.43,25.99,26.23,26000,0.0,0
2019-12-06,26.51,26.66,26.31,26.45,47500,0.0,0
2019-12-09,26.46,26.58,26.38,26.42,19100,0.0,0
2019-12-10,26.38,26.54,26.23,26.39,25300,0.0,0
2019-12-11,26.46,26.49,26.21,26.43,25000,0.0,0
2019-12-12,26.46,26.94,26.46,26.86,37100,0.0,0
2019-12-13,26.96,27.12,26.46,26.51,62000,0.0,0
2019-12-16,26.6,26.83,26.44,26.52,47800,0.0,0
2019-12-17,26.6,26.72,26.13,26.21,77700,0.0,0
2019-12-18,26.34,26.47,26.21,26.37,29400,0.0,0
2019-12-19,26.41,26.45,26.12,26.43,28200,0.0,0
2019-12-20,26.5,26.87,26.08,26.26,55600,0.0,0
2019-12-23,26.29,26.43,26.09,26.31,39500,0.0,0
2019-12-24,26.32,26.46,26.32,26.35,4300,0.0,0
2019-12-26,26.43,26.45,26.07,26.37,42800,0.0,0
2019-12-27,26.38,26.43,26.16,26.29,21800,0.0,0
2019-12-30,26.26,26.44,26.07,26.1,43000,0.0,0
2019-12-31,26.07,26.31,25.91,25.95,121600,0.0,0
2020-01-02,26.11,26.63,25.92,26.61,57500,0.0,0
2020-01-03,26.34,26.92,26.33,26.8,46600,0.0,0
2020-01-06,26.62,26.91,26.38,26.77,33400,0.0,0
2020-01-07,26.69,26.86,26.6,26.66,26100,0.0,0
2020-01-08,26.75,26.75,26.51,26.62,28900,0.0,0
2020-01-09,26.67,26.7,26.33,26.33,38800,0.0,0
2020-01-10,26.36,26.45,25.98,26.01,46700,0.0,0
2020-01-13,26.03,26.1,25.75,26.03,47900,0.0,0
2020-01-14,25.97,26.12,25.64,25.64,47200,0.0,0
2020-01-15,25.59,25.87,25.32,25.43,47200,0.0,0
2020-01-16,25.47,26.03,25.47,25.94,38900,0.0,0
2020-01-17,26.08,26.39,25.94,26.24,39600,0.0,0
2020-01-21,26.11,26.15,25.74,25.81,31000,0.0,0
2020-01-22,25.86,25.92,25.63,25.67,25000,0.0,0
2020-01-23,25.58,25.7,25.31,25.47,21900,0.0,0
2020-01-24,25.5,25.57,24.8,25.01,45400,0.0,0
2020-01-27,24.56,24.89,24.24,24.37,39800,0.0,0
2020-01-28,24.56,24.79,24.52,24.56,47500,0.0,0
2020-01-29,24.61,24.85,24.46,24.69,32500,0.0,0
2020-01-30,24.41,24.74,24.24,24.63,46500,0.0,0
2020-01-31,25.07,26.83,24.8,26.02,88500,0.0,0
2020-02-03,26.15,26.42,25.41,25.51,41800,0.0,0
2020-02-04,25.81,26.02,25.61,25.88,46300,0.0,0
2020-02-05,26.19,26.45,25.86,26.4,60300,0.0,0
2020-02-06,26.44,26.81,26.33,26.33,52000,0.0,0
2020-02-07,26.2,26.65,26.2,26.39,37200,0.0,0
2020-02-10,26.35,26.4,26.16,26.24,29400,0.0,0
2020-02-11,26.3,26.42,25.92,25.96,27900,0.0,0
2020-02-12,26.15,26.15,25.65,25.73,30800,0.0,0
2020-02-13,25.66,25.79,25.56,25.65,15100,0.12,0
2020-02-14,25.65,25.78,25.4,25.52,62600,0.0,0
2020-02-18,25.42,25.81,25.42,25.5,19200,0.0,0
2020-02-19,25.56,25.95,25.56,25.87,26200,0.0,0
2020-02-20,25.81,26.55,25.81,26.26,50400,0.0,0
2020-02-21,26.27,26.27,25.92,26.09,30700,0.0,0
2020-02-24,25.52,25.78,25.42,25.51,42700,0.0,0
2020-02-25,25.56,25.61,24.27,24.3,58300,0.0,0
2020-02-26,24.43,24.9,23.97,24.14,53300,0.0,0
2020-02-27,23.72,24.07,22.79,23.07,75400,0.0,0
2020-02-28,22.56,22.9,22.13,22.51,77800,0.0,0
2020-03-02,22.66,23.3,22.37,23.29,65500,0.0,0
2020-03-03,23.25,23.7,22.54,22.69,68400,0.0,0
2020-03-04,23.23,23.23,22.64,23.15,50000,0.0,0
2020-03-05,22.77,22.77,21.82,21.99,60300,0.0,0
2020-03-06,21.33,22.07,21.32,21.54,98200,0.0,0
2020-03-09,20.69,20.9,19.03,19.42,108400,0.0,0
2020-03-10,20.01,20.37,19.57,20.15,97600,0.0,0
2020-03-11,19.59,19.82,18.42,18.66,120600,0.0,0
2020-03-12,17.5,17.73,16.03,16.04,97900,0.0,0
2020-03-13,16.52,19.11,16.52,19.11,130400,0.0,0
2020-03-16,18.18,18.31,15.92,16.07,128700,0.0,0
2020-03-17,16.54,18.03,16.01,17.74,128200,0.0,0
2020-03-18,17.26,17.45,14.1,14.12,115700,0.0,0
2020-03-19,13.92,16.0,13.48,15.7,147200,0.0,0
2020-03-20,15.81,16.64,14.95,15.18,202900,0.0,0
2020-03-23,14.97,15.51,14.45,15.0,80900,0.0,0
2020-03-24,15.47,17.63,15.38,17.41,113400,0.0,0
2020-03-25,17.5,18.77,17.34,17.63,139200,0.0,0
2020-03-26,17.84,19.21,17.74,18.09,92800,0.0,0
2020-03-27,17.3,19.18,17.13,18.81,108500,0.0,0
2020-03-30,19.02,19.36,18.63,18.95,74400,0.0,0
2020-03-31,18.76,19.38,18.3,18.74,116400,0.0,0
2020-04-01,18.0,18.71,17.02,17.1,86900,0.0,0
2020-04-02,16.96,18.18,16.96,17.73,110800,0.0,0
2020-04-03,17.44,17.87,16.11,16.32,65300,0.0,0
2020-04-06,17.18,18.02,17.18,17.93,84700,0.0,0
2020-04-07,18.97,19.3,17.86,17.99,75800,0.0,0
2020-04-08,18.26,18.9,18.12,18.54,69000,0.0,0
2020-04-09,18.95,19.69,18.86,19.4,107100,0.0,0
2020-04-13,19.25,19.35,18.43,19.06,44700,0.0,0
2020-04-14,19.11,19.38,18.52,18.77,68000,0.0,0
2020-04-15,18.23,18.25,17.45,17.86,86500,0.0,0
2020-04-16,17.65,18.01,17.19,17.45,101300,0.0,0
2020-04-17,18.02,18.74,18.01,18.64,105800,0.0,0
2020-04-20,18.58,18.86,17.87,18.1,74600,0.0,0
2020-04-21,17.61,18.1,17.56,17.68,52100,0.0,0
2020-04-22,18.19,18.19,17.65,17.68,46800,0.0,0
2020-04-23,17.8,18.23,17.76,17.88,54200,0.0,0
2020-04-24,17.84,18.37,17.84,18.31,52100,0.0,0
2020-04-27,18.23,19.35,18.23,19.22,58400,0.0,0
2020-04-28,19.4,20.18,19.4,20.0,88400,0.0,0
2020-04-29,20.79,21.1,20.39,20.4,100100,0.0,0
2020-04-30,19.89,20.26,19.46,19.52,66000,0.0,0
2020-05-01,19.45,20.74,19.45,20.05,114000,0.0,0
2020-05-04,19.66,20.08,18.0,18.34,143400,0.0,0
2020-05-05,18.34,18.76,17.28,17.32,109400,0.0,0
2020-05-06,17.38,17.66,16.98,17.29,86500,0.0,0
2020-05-07,17.29,18.37,17.29,17.87,144700,0.0,0
2020-05-08,18.25,18.97,18.24,18.87,74000,0.0,0
2020-05-11,18.58,18.92,18.07,18.63,90900,0.0,0
2020-05-12,18.67,18.92,17.84,17.84,103700,0.0,0
2020-05-13,17.74,17.83,16.75,16.82,93500,0.0,0
2020-05-14,16.52,17.41,15.97,17.29,108500,0.12,0
2020-05-15,17.24,18.62,17.15,18.62,139700,0.0,0
2020-05-18,19.38,20.05,19.35,19.98,138200,0.0,0
2020-05-19,19.85,20.24,19.31,19.61,81900,0.0,0
2020-05-20,20.0,20.34,19.84,19.91,101900,0.0,0
2020-05-21,19.92,20.32,19.56,19.64,49500,0.0,0
2020-05-22,19.74,19.74,19.21,19.39,47700,0.0,0
2020-05-26,20.18,20.53,20.07,20.13,93700,0.0,0
2020-05-27,20.53,21.0,20.37,20.6,107500,0.0,0
2020-05-28,21.04,21.04,20.31,20.38,82500,0.0,0
2020-05-29,20.08,20.46,19.96,20.23,65900,0.0,0
2020-06-01,20.42,21.03,20.33,20.5,68700,0.0,0
2020-06-02,20.58,21.0,20.31,20.52,52300,0.0,0
2020-06-03,20.81,21.27,20.69,20.91,78400,0.0,0
2020-06-04,20.64,21.49,20.64,21.45,98500,0.0,0
2020-06-05,21.97,22.83,21.97,22.39,170400,0.0,0
2020-06-08,22.99,23.82,22.97,23.32,122400,0.0,0
2020-06-09,22.97,22.97,22.13,22.56,87200,0.0,0
2020-06-10,22.32,22.62,21.4,21.46,101900,0.0,0
2020-06-11,20.46,20.74,19.94,19.99,112000,0.0,0
2020-06-12,20.83,20.97,20.16,20.64,117300,0.0,0
2020-06-15,19.93,20.76,19.93,20.52,74900,0.0,0
2020-06-16,21.01,21.22,20.28,20.59,110200,0.0,0
2020-06-17,20.73,20.88,20.25,20.27,82800,0.0,0
2020-06-18,20.02,20.44,19.47,19.53,87900,0.0,0
2020-06-19,19.73,20.31,18.98,19.11,97800,0.0,0
2020-06-22,19.1,19.25,18.68,19.1,71900,0.0,0
2020-06-23,19.54,19.76,19.35,19.56,71600,0.0,0
2020-06-24,19.18,19.43,18.83,18.85,78300,0.0,0
2020-06-25,18.74,19.03,18.65,19.03,94900,0.0,0
2020-06-26,18.74,19.03,18.34,18.5,154700,0.0,0
2020-06-29,18.69,19.84,18.69,19.54,105200,0.0,0
2020-06-30,19.4,21.01,19.4,20.81,175400,0.0,0
2020-07-01,20.95,21.22,20.44,20.48,114400,0.0,0
2020-07-02,20.99,21.19,20.77,20.86,138500,0.0,0
2020-07-06,21.39,21.74,21.18,21.64,219500,0.0,0
2020-07-07,21.37,21.52,20.75,20.77,139700,0.0,0
2020-07-08,20.72,21.26,20.07,20.3,110000,0.0,0
2020-07-09,20.3,20.3,19.36,19.46,69100,0.0,0
2020-07-10,19.43,20.36,19.38,20.33,76200,0.0,0
2020-07-13,20.53,21.21,20.52,20.94,117900,0.0,0
2020-07-14,20.94,21.45,20.82,21.22,86300,0.0,0
2020-07-15,21.81,22.22,21.52,21.72,155800,0.0,0
2020-07-16,21.51,22.44,21.06,21.21,113200,0.0,0
2020-07-17,21.3,21.38,20.95,21.04,151000,0.0,0
2020-07-20,20.94,20.94,20.28,20.62,60100,0.0,0
2020-07-21,20.71,21.0,20.58,20.99,156500,0.0,0
2020-07-22,20.95,21.14,20.52,20.63,83800,0.0,0
2020-07-23,20.52,21.2,20.52,21.06,93100,0.0,0
2020-07-24,21.15,21.39,20.45,20.49,60000,0.0,0
2020-07-27,20.73,20.75,20.31,20.53,134000,0.0,0
2020-07-28,20.32,20.51,19.42,19.42,63600,0.0,0
2020-07-29,19.48,19.78,19.34,19.67,77200,0.0,0
2020-07-30,19.9,20.65,19.69,20.29,75600,0.0,0
2020-07-31,19.9,20.59,19.9,20.24,80400,0.0,0
2020-08-03,20.43,20.89,20.3,20.83,63400,0.0,0
2020-08-04,20.75,21.46,20.75,21.36,75900,0.0,0
2020-08-05,21.57,22.65,21.54,22.55,144400,0.0,0
2020-08-06,22.49,22.74,22.29,22.43,126500,0.0,0
2020-08-07,22.29,22.94,22.29,22.73,111100,0.0,0
2020-08-10,22.9,23.98,22.81,23.72,118700,0.0,0
2020-08-11,24.09,24.89,24.04,24.15,151200,0.0,0
2020-08-12,24.53,24.57,24.3,24.47,84500,0.12,0
2020-08-13,24.53,24.66,24.18,24.19,95800,0.0,0
2020-08-14,23.96,24.63,23.67,24.57,128300,0.0,0
2020-08-17,24.65,24.68,24.06,24.14,136900,0.0,0
2020-08-18,24.09,24.44,23.65,24.39,144200,0.0,0
2020-08-19,24.48,25.32,24.47,24.99,214600,0.0,0
2020-08-20,25.02,25.23,24.6,24.79,97900,0.0,0
2020-08-21,24.65,24.95,23.89,24.1,86400,0.0,0
2020-08-24,24.36,24.61,24.11,24.47,132600,0.0,0
2020-08-25,24.73,24.9,24.2,24.43,74700,0.0,0
2020-08-26,24.53,24.54,24.04,24.04,64600,0.0,0
2020-08-27,23.84,24.51,23.84,24.04,104800,0.0,0
2020-08-28,24.11,24.26,23.87,24.09,87900,0.0,0
2020-08-31,23.99,24.03,23.44,23.44,90500,0.0,0
2020-09-01,23.3,23.83,23.04,23.6,81900,0.0,0
2020-09-02,23.59,24.62,23.59,24.45,138100,0.0,0
2020-09-03,24.57,25.71,24.34,25.06,374000,0.0,0
2020-09-04,25.51,25.65,24.74,24.77,244100,0.0,0
2020-09-08,24.63,24.77,23.32,23.34,231900,0.0,0
2020-09-09,23.43,23.55,23.08,23.13,118500,0.0,0
2020-09-10,23.35,23.54,22.92,22.94,104600,0.0,0
2020-09-11,23.06,23.08,22.48,22.56,94400,0.0,0
2020-09-14,22.71,23.01,22.2,22.68,82700,0.0,0
2020-09-15,22.71,22.81,21.95,22.21,263200,0.0,0
2020-09-16,22.38,23.47,22.27,23.04,280900,0.0,0
2020-09-17,22.73,23.31,22.67,22.71,134600,0.0,0
2020-09-18,22.77,22.95,21.98,22.22,176200,0.0,0
2020-09-21,21.75,21.79,20.57,20.62,165300,0.0,0
2020-09-22,20.6,21.08,20.51,20.9,138400,0.0,0
2020-09-23,20.91,21.11,20.3,20.32,96200,0.0,0
2020-09-24,20.36,21.04,20.2,20.73,114200,0.0,0
2020-09-25,20.54,21.2,20.54,21.06,78600,0.0,0
2020-09-28,21.39,21.69,21.32,21.34,112100,0.0,0
2020-09-29,21.37,21.46,21.03,21.41,91600,0.0,0
2020-09-30,21.4,22.07,21.32,21.42,167700,0.0,0
2020-10-01,21.41,21.74,21.29,21.39,70200,0.0,0
2020-10-02,21.01,21.75,21.01,21.54,50900,0.0,0
2020-10-05,21.69,22.11,21.69,21.91,145700,0.0,0
2020-10-06,22.21,22.91,22.07,22.36,238500,0.0,0
2020-10-07,22.66,23.52,22.59,23.37,276400,0.0,0
2020-10-08,23.58,23.94,23.2,23.56,250000,0.0,0
2020-10-09,23.79,23.98,23.44,23.61,114000,0.0,0
2020-10-12,23.69,24.81,23.69,24.73,241200,0.0,0
2020-10-13,24.53,24.88,24.22,24.22,72300,0.0,0
2020-10-14,24.46,24.56,23.99,24.02,53300,0.0,0
2020-10-15,23.91,24.6,23.81,24.41,53200,0.0,0
2020-10-16,24.37,24.65,24.29,24.42,39800,0.0,0
2020-10-19,24.48,24.68,23.96,24.0,25500,0.0,0
2020-10-20,24.2,24.58,24.01,24.11,73800,0.0,0
2020-10-21,24.06,24.31,23.95,24.13,34900,0.0,0
2020-10-22,24.15,24.73,24.02,24.59,141100,0.0,0
2020-10-23,24.84,25.53,24.64,25.27,184000,0.0,0
2020-10-26,25.02,25.8,25.01,25.74,152100,0.0,0
2020-10-27,25.73,26.27,25.71,26.05,188200,0.0,0
2020-10-28,25.49,25.83,25.01,25.4,115800,0.0,0
2020-10-29,25.49,26.09,24.87,25.06,129100,0.0,0
2020-10-30,24.88,24.95,23.45,24.05,76900,0.0,0
2020-11-02,24.35,24.49,24.09,24.18,66400,0.0,0
2020-11-03,24.64,24.96,24.5,24.7,80100,0.0,0
2020-11-04,24.17,24.88,23.75,24.53,83100,0.0,0
2020-11-05,24.58,25.09,24.58,24.88,66100,0.0,0
2020-11-06,24.79,25.02,24.3,24.43,56300,0.0,0
2020-11-09,25.69,26.87,25.67,25.96,154200,0.0,0
2020-11-10,26.2,27.01,26.03,26.84,92200,0.12,0
2020-11-11,26.99,26.99,26.36,26.76,81300,0.0,0
2020-11-12,26.52,26.88,26.42,26.73,70000,0.0,0
2020-11-13,26.84,27.47,26.84,27.18,116200,0.0,0
2020-11-16,27.68,28.44,27.62,28.44,106800,0.0,0
2020-11-17,28.3,28.9,28.18,28.76,73600,0.0,0
2020-11-18,28.87,28.92,27.85,27.87,101300,0.0,0
2020-11-19,27.81,28.14,27.53,28.1,53500,0.0,0
2020-11-20,27.91,28.18,27.76,28.11,58500,0.0,0
2020-11-23,28.48,28.87,28.16,28.25,101300,0.0,0
2020-11-24,28.63,29.23,28.48,29.23,127100,0.0,0
2020-11-25,29.07,29.24,28.38,28.57,88200,0.0,0
2020-11-27,28.48,29.01,28.34,28.96,65800,0.0,0
2020-11-30,28.67,28.93,28.4,28.43,86800,0.0,0
2020-12-01,28.91,29.68,28.88,29.62,96700,0.0,0
2020-12-02,29.45,29.97,29.11,29.24,83000,0.0,0
2020-12-03,29.64,29.98,29.35,29.51,100000,0.0,0
2020-12-04,29.64,30.27,29.64,29.91,77600,0.0,0
2020-12-07,29.88,29.91,29.25,29.53,64500,0.0,0
2020-12-08,29.29,30.0,29.21,29.52,80800,0.0,0
2020-12-09,29.78,29.98,29.3,29.42,62900,0.0,0
2020-12-10,29.68,30.39,29.68,30.35,108500,0.0,0
2020-12-11,30.39,30.59,29.82,30.11,43900,0.0,0
2020-12-14,30.42,30.78,30.03,30.22,115300,0.0,0
2020-12-15,30.55,31.15,29.88,31.03,196100,0.0,0
2020-12-16,31.07,31.34,30.75,31.17,105100,0.0,0
2020-12-17,31.23,32.11,30.93,32.01,101200,0.0,0
2020-12-18,32.15,32.34,31.75,31.75,157700,0.0,0
2020-12-21,31.26,32.04,30.85,31.58,183800,0.0,0
2020-12-22,31.63,31.64,31.14,31.25,91300,1.0,0
2020-12-23,31.32,31.81,31.16,31.21,68200,0.0,0
2020-12-24,31.3,31.67,30.98,31.54,26900,0.0,0
2020-12-28,31.73,32.05,31.34,31.34,111600,0.0,0
2020-12-29,31.37,31.37,30.93,31.13,80000,0.0,0
2020-12-30,31.25,31.57,30.91,31.23,78600,0.0,0
2020-12-31,31.28,31.49,30.95,31.25,76400,0.0,0
2021-01-04,31.4,31.41,30.89,31.23,128500,0.0,0
2021-01-05,31.07,31.78,31.07,31.19,97500,0.0,0
2021-01-06,31.81,32.54,31.66,32.01,126500,0.0,0
2021-01-07,32.24,32.81,31.9,31.9,94300,0.0,0
2021-01-08,32.11,32.46,31.69,31.88,135200,0.0,0
2021-01-11,31.62,32.35,31.43,31.98,99100,0.0,0
2021-01-12,32.24,32.31,31.91,32.06,63600,0.0,0
2021-01-13,32.08,32.42,31.92,32.15,57800,0.0,0
2021-01-14,32.05,32.46,31.91,32.01,87600,0.0,0
2021-01-15,31.82,32.62,31.69,32.39,78100,0.0,0
2021-01-19,32.73,32.73,31.87,32.44,113600,0.0,0
2021-01-20,32.51,32.6,31.92,32.26,111000,0.0,0
2021-01-21,32.06,32.58,31.95,32.24,117100,0.0,0
2021-01-22,31.83,32.26,31.54,32.19,129400,0.0,0
2021-01-25,31.99,32.21,31.52,31.79,106400,0.0,0
2021-01-26,31.94,31.94,31.55,31.6,73300,0.0,0
2021-01-27,31.53,31.53,30.08,30.1,122300,0.0,0
2021-01-28,30.29,30.74,29.82,30.47,96300,0.0,0
2021-01-29,31.88,35.3,31.88,34.47,447100,0.0,0
2021-02-01,35.12,36.81,34.99,36.67,321700,0.0,0
2021-02-02,37.09,37.45,35.99,36.64,157400,0.0,0
2021-02-03,36.6,36.96,35.68,35.76,123500,0.0,0
2021-02-04,36.14,36.48,35.3,36.32,148000,0.0,0
2021-02-05,36.74,37.57,36.56,37.33,180500,0.0,0
2021-02-08,37.48,37.79,36.6,37.63,159300,0.0,0
2021-02-09,37.6,37.77,36.91,37.18,102200,0.0,0
2021-02-10,37.3,37.63,36.81,37.02,60700,0.0,0
2021-02-11,37.14,37.22,36.17,36.73,42900,0.12,0
2021-02-12,36.79,37.11,36.62,37.01,64800,0.0,0
2021-02-16,37.19,37.61,36.92,37.24,64100,0.0,0
2021-02-17,37.09,37.74,36.77,36.93,92000,0.0,0
2021-02-18,36.72,37.34,36.49,36.86,75500,0.0,0
2021-02-19,36.98,37.57,36.6,36.86,79000,0.0,0
2021-02-22,36.85,37.95,36.85,37.54,136400,0.0,0
2021-02-23,36.92,37.54,36.48,36.95,130200,0.0,0
2021-02-24,37.12,38.15,36.86,37.7,178200,0.0,0
2021-02-25,37.8,39.55,37.74,38.19,304000,0.0,0
2021-02-26,38.15,38.38,37.22,37.8,134400,0.0,0
2021-03-01,38.39,40.35,38.19,40.13,257900,0.0,0
2021-03-02,40.74,40.74,39.27,39.34,142500,0.0,0
2021-03-03,39.37,40.7,39.37,39.42,114000,0.0,0
2021-03-04,39.69,39.92,38.38,38.75,123400,0.0,0
2021-03-05,39.15,39.89,38.29,39.45,97100,0.0,0
2021-03-08,39.66,41.6,39.66,41.12,125800,0.0,0
2021-03-09,41.35,42.37,40.48,41.6,149400,0.0,0
2021-03-10,41.81,43.02,41.69,42.8,164600,0.0,0
2021-03-11,43.05,43.29,42.37,42.85,88000,0.0,0
2021-03-12,43.28,43.78,42.67,43.08,73500,0.0,0
2021-03-15,43.14,43.71,42.24,42.8,88600,0.0,0
2021-03-16,42.61,42.86,42.0,42.39,79600,0.0,0
2021-03-17,42.26,42.64,41.9,42.13,117600,0.0,0
2021-03-18,42.19,44.27,42.19,43.18,153200,0.0,0
2021-03-19,43.3,44.13,42.11,42.12,274200,0.0,0
2021-03-22,41.79,42.44,39.67,40.98,185800,0.0,0
2021-03-23,40.9,41.65,40.35,40.42,154500,0.0,0
2021-03-24,40.86,41.49,39.35,39.49,145100,0.0,0
2021-03-25,39.49,39.94,38.71,39.83,152000,0.0,0
2021-03-26,40.04,40.62,39.56,40.02,110800,0.0,0
2021-03-29,39.62,40.19,39.14,39.27,151000,0.0,0
2021-03-30,39.47,40.47,39.44,40.18,95900,0.0,0
2021-03-31,40.34,40.68,39.92,39.95,135300,0.0,0
2021-04-01,39.81,40.9,39.66,40.74,87900,0.0,0
2021-04-05,41.18,41.87,40.85,41.45,130600,0.0,0
2021-04-06,41.55,42.69,41.55,42.18,108800,0.0,0
2021-04-07,42.25,42.67,41.81,42.08,66800,0.0,0
2021-04-08,42.2,42.2,41.44,41.76,49500,0.0,0
2021-04-09,41.99,42.39,41.89,42.28,56400,0.0,0
2021-04-12,42.37,43.21,42.3,42.79,64400,0.0,0
2021-04-13,42.79,43.89,42.28,43.67,125800,0.0,0
2021-04-14,43.28,44.84,42.99,43.99,105000,0.0,0
2021-04-15,44.22,44.73,43.91,44.37,70800,0.0,0
2021-04-16,44.64,45.11,43.98,44.55,127900,0.0,0
2021-04-19,44.27,45.33,44.27,45.08,155300,0.0,0
2021-04-20,45.02,45.68,43.93,44.18,112300,0.0,0
2021-04-21,44.31,45.47,44.31,45.33,80200,0.0,0
2021-04-22,45.55,46.06,44.93,44.94,110600,0.0,0
2021-04-23,45.03,47.56,45.03,47.29,114200,0.0,0
2021-04-26,47.81,48.21,46.72,46.84,94200,0.0,0
2021-04-27,46.86,47.58,46.38,47.13,141900,0.0,0
2021-04-28,47.24,47.4,46.79,47.24,81300,0.0,0
2021-04-29,47.59,47.78,47.09,47.4,66300,0.0,0
2021-04-30,47.97,51.49,47.97,51.04,189900,0.0,0
2021-05-03,52.02,52.32,50.38,50.62,142100,0.0,0
2021-05-04,50.48,50.9,48.65,48.87,191400,0.0,0
2021-05-05,49.33,50.35,49.33,50.21,52300,0.0,0
2021-05-06,50.29,50.89,49.58,50.01,99700,0.0,0
2021-05-07,49.61,51.09,49.33,50.82,74700,0.0,0
2021-05-10,50.82,52.24,50.79,50.87,98300,0.0,0
2021-05-11,50.25,50.87,49.46,49.97,130100,0.0,0
2021-05-12,49.84,50.85,47.07,47.42,159200,0.0,0
2021-05-13,47.21,48.39,47.21,48.22,72100,0.12,0
2021-05-14,48.58,48.96,48.28,48.87,56500,0.0,0
2021-05-17,48.75,49.83,48.35,49.47,64400,0.0,0
2021-05-18,49.51,49.86,48.14,48.25,75400,0.0,0
2021-05-19,47.78,47.9,45.84,47.57,145600,0.0,0
2021-05-20,47.58,47.77,46.83,47.68,114000,0.0,0
2021-05-21,47.85,48.59,47.47,47.94,77900,0.0,0
